Match ID,Bowler,runs_conceded,balls_bowled,wickets,overs_bowled,economy
335982,AA Noffke,35,24,1,4.0,8.75
335982,AB Agarkar,21,24,3,4.0,5.25
335982,AB Dinda,7,18,2,3.0,2.33
335982,CL White,22,6,0,1.0,22.0
335982,I Sharma,6,18,1,3.0,2.0
335982,JH Kallis,47,24,1,4.0,11.75
335982,LR Shukla,9,7,1,1.1666666666666667,7.71
335982,P Kumar,37,24,0,4.0,9.25
335982,SB Joshi,26,18,0,3.0,8.67
335982,SC Ganguly,20,24,3,4.0,5.0
335982,Z Khan,38,24,1,4.0,9.5
335983,B Lee,30,24,1,4.0,7.5
335983,IK Pathan,47,24,2,4.0,11.75
335983,JDP Oram,37,24,0,4.0,9.25
335983,JR Hopes,53,24,1,4.0,13.25
335983,Joginder Sharma,46,24,1,4.0,11.5
335983,K Goel,25,12,0,2.0,12.5
335983,M Muralitharan,31,24,1,4.0,7.75
335983,MS Gony,40,24,1,4.0,10.0
335983,P Amarnath,42,24,1,4.0,10.5
335983,PP Chawla,19,6,0,1.0,19.0
335983,S Sreesanth,34,18,0,3.0,11.33
335983,WA Mota,22,12,1,2.0,11.0
335984,B Geeves,41,24,1,4.0,10.25
335984,D Salunkhe,6,6,0,1.0,6.0
335984,DL Vettori,35,24,1,4.0,8.75
335984,GD McGrath,20,24,1,4.0,5.0
335984,MF Maharoof,11,24,2,4.0,2.75
335984,MM Patel,25,18,0,3.0,8.33
335984,R Bhatia,15,24,3,4.0,3.75
335984,SK Trivedi,29,18,0,3.0,9.67
335984,SK Warne,16,12,0,2.0,8.0
335984,SR Watson,30,24,1,4.0,7.5
335984,YK Pathan,16,13,0,2.1666666666666665,7.38
335985,A Nehra,43,24,1,4.0,10.75
335985,AM Nayar,10,6,0,1.0,10.0
335985,B Akhil,17,18,2,3.0,5.67
335985,DS Kulkarni,17,16,1,2.6666666666666665,6.38
335985,Harbhajan Singh,35,24,2,4.0,8.75
335985,JH Kallis,41,18,0,3.0,13.67
335985,P Kumar,28,24,1,4.0,7.0
335985,R Vinay Kumar,41,24,0,4.0,10.25
335985,SB Joshi,10,12,0,2.0,5.0
335985,SM Pollock,17,24,0,4.0,4.25
335985,ST Jayasuriya,39,24,1,4.0,9.75
335985,Z Khan,17,24,4,4.0,4.25
335986,A Symonds,13,12,0,2.0,6.5
335986,AB Agarkar,19,12,2,2.0,9.5
335986,AB Dinda,17,18,1,3.0,5.67
335986,DJ Hussey,34,18,1,3.0,11.33
335986,I Sharma,6,18,1,3.0,2.0
335986,M Kartik,17,22,4,3.6666666666666665,4.64
335986,Mohammad Hafeez,7,24,1,4.0,1.75
335986,PP Ojha,16,24,2,4.0,4.0
335986,RP Singh,15,18,1,3.0,5.0
335986,SB Bangar,13,18,0,3.0,4.33
335986,SB Styris,18,24,0,4.0,4.5
335986,WPUJC Vaas,9,18,2,3.0,3.0
335987,B Lee,32,24,1,4.0,8.0
335987,D Salunkhe,19,11,1,1.8333333333333335,10.36
335987,IK Pathan,19,24,1,4.0,4.75
335987,JR Hopes,32,24,1,4.0,8.0
335987,MM Patel,36,24,2,4.0,9.0
335987,PP Chawla,27,12,0,2.0,13.5
335987,Pankaj Singh,12,6,0,1.0,12.0
335987,S Sreesanth,29,19,1,3.1666666666666665,9.16
335987,SK Trivedi,25,24,2,4.0,6.25
335987,SK Warne,19,24,3,4.0,4.75
335987,SR Watson,37,24,0,4.0,9.25
335987,WA Mota,12,6,0,1.0,12.0
335987,YK Pathan,13,6,0,1.0,13.0
335988,A Symonds,35,12,0,2.0,17.5
335988,GD McGrath,22,24,0,4.0,5.5
335988,MF Maharoof,35,24,2,4.0,8.75
335988,Mohammad Asif,19,24,2,4.0,4.75
335988,PP Ojha,3,6,0,1.0,3.0
335988,R Bhatia,27,24,3,4.0,6.75
335988,RP Singh,26,18,1,3.0,8.67
335988,SB Bangar,29,12,0,2.0,14.5
335988,Shahid Afridi,17,12,0,2.0,8.5
335988,VY Mahesh,28,24,1,4.0,7.0
335988,WPUJC Vaas,21,18,0,3.0,7.0
335989,A Nehra,28,24,2,4.0,7.0
335989,AM Nayar,14,6,0,1.0,14.0
335989,DJ Bravo,35,18,0,3.0,11.67
335989,DS Kulkarni,23,18,1,3.0,7.67
335989,Harbhajan Singh,14,12,0,2.0,7.0
335989,JDP Oram,51,24,1,4.0,12.75
335989,Joginder Sharma,27,24,2,4.0,6.75
335989,M Muralitharan,36,24,2,4.0,9.0
335989,MA Khote,29,18,2,3.0,9.67
335989,MS Gony,16,24,1,4.0,4.0
335989,P Amarnath,57,24,1,4.0,14.25
335989,SM Pollock,31,18,0,3.0,10.33
335989,VS Yeligati,11,6,0,1.0,11.0
335990,A Symonds,46,17,0,2.8333333333333335,16.24
335990,D Kalyankrishna,30,18,1,3.0,10.0
335990,D Salunkhe,9,6,0,1.0,9.0
335990,MM Patel,53,24,0,4.0,13.25
335990,PP Ojha,23,12,0,2.0,11.5
335990,Pankaj Singh,14,12,0,2.0,7.0
335990,RP Singh,41,24,2,4.0,10.25
335990,SK Trivedi,36,18,0,3.0,12.0
335990,SK Warne,46,24,2,4.0,11.5
335990,SR Watson,30,24,1,4.0,7.5
335990,Shahid Afridi,27,24,3,4.0,6.75
335990,WPUJC Vaas,42,24,1,4.0,10.5
335990,YK Pathan,20,12,2,2.0,10.0
335991,A Nehra,22,18,2,3.0,7.33
335991,B Lee,9,24,2,4.0,2.25
335991,DJ Bravo,27,18,0,3.0,9.0
335991,DS Kulkarni,35,24,3,4.0,8.75
335991,Harbhajan Singh,30,24,4,4.0,7.5
335991,IK Pathan,17,24,2,4.0,4.25
335991,MA Khote,22,12,0,2.0,11.0
335991,PP Chawla,15,24,2,4.0,3.75
335991,S Sreesanth,27,24,2,4.0,6.75
335991,SM Pollock,39,24,1,4.0,9.75
335991,VRV Singh,39,24,1,4.0,9.75
335992,A Kumble,21,24,0,4.0,5.25
335992,JH Kallis,7,6,0,1.0,7.0
335992,MM Patel,20,18,2,3.0,6.67
335992,P Kumar,42,18,1,3.0,14.0
335992,R Vinay Kumar,14,12,0,2.0,7.0
335992,SB Joshi,27,19,1,3.1666666666666665,8.53
335992,SK Trivedi,27,24,1,4.0,6.75
335992,SK Warne,23,24,2,4.0,5.75
335992,SR Watson,18,24,3,4.0,4.5
335992,Sohail Tanvir,30,24,0,4.0,7.5
335992,YK Pathan,10,6,0,1.0,10.0
335992,Z Khan,24,24,1,4.0,6.0
335993,AB Agarkar,19,18,1,3.0,6.33
335993,AB Dinda,19,18,0,3.0,6.33
335993,DJ Hussey,10,6,0,1.0,10.0
335993,I Sharma,19,18,0,3.0,6.33
335993,JDP Oram,32,24,3,4.0,8.0
335993,Joginder Sharma,30,24,2,4.0,7.5
335993,LR Shukla,18,12,0,2.0,9.0
335993,M Kartik,33,18,0,3.0,11.0
335993,M Muralitharan,9,24,0,4.0,2.25
335993,MS Gony,39,24,2,4.0,9.75
335993,Mohammad Hafeez,15,12,0,2.0,7.5
335993,P Amarnath,29,24,2,4.0,7.25
335994,A Nehra,19,12,0,2.0,9.5
335994,AM Nayar,21,6,0,1.0,21.0
335994,D Kalyankrishna,23,12,0,2.0,11.5
335994,DJ Bravo,29,13,0,2.1666666666666665,13.38
335994,DNT Zoysa,27,24,1,4.0,6.75
335994,DS Kulkarni,8,6,0,1.0,8.0
335994,PP Ojha,14,12,0,2.0,7.0
335994,RP Singh,13,24,2,4.0,3.25
335994,SB Bangar,34,24,2,4.0,8.5
335994,SD Chitnis,19,12,0,2.0,9.5
335994,SM Pollock,33,12,0,2.0,16.5
335994,ST Jayasuriya,17,12,0,2.0,8.5
335994,Shahid Afridi,31,24,2,4.0,7.75
335995,B Lee,33,24,1,4.0,8.25
335995,GD McGrath,29,24,1,4.0,7.25
335995,IK Pathan,23,24,3,4.0,5.75
335995,MF Maharoof,30,18,0,3.0,10.0
335995,Mohammad Asif,37,24,2,4.0,9.25
335995,PP Chawla,27,24,0,4.0,6.75
335995,R Bhatia,4,6,1,1.0,4.0
335995,S Sreesanth,25,12,0,2.0,12.5
335995,Shoaib Malik,28,21,1,3.5,8.0
335995,VRV Singh,29,24,3,4.0,7.25
335995,VY Mahesh,23,24,1,4.0,5.75
335995,Yuvraj Singh,10,12,1,2.0,5.0
335996,B Akhil,34,24,0,4.0,8.5
335996,DW Steyn,37,24,0,4.0,9.25
335996,JA Morkel,35,24,1,4.0,8.75
335996,JDP Oram,25,24,2,4.0,6.25
335996,JH Kallis,36,24,0,4.0,9.0
335996,Joginder Sharma,26,22,2,3.6666666666666665,7.09
335996,MS Gony,34,24,3,4.0,8.5
335996,P Amarnath,38,24,2,4.0,9.5
335996,P Kumar,29,24,2,4.0,7.25
335996,Z Khan,38,24,3,4.0,9.5
335997,A Nehra,9,6,0,1.0,9.0
335997,AB Agarkar,19,24,1,4.0,4.75
335997,AB Dinda,12,24,1,4.0,3.0
335997,CRD Fernando,39,24,1,4.0,9.75
335997,DJ Bravo,24,24,1,4.0,6.0
335997,DS Kulkarni,12,18,0,3.0,4.0
335997,I Sharma,33,22,1,3.6666666666666665,9.0
335997,LR Shukla,11,6,0,1.0,11.0
335997,M Kartik,23,18,0,3.0,7.67
335997,Mohammad Hafeez,11,6,0,1.0,11.0
335997,SC Ganguly,14,12,0,2.0,7.0
335997,SM Pollock,27,24,2,4.0,6.75
335997,ST Jayasuriya,13,24,4,4.0,3.25
335998,DL Vettori,19,24,1,4.0,4.75
335998,DW Steyn,25,24,2,4.0,6.25
335998,GD McGrath,29,24,4,4.0,7.25
335998,JH Kallis,39,24,2,4.0,9.75
335998,Mohammad Asif,42,24,0,4.0,10.5
335998,P Kumar,24,24,0,4.0,6.0
335998,R Bhatia,14,6,0,1.0,14.0
335998,R Vinay Kumar,25,12,0,2.0,12.5
335998,SB Joshi,19,6,0,1.0,19.0
335998,Shoaib Malik,8,6,0,1.0,8.0
335998,V Kohli,11,6,0,1.0,11.0
335998,V Sehwag,30,12,0,2.0,15.0
335998,VY Mahesh,26,24,0,4.0,6.5
335998,Z Khan,42,24,1,4.0,10.5
335999,D Kalyankrishna,32,18,1,3.0,10.67
335999,DNT Zoysa,32,24,1,4.0,8.0
335999,Gagandeep Singh,37,24,1,4.0,9.25
335999,IK Pathan,29,24,2,4.0,7.25
335999,PP Chawla,28,24,4,4.0,7.0
335999,RP Singh,34,23,0,3.8333333333333335,8.87
335999,S Sreesanth,32,24,1,4.0,8.0
335999,SB Bangar,26,24,1,4.0,6.5
335999,Shahid Afridi,28,18,0,3.0,9.33
335999,VRV Singh,34,24,0,4.0,8.5
335999,Y Venugopal Rao,9,6,0,1.0,9.0
336000,AB Agarkar,46,24,1,4.0,11.5
336000,AB Dinda,28,24,0,4.0,7.0
336000,DJ Hussey,26,12,0,2.0,13.0
336000,I Sharma,25,24,1,4.0,6.25
336000,LR Shukla,14,6,1,1.0,14.0
336000,MM Patel,29,24,0,4.0,7.25
336000,SC Ganguly,14,6,0,1.0,14.0
336000,SK Trivedi,29,24,3,4.0,7.25
336000,SK Warne,19,12,1,2.0,9.5
336000,SR Watson,20,19,2,3.1666666666666665,6.32
336000,Sohail Tanvir,28,24,3,4.0,7.0
336000,Umar Gul,26,24,4,4.0,6.5
336000,YK Pathan,14,12,1,2.0,7.0
336001,GD McGrath,21,24,1,4.0,5.25
336001,JA Morkel,39,24,0,4.0,9.75
336001,Joginder Sharma,28,18,1,3.0,9.33
336001,M Muralitharan,25,24,0,4.0,6.25
336001,M Ntini,29,24,0,4.0,7.25
336001,MS Gony,38,24,1,4.0,9.5
336001,Mohammad Asif,33,24,1,4.0,8.25
336001,PJ Sangwan,38,24,1,4.0,9.5
336001,R Bhatia,11,6,1,1.0,11.0
336001,Shoaib Malik,9,6,0,1.0,9.0
336001,V Sehwag,21,12,1,2.0,10.5
336001,VY Mahesh,25,24,1,4.0,6.25
336002,A Kumble,28,24,1,4.0,7.0
336002,B Akhil,39,18,0,3.0,13.0
336002,DB Ravi Teja,19,12,1,2.0,9.5
336002,DP Vijaykumar,29,24,0,4.0,7.25
336002,DW Steyn,18,24,3,4.0,4.5
336002,JH Kallis,18,8,0,1.3333333333333333,13.5
336002,LPC Silva,21,6,0,1.0,21.0
336002,R Vinay Kumar,22,24,4,4.0,5.5
336002,RP Singh,15,18,0,3.0,5.0
336002,SB Bangar,30,24,2,4.0,7.5
336002,V Kohli,22,22,2,3.6666666666666665,6.0
336002,WPUJC Vaas,36,24,2,4.0,9.0
336002,Y Venugopal Rao,18,6,0,1.0,18.0
336003,AB Agarkar,25,18,0,3.0,8.33
336003,AB Dinda,23,18,1,3.0,7.67
336003,DJ Hussey,23,18,2,3.0,7.67
336003,Gagandeep Singh,43,24,1,4.0,10.75
336003,I Sharma,39,24,0,4.0,9.75
336003,IK Pathan,17,24,2,4.0,4.25
336003,JR Hopes,35,18,0,3.0,11.67
336003,Mohammad Hafeez,28,18,1,3.0,9.33
336003,PP Chawla,16,6,0,1.0,16.0
336003,S Sreesanth,20,24,2,4.0,5.0
336003,Umar Gul,25,24,2,4.0,6.25
336003,VRV Singh,31,24,1,4.0,7.75
336004,A Nehra,25,24,3,4.0,6.25
336004,DJ Bravo,27,18,1,3.0,9.0
336004,DJ Thornely,15,12,1,2.0,7.5
336004,DS Kulkarni,16,17,3,2.8333333333333335,5.65
336004,GD McGrath,26,24,0,4.0,6.5
336004,Mohammad Asif,43,24,1,4.0,10.75
336004,PJ Sangwan,19,24,1,4.0,4.75
336004,R Bhatia,22,12,1,2.0,11.0
336004,RR Raje,13,12,0,2.0,6.5
336004,SM Pollock,16,24,2,4.0,4.0
336004,ST Jayasuriya,16,6,0,1.0,16.0
336004,Shoaib Malik,6,6,1,1.0,6.0
336004,V Sehwag,2,6,1,1.0,2.0
336004,VY Mahesh,33,24,3,4.0,8.25
336005,JA Morkel,2,6,0,1.0,2.0
336005,M Muralitharan,14,24,1,4.0,3.5
336005,M Ntini,17,18,0,3.0,5.67
336005,MM Patel,16,24,2,4.0,4.0
336005,MS Gony,25,18,0,3.0,8.33
336005,S Vidyut,21,12,1,2.0,10.5
336005,SK Raina,10,8,0,1.3333333333333333,7.5
336005,SK Trivedi,17,12,0,2.0,8.5
336005,SK Warne,29,18,1,3.0,9.67
336005,SR Watson,17,24,1,4.0,4.25
336005,Sohail Tanvir,14,24,6,4.0,3.5
336005,YK Pathan,9,12,0,2.0,4.5
336006,A Kumble,34,20,0,3.3333333333333335,10.2
336006,DW Steyn,14,24,0,4.0,3.5
336006,Gagandeep Singh,28,18,0,3.0,9.33
336006,IK Pathan,12,20,3,3.3333333333333335,3.6
336006,JH Kallis,14,18,0,3.0,4.67
336006,JR Hopes,10,6,0,1.0,10.0
336006,P Kumar,22,24,2,4.0,5.5
336006,PP Chawla,20,24,3,4.0,5.0
336006,S Sreesanth,14,24,2,4.0,3.5
336006,VRV Singh,32,24,2,4.0,8.0
336006,Z Khan,26,24,2,4.0,6.5
336007,DP Vijaykumar,17,18,1,3.0,5.67
336007,JA Morkel,25,24,1,4.0,6.25
336007,Joginder Sharma,38,18,0,3.0,12.67
336007,M Muralitharan,23,24,1,4.0,5.75
336007,M Ntini,37,24,0,4.0,9.25
336007,MS Gony,15,18,1,3.0,5.0
336007,PP Ojha,21,24,1,4.0,5.25
336007,RP Singh,10,18,2,3.0,3.33
336007,SB Bangar,36,24,1,4.0,9.0
336007,SB Styris,23,18,1,3.0,7.67
336007,Shahid Afridi,27,18,1,3.0,9.0
336008,A Nehra,13,18,3,3.0,4.33
336008,DJ Bravo,8,14,2,2.3333333333333335,3.43
336008,DS Kulkarni,21,18,2,3.0,7.0
336008,MM Patel,20,18,0,3.0,6.67
336008,RR Raje,18,18,2,3.0,6.0
336008,SK Trivedi,23,18,0,3.0,7.67
336008,SK Warne,15,12,1,2.0,7.5
336008,SM Pollock,19,18,1,3.0,6.33
336008,SR Watson,25,24,2,4.0,6.25
336008,ST Jayasuriya,17,12,0,2.0,8.5
336008,Sohail Tanvir,9,19,0,3.1666666666666665,2.84
336009,CK Kapugedera,15,6,0,1.0,15.0
336009,GD McGrath,23,24,1,4.0,5.75
336009,JA Morkel,33,24,2,4.0,8.25
336009,L Balaji,35,24,2,4.0,8.75
336009,M Muralitharan,22,24,0,4.0,5.5
336009,MS Gony,35,24,1,4.0,8.75
336009,Mohammad Asif,33,24,1,4.0,8.25
336009,P Amarnath,35,18,0,3.0,11.67
336009,PJ Sangwan,28,24,2,4.0,7.0
336009,Shoaib Malik,25,12,0,2.0,12.5
336009,V Sehwag,30,12,0,2.0,15.0
336009,VY Mahesh,38,24,2,4.0,9.5
336010,A Kumble,21,18,1,3.0,7.0
336010,AB Dinda,19,18,0,3.0,6.33
336010,DW Steyn,26,24,3,4.0,6.5
336010,I Sharma,25,24,1,4.0,6.25
336010,LR Shukla,15,6,0,1.0,15.0
336010,M Kartik,24,12,1,2.0,12.0
336010,P Kumar,36,18,1,3.0,12.0
336010,R Vinay Kumar,15,18,1,3.0,5.0
336010,SC Ganguly,7,18,1,3.0,2.33
336010,Umar Gul,27,18,1,3.0,9.0
336010,Z Khan,26,18,1,3.0,8.67
336011,DP Vijaykumar,10,6,0,1.0,10.0
336011,MM Patel,28,24,1,4.0,7.0
336011,PP Ojha,41,24,1,4.0,10.25
336011,RP Singh,23,24,1,4.0,5.75
336011,SB Bangar,20,12,0,2.0,10.0
336011,SB Styris,13,12,0,2.0,6.5
336011,SK Trivedi,8,18,2,3.0,2.67
336011,SK Warne,20,24,2,4.0,5.0
336011,SR Watson,21,18,1,3.0,7.0
336011,Shahid Afridi,10,12,0,2.0,5.0
336011,Sohail Tanvir,38,24,1,4.0,9.5
336011,Y Venugopal Rao,13,6,0,1.0,13.0
336011,YK Pathan,19,12,1,2.0,9.5
336012,A Kumble,45,24,0,4.0,11.25
336012,A Nehra,21,18,1,3.0,7.0
336012,B Akhil,17,18,0,3.0,5.67
336012,CRD Fernando,17,24,5,4.0,4.25
336012,DR Smith,21,24,3,4.0,5.25
336012,DS Kulkarni,25,18,0,3.0,8.33
336012,DW Steyn,11,24,1,4.0,2.75
336012,P Kumar,15,12,0,2.0,7.5
336012,R Vinay Kumar,25,18,0,3.0,8.33
336012,SM Pollock,23,24,0,4.0,5.75
336013,CK Kapugedera,8,6,0,1.0,8.0
336013,IK Pathan,30,24,0,4.0,7.5
336013,JA Morkel,25,24,1,4.0,6.25
336013,JR Hopes,34,24,0,4.0,8.5
336013,L Balaji,23,24,5,4.0,5.75
336013,M Muralitharan,31,24,1,4.0,7.75
336013,MS Gony,38,24,1,4.0,9.5
336013,P Amarnath,35,18,1,3.0,11.67
336013,PP Chawla,35,18,1,3.0,11.67
336013,S Sreesanth,26,24,2,4.0,6.5
336013,VRV Singh,32,24,1,4.0,8.0
336013,Yuvraj Singh,8,6,0,1.0,8.0
336014,AB Dinda,32,24,3,4.0,8.0
336014,DP Vijaykumar,19,18,1,3.0,6.33
336014,I Sharma,27,18,0,3.0,9.0
336014,LR Shukla,14,12,1,2.0,7.0
336014,M Kartik,29,18,0,3.0,9.67
336014,PP Ojha,24,12,0,2.0,12.0
336014,RP Singh,58,24,1,4.0,14.5
336014,SB Bangar,10,6,0,1.0,10.0
336014,SB Styris,28,18,0,3.0,9.33
336014,SC Ganguly,25,24,2,4.0,6.25
336014,Umar Gul,33,24,1,4.0,8.25
336014,WPUJC Vaas,36,18,1,3.0,12.0
336014,Y Venugopal Rao,23,24,1,4.0,5.75
336015,A Mishra,24,17,2,2.8333333333333335,8.47
336015,AD Mascarenhas,27,24,2,4.0,6.75
336015,GD McGrath,11,24,1,4.0,2.75
336015,MF Maharoof,20,24,3,4.0,5.0
336015,MM Patel,23,24,1,4.0,5.75
336015,PJ Sangwan,33,24,0,4.0,8.25
336015,SK Trivedi,27,24,2,4.0,6.75
336015,SK Warne,47,24,0,4.0,11.75
336015,SR Watson,21,24,2,4.0,5.25
336015,V Sehwag,21,12,1,2.0,10.5
336015,VY Mahesh,29,13,0,2.1666666666666665,13.38
336016,A Kumble,35,24,0,4.0,8.75
336016,DW Steyn,30,12,0,2.0,15.0
336016,IK Pathan,22,24,2,4.0,5.5
336016,JR Hopes,22,12,0,2.0,11.0
336016,P Kumar,15,16,0,2.6666666666666665,5.62
336016,PP Chawla,28,24,2,4.0,7.0
336016,R Vinay Kumar,11,12,1,2.0,5.5
336016,S Sreesanth,28,24,3,4.0,7.0
336016,V Kohli,9,6,0,1.0,9.0
336016,VRV Singh,15,24,1,4.0,3.75
336016,Yuvraj Singh,13,12,0,2.0,6.5
336016,Z Khan,35,24,0,4.0,8.75
336017,A Mishra,13,18,0,3.0,4.33
336017,AB Dinda,28,24,2,4.0,7.0
336017,GD McGrath,22,24,0,4.0,5.5
336017,I Sharma,18,18,0,3.0,6.0
336017,Iqbal Abdulla,22,18,1,3.0,7.33
336017,LR Shukla,1,5,3,0.8333333333333334,1.2
336017,MF Maharoof,24,24,2,4.0,6.0
336017,PJ Sangwan,26,24,2,4.0,6.5
336017,SC Ganguly,23,24,0,4.0,5.75
336017,Shoaib Akhtar,10,18,4,3.0,3.33
336017,V Sehwag,7,6,0,1.0,7.0
336017,VY Mahesh,30,24,2,4.0,7.5
336018,A Nehra,30,24,0,4.0,7.5
336018,CK Kapugedera,26,5,0,0.8333333333333334,31.2
336018,DJ Bravo,37,24,2,4.0,9.25
336018,DJ Thornely,9,6,0,1.0,9.0
336018,DS Kulkarni,27,24,3,4.0,6.75
336018,JA Morkel,42,18,0,3.0,14.0
336018,Joginder Sharma,21,18,1,3.0,7.0
336018,L Balaji,6,12,0,2.0,3.0
336018,M Muralitharan,19,12,0,2.0,9.5
336018,MS Gony,28,18,0,3.0,9.33
336018,RR Raje,32,18,0,3.0,10.67
336018,SM Pollock,9,24,1,4.0,2.25
336019,D Salunkhe,23,18,0,3.0,7.67
336019,IK Pathan,10,24,1,4.0,2.5
336019,JR Hopes,29,18,2,3.0,9.67
336019,MM Patel,36,24,0,4.0,9.0
336019,PP Chawla,35,24,3,4.0,8.75
336019,Pankaj Singh,44,18,0,3.0,14.67
336019,RR Powar,7,6,0,1.0,7.0
336019,S Sreesanth,43,18,1,3.0,14.33
336019,SK Trivedi,48,24,0,4.0,12.0
336019,SR Watson,39,24,2,4.0,9.75
336019,VRV Singh,32,24,0,4.0,8.0
336019,YK Pathan,24,12,1,2.0,12.0
336019,Yuvraj Singh,20,6,0,1.0,20.0
336020,A Mishra,17,24,5,4.0,4.25
336020,DP Vijaykumar,24,24,1,4.0,6.0
336020,GD McGrath,42,24,2,4.0,10.5
336020,MF Maharoof,39,24,2,4.0,9.75
336020,Mohammad Asif,49,24,0,4.0,12.25
336020,PM Sarvesh Kumar,23,18,0,3.0,7.67
336020,PP Ojha,18,12,1,2.0,9.0
336020,R Bhatia,32,24,0,4.0,8.0
336020,RP Singh,49,24,1,4.0,12.25
336020,SB Styris,32,24,0,4.0,8.0
336020,Shahid Afridi,18,6,0,1.0,18.0
336020,Y Venugopal Rao,22,12,0,2.0,11.0
336021,A Nehra,14,18,0,3.0,4.67
336021,AB Agarkar,3,6,0,1.0,3.0
336021,DJ Bravo,12,18,2,3.0,4.0
336021,DJ Thornely,6,18,2,3.0,2.0
336021,I Sharma,21,15,1,2.5,8.4
336021,RR Raje,16,14,2,2.3333333333333335,6.86
336021,SM Pollock,11,24,4,4.0,2.75
336021,Shoaib Akhtar,28,12,1,2.0,14.0
336022,A Mishra,21,12,1,2.0,10.5
336022,GD McGrath,18,12,1,2.0,9.0
336022,IK Pathan,13,12,0,2.0,6.5
336022,JR Hopes,2,6,2,1.0,2.0
336022,MF Maharoof,11,6,0,1.0,11.0
336022,PJ Sangwan,11,6,1,1.0,11.0
336022,PP Chawla,13,6,0,1.0,13.0
336022,R Bhatia,8,6,0,1.0,8.0
336022,RR Powar,20,12,2,2.0,10.0
336022,S Sreesanth,28,18,0,3.0,9.33
336022,V Sehwag,21,6,0,1.0,21.0
336022,VRV Singh,30,12,0,2.0,15.0
336023,A Kumble,32,24,1,4.0,8.0
336023,Abdur Razzak,19,12,0,2.0,9.5
336023,JH Kallis,34,24,0,4.0,8.5
336023,MM Patel,21,24,2,4.0,5.25
336023,P Kumar,23,24,0,4.0,5.75
336023,RA Jadeja,21,12,0,2.0,10.5
336023,SK Trivedi,21,12,1,2.0,10.5
336023,SK Warne,23,24,3,4.0,5.75
336023,SR Watson,5,12,0,2.0,2.5
336023,Sohail Tanvir,7,24,3,4.0,1.75
336023,V Kohli,14,12,0,2.0,7.0
336023,YK Pathan,28,12,0,2.0,14.0
336023,Z Khan,45,24,0,4.0,11.25
336024,A Nehra,29,24,0,4.0,7.25
336024,AM Nayar,18,18,1,3.0,6.0
336024,CRD Fernando,35,24,3,4.0,8.75
336024,DJ Bravo,23,24,3,4.0,5.75
336024,DJ Thornely,8,6,0,1.0,8.0
336024,DNT Zoysa,34,18,0,3.0,11.33
336024,DP Vijaykumar,18,12,0,2.0,9.0
336024,PP Ojha,23,24,0,4.0,5.75
336024,RP Singh,35,24,3,4.0,8.75
336024,RR Raje,18,12,0,2.0,9.0
336024,ST Jayasuriya,13,12,0,2.0,6.5
336024,Shahid Afridi,22,24,2,4.0,5.5
336024,Y Venugopal Rao,23,18,2,3.0,7.67
336025,AB Agarkar,13,12,0,2.0,6.5
336025,AB Dinda,10,12,0,2.0,5.0
336025,I Sharma,16,12,0,2.0,8.0
336025,JA Morkel,24,24,0,4.0,6.0
336025,L Balaji,34,24,1,4.0,8.5
336025,M Muralitharan,41,24,0,4.0,10.25
336025,M Ntini,19,24,4,4.0,4.75
336025,MS Gony,17,24,0,4.0,4.25
336025,Shoaib Akhtar,12,12,0,2.0,6.0
336026,A Kumble,18,24,2,4.0,4.5
336026,B Akhil,21,20,1,3.3333333333333335,6.3
336026,DW Steyn,26,24,1,4.0,6.5
336026,GD McGrath,14,24,2,4.0,3.5
336026,JH Kallis,16,12,0,2.0,8.0
336026,MF Maharoof,13,24,4,4.0,3.25
336026,P Kumar,33,12,1,2.0,16.5
336026,PJ Sangwan,44,18,0,3.0,14.67
336026,R Bhatia,47,24,0,4.0,11.75
336026,TM Dilshan,3,6,1,1.0,3.0
336026,VY Mahesh,24,24,0,4.0,6.0
336026,Z Khan,32,18,0,3.0,10.67
336027,AB Agarkar,30,18,0,3.0,10.0
336027,AB Dinda,32,24,0,4.0,8.0
336027,I Sharma,23,18,1,3.0,7.67
336027,LR Shukla,7,6,0,1.0,7.0
336027,MM Patel,22,24,2,4.0,5.5
336027,SC Ganguly,24,12,1,2.0,12.0
336027,SK Trivedi,26,18,1,3.0,8.67
336027,SK Warne,21,18,0,3.0,7.0
336027,SR Watson,35,24,1,4.0,8.75
336027,Sohail Tanvir,24,24,3,4.0,6.0
336027,Umar Gul,27,21,2,3.5,7.71
336027,YK Pathan,14,12,1,2.0,7.0
336028,A Nehra,32,18,0,3.0,10.67
336028,CRD Fernando,36,24,1,4.0,9.0
336028,DR Smith,18,12,0,2.0,9.0
336028,IK Pathan,35,24,1,4.0,8.75
336028,JR Hopes,13,12,0,2.0,6.5
336028,PP Chawla,22,24,2,4.0,5.5
336028,S Sreesanth,28,24,2,4.0,7.0
336028,SD Chitnis,35,24,2,4.0,8.75
336028,SM Pollock,14,18,1,3.0,4.67
336028,VRV Singh,49,24,3,4.0,12.25
336028,VS Yeligati,42,24,0,4.0,10.5
336028,Yuvraj Singh,12,12,2,2.0,6.0
336029,A Kumble,14,24,3,4.0,3.5
336029,B Akhil,4,6,0,1.0,4.0
336029,DW Steyn,16,24,3,4.0,4.0
336029,JA Morkel,32,24,4,4.0,8.0
336029,JH Kallis,15,24,0,4.0,3.75
336029,L Balaji,34,24,1,4.0,8.5
336029,M Muralitharan,19,24,1,4.0,4.75
336029,M Ntini,27,24,0,4.0,6.75
336029,MS Gony,10,24,2,4.0,2.5
336029,P Kumar,25,24,1,4.0,6.25
336029,R Vinay Kumar,22,18,1,3.0,7.33
336031,DP Vijaykumar,24,12,0,2.0,12.0
336031,Gagandeep Singh,33,18,1,3.0,11.0
336031,PP Chawla,31,24,0,4.0,7.75
336031,PP Ojha,27,24,2,4.0,6.75
336031,RG Sharma,24,24,1,4.0,6.0
336031,RP Singh,36,21,0,3.5,10.29
336031,RR Powar,19,24,1,4.0,4.75
336031,S Sreesanth,29,24,1,4.0,7.25
336031,SB Styris,36,24,1,4.0,9.0
336031,VRV Singh,40,24,1,4.0,10.0
336031,Y Venugopal Rao,23,12,0,2.0,11.5
336031,Yuvraj Singh,18,6,0,1.0,18.0
336032,A Mishra,23,24,1,4.0,5.75
336032,A Nehra,30,23,1,3.8333333333333335,7.83
336032,A Nel,31,18,1,3.0,10.33
336032,B Geeves,49,24,1,4.0,12.25
336032,DR Smith,21,18,2,3.0,7.0
336032,DS Kulkarni,26,18,0,3.0,8.67
336032,GD McGrath,37,24,0,4.0,9.25
336032,MF Maharoof,21,24,1,4.0,5.25
336032,SM Pollock,33,18,1,3.0,11.0
336032,ST Jayasuriya,35,24,0,4.0,8.75
336032,VY Mahesh,36,24,5,4.0,9.0
336033,D Salunkhe,12,6,0,1.0,12.0
336033,JA Morkel,35,24,2,4.0,8.75
336033,L Balaji,45,18,0,3.0,15.0
336033,M Muralitharan,30,24,0,4.0,7.5
336033,M Ntini,42,24,1,4.0,10.5
336033,MM Patel,48,24,1,4.0,12.0
336033,MS Gony,32,18,0,3.0,10.67
336033,Pankaj Singh,29,24,0,4.0,7.25
336033,SK Raina,20,12,2,2.0,10.0
336033,SK Warne,34,24,2,4.0,8.5
336033,Sohail Tanvir,31,24,3,4.0,7.75
336033,YK Pathan,31,18,1,3.0,10.33
336034,A Kumble,46,24,0,4.0,11.5
336034,DP Vijaykumar,18,18,0,3.0,6.0
336034,DW Steyn,19,24,0,4.0,4.75
336034,JH Kallis,35,24,1,4.0,8.75
336034,P Kumar,23,24,3,4.0,5.75
336034,PP Ojha,28,24,2,4.0,7.0
336034,RP Singh,40,24,3,4.0,10.0
336034,SB Bangar,14,6,0,1.0,14.0
336034,SB Styris,28,24,2,4.0,7.0
336034,Shahid Afridi,23,24,1,4.0,5.75
336034,Z Khan,24,24,2,4.0,6.0
336035,AB Dinda,18,12,1,2.0,9.0
336035,BAW Mendis,24,24,1,4.0,6.0
336035,DJ Hussey,36,24,0,4.0,9.0
336035,I Sharma,42,24,0,4.0,10.5
336035,IK Pathan,35,22,0,3.6666666666666665,9.55
336035,JR Hopes,23,12,1,2.0,11.5
336035,LR Shukla,22,12,0,2.0,11.0
336035,PP Chawla,36,24,2,4.0,9.0
336035,RR Powar,13,12,0,2.0,6.5
336035,S Sreesanth,33,24,2,4.0,8.25
336035,Umar Gul,21,24,4,4.0,5.25
336035,VRV Singh,26,24,2,4.0,6.5
336036,A Nehra,17,18,1,3.0,5.67
336036,AM Nayar,4,6,0,1.0,4.0
336036,CRD Fernando,24,24,2,4.0,6.0
336036,DR Smith,16,12,0,2.0,8.0
336036,Pankaj Singh,24,12,0,2.0,12.0
336036,RR Raje,35,24,2,4.0,8.75
336036,SK Trivedi,29,24,2,4.0,7.25
336036,SK Warne,29,24,1,4.0,7.25
336036,SM Pollock,25,24,0,4.0,6.25
336036,SR Watson,27,18,0,3.0,9.0
336036,ST Jayasuriya,8,12,0,2.0,4.0
336036,Sohail Tanvir,13,24,4,4.0,3.25
336036,YK Pathan,9,18,0,3.0,3.0
336037,DP Vijaykumar,31,20,1,3.3333333333333335,9.3
336037,JA Morkel,34,24,3,4.0,8.5
336037,L Balaji,34,24,2,4.0,8.5
336037,M Muralitharan,20,24,1,4.0,5.0
336037,M Ntini,22,24,1,4.0,5.5
336037,MS Gony,21,24,1,4.0,5.25
336037,PM Sarvesh Kumar,18,12,1,2.0,9.0
336037,PP Ojha,26,24,1,4.0,6.5
336037,RP Singh,29,24,0,4.0,7.25
336037,SB Styris,16,18,0,3.0,5.33
336037,Shahid Afridi,17,18,0,3.0,5.67
336038,A Mishra,36,24,2,4.0,9.0
336038,GD McGrath,37,24,0,4.0,9.25
336038,MF Maharoof,34,24,3,4.0,8.5
336038,MM Patel,17,24,3,4.0,4.25
336038,Mohammad Asif,32,24,2,4.0,8.0
336038,RA Jadeja,0,1,1,0.16666666666666666,0.0
336038,SK Trivedi,20,18,1,3.0,6.67
336038,SK Warne,21,24,2,4.0,5.25
336038,SR Watson,9,18,3,3.0,3.0
336038,Sohail Tanvir,13,12,0,2.0,6.5
336038,VY Mahesh,49,24,2,4.0,12.25
336039,IK Pathan,22,24,1,4.0,5.5
336039,JA Morkel,27,24,2,4.0,6.75
336039,JR Hopes,20,12,0,2.0,10.0
336039,L Balaji,27,24,0,4.0,6.75
336039,M Muralitharan,18,24,1,4.0,4.5
336039,M Ntini,23,24,2,4.0,5.75
336039,MS Gony,13,24,3,4.0,3.25
336039,PP Chawla,23,17,0,2.8333333333333335,8.12
336039,RR Powar,27,18,0,3.0,9.0
336039,S Sreesanth,6,6,0,1.0,6.0
336039,VRV Singh,14,12,0,2.0,7.0
336040,JA Morkel,17,24,4,4.0,4.25
336040,L Balaji,40,24,0,4.0,10.0
336040,M Muralitharan,39,24,2,4.0,9.75
336040,M Ntini,21,24,0,4.0,5.25
336040,MM Patel,14,12,0,2.0,7.0
336040,MS Gony,30,24,1,4.0,7.5
336040,SK Trivedi,21,12,0,2.0,10.5
336040,SK Warne,33,24,0,4.0,8.25
336040,SR Watson,27,24,1,4.0,6.75
336040,Sohail Tanvir,39,24,1,4.0,9.75
336040,YK Pathan,22,24,3,4.0,5.5
392181,A Flintoff,44,24,1,4.0,11.0
392181,DJ Bravo,26,24,1,4.0,6.5
392181,Harbhajan Singh,15,18,1,3.0,5.0
392181,JDP Oram,30,24,2,4.0,7.5
392181,Joginder Sharma,25,24,1,4.0,6.25
392181,MS Gony,31,24,2,4.0,7.75
392181,RR Raje,15,6,0,1.0,15.0
392181,SL Malinga,13,24,3,4.0,3.25
392181,ST Jayasuriya,34,24,2,4.0,8.5
392181,T Thushara,32,24,1,4.0,8.0
392181,Z Khan,34,24,0,4.0,8.5
392182,A Kumble,5,19,5,3.1666666666666665,1.58
392182,AD Mascarenhas,20,24,3,4.0,5.0
392182,DW Steyn,3,12,0,2.0,1.5
392182,JD Ryder,13,24,3,4.0,3.25
392182,Kamran Khan,21,18,0,3.0,7.0
392182,MM Patel,24,18,2,3.0,8.0
392182,P Kumar,4,18,2,3.0,1.33
392182,R Vinay Kumar,24,18,0,3.0,8.0
392182,SK Warne,18,24,2,4.0,4.5
392182,T Henderson,30,24,1,4.0,7.5
392182,YK Pathan,16,12,0,2.0,8.0
392183,AM Salvi,17,12,1,2.0,8.5
392183,DL Vettori,15,18,5,3.0,5.0
392183,DP Nannes,21,18,0,3.0,7.0
392183,IK Pathan,8,6,0,1.0,8.0
392183,PJ Sangwan,19,12,0,2.0,9.5
392183,PP Chawla,11,5,0,0.8333333333333334,13.2
392183,VRV Singh,5,6,0,1.0,5.0
392183,VS Malik,11,6,0,1.0,11.0
392183,VY Mahesh,24,12,1,2.0,12.0
392183,YA Abdulla,18,6,0,1.0,18.0
392184,AB Agarkar,16,6,0,1.0,16.0
392184,AB Dinda,24,18,2,3.0,8.0
392184,CH Gayle,14,6,0,1.0,14.0
392184,FH Edwards,6,24,0,4.0,1.5
392184,Harmeet Singh,22,24,1,4.0,5.5
392184,I Sharma,13,18,0,3.0,4.33
392184,M Kartik,23,24,0,4.0,5.75
392184,MC Henriques,4,1,0,0.16666666666666666,24.0
392184,PP Ojha,14,24,2,4.0,3.5
392184,RP Singh,22,22,5,3.6666666666666665,6.0
392184,SB Styris,32,24,2,4.0,8.0
392184,SC Ganguly,8,6,0,1.0,8.0
392185,A Flintoff,11,18,1,3.0,3.67
392185,A Kumble,21,24,0,4.0,5.25
392185,DW Steyn,33,24,1,4.0,8.25
392185,JA Morkel,11,12,1,2.0,5.5
392185,JH Kallis,28,12,0,2.0,14.0
392185,Joginder Sharma,9,6,1,1.0,9.0
392185,KP Pietersen,14,18,2,3.0,4.67
392185,L Balaji,18,14,2,2.3333333333333335,7.71
392185,LRPL Taylor,12,6,0,1.0,12.0
392185,M Muralitharan,11,24,4,4.0,2.75
392185,MS Gony,22,18,1,3.0,7.33
392185,P Kumar,37,24,2,4.0,9.25
392185,R Vinay Kumar,12,6,0,1.0,12.0
392185,V Kohli,9,6,0,1.0,9.0
392186,AB Dinda,33,24,1,4.0,8.25
392186,CH Gayle,7,6,0,1.0,7.0
392186,I Sharma,24,24,1,4.0,6.0
392186,IK Pathan,25,18,0,3.0,8.33
392186,LR Shukla,20,12,1,2.0,10.0
392186,M Kartik,7,6,0,1.0,7.0
392186,MC Henriques,31,24,1,4.0,7.75
392186,PP Chawla,8,12,0,2.0,4.0
392186,RS Bopara,1,2,0,0.3333333333333333,3.0
392186,SC Ganguly,24,24,2,4.0,6.0
392186,VS Malik,23,12,1,2.0,11.5
392186,YA Abdulla,18,12,0,2.0,9.0
392188,A Kumble,39,24,0,4.0,9.75
392188,DW Steyn,21,18,2,3.0,7.0
392188,FH Edwards,38,24,1,4.0,9.5
392188,Harmeet Singh,40,24,1,4.0,10.0
392188,JD Ryder,28,18,1,3.0,9.33
392188,JH Kallis,19,12,0,2.0,9.5
392188,KP Pietersen,31,24,2,4.0,7.75
392188,P Kumar,37,24,1,4.0,9.25
392188,PP Ojha,27,24,1,4.0,6.75
392188,RP Singh,17,24,2,4.0,4.25
392188,SB Styris,31,24,3,4.0,7.75
392189,A Flintoff,50,24,0,4.0,12.5
392189,A Nehra,32,24,1,4.0,8.0
392189,AM Salvi,36,18,0,3.0,12.0
392189,DL Vettori,29,24,3,4.0,7.25
392189,DP Nannes,32,24,2,4.0,8.0
392189,JA Morkel,41,24,1,4.0,10.25
392189,Joginder Sharma,8,6,0,1.0,8.0
392189,L Balaji,18,24,3,4.0,4.5
392189,M Muralitharan,26,18,0,3.0,8.67
392189,MK Tiwary,11,6,0,1.0,11.0
392189,MS Gony,45,24,1,4.0,11.25
392189,PJ Sangwan,25,24,3,4.0,6.25
392191,A Kumble,19,24,1,4.0,4.75
392191,IK Pathan,35,24,3,4.0,8.75
392191,JD Ryder,23,12,0,2.0,11.5
392191,JH Kallis,45,24,2,4.0,11.25
392191,KP Pietersen,16,12,0,2.0,8.0
392191,P Kumar,35,24,0,4.0,8.75
392191,PP Chawla,19,24,1,4.0,4.75
392191,Pankaj Singh,18,12,0,2.0,9.0
392191,R Vinay Kumar,4,6,0,1.0,4.0
392191,RR Bose,24,12,0,2.0,12.0
392191,RS Bopara,4,6,0,1.0,4.0
392191,VRV Singh,22,12,1,2.0,11.0
392191,YA Abdulla,28,24,4,4.0,7.0
392191,Yuvraj Singh,28,18,0,3.0,9.33
392192,DJ Bravo,33,24,3,4.0,8.25
392192,DR Smith,15,12,0,2.0,7.5
392192,DS Kulkarni,18,6,0,1.0,18.0
392192,FH Edwards,23,24,2,4.0,5.75
392192,Harbhajan Singh,26,24,1,4.0,6.5
392192,Harmeet Singh,19,6,0,1.0,19.0
392192,PP Ojha,20,24,3,4.0,5.0
392192,RG Sharma,8,6,0,1.0,8.0
392192,RP Singh,24,24,2,4.0,6.0
392192,SL Malinga,18,24,3,4.0,4.5
392192,ST Jayasuriya,28,18,1,3.0,9.33
392192,Y Venugopal Rao,33,24,0,4.0,8.25
392192,Z Khan,31,24,1,4.0,7.75
392194,A Kumble,22,24,0,4.0,5.5
392194,A Mishra,17,24,1,4.0,4.25
392194,A Nehra,31,24,3,4.0,7.75
392194,B Akhil,8,6,1,1.0,8.0
392194,DL Vettori,35,24,1,4.0,8.75
392194,DP Nannes,23,24,1,4.0,5.75
392194,JH Kallis,34,18,0,3.0,11.33
392194,KP Appanna,24,24,1,4.0,6.0
392194,PJ Sangwan,31,24,1,4.0,7.75
392194,Pankaj Singh,30,24,2,4.0,7.5
392194,R Vinay Kumar,28,20,0,3.3333333333333335,8.4
392195,AD Mascarenhas,29,24,0,4.0,7.25
392195,IK Pathan,23,24,2,4.0,5.75
392195,Kamran Khan,12,24,4,4.0,3.0
392195,MM Patel,22,24,2,4.0,5.5
392195,PP Chawla,22,24,2,4.0,5.5
392195,RR Powar,9,12,0,2.0,4.5
392195,SK Warne,37,24,0,4.0,9.25
392195,VRV Singh,19,24,0,4.0,4.75
392195,YA Abdulla,20,24,3,4.0,5.0
392195,YK Pathan,26,24,0,4.0,6.5
392195,Yuvraj Singh,9,12,0,2.0,4.5
392196,DR Smith,17,6,0,1.0,17.0
392196,FH Edwards,21,24,1,4.0,5.25
392196,JA Morkel,24,18,0,3.0,8.0
392196,JDP Oram,28,18,0,3.0,9.33
392196,Joginder Sharma,14,6,0,1.0,14.0
392196,L Balaji,40,21,1,3.5,11.43
392196,M Muralitharan,16,24,1,4.0,4.0
392196,MS Gony,19,6,0,1.0,19.0
392196,PP Ojha,11,12,2,2.0,5.5
392196,RG Sharma,18,18,1,3.0,6.0
392196,RP Singh,26,18,1,3.0,8.67
392196,SK Raina,18,24,2,4.0,4.5
392196,Shoaib Ahmed,30,18,0,3.0,10.0
392196,Y Venugopal Rao,34,24,1,4.0,8.5
392197,AB Dinda,23,12,0,2.0,11.5
392197,AM Nayar,13,18,3,3.0,4.33
392197,BAW Mendis,39,24,1,4.0,9.75
392197,BJ Hodge,29,18,1,3.0,9.67
392197,CH Gayle,24,12,0,2.0,12.0
392197,DJ Bravo,30,18,2,3.0,10.0
392197,Harbhajan Singh,15,12,0,2.0,7.5
392197,I Sharma,23,24,1,4.0,5.75
392197,LR Shukla,25,24,3,4.0,6.25
392197,SC Ganguly,15,6,0,1.0,15.0
392197,SL Malinga,8,14,3,2.3333333333333335,3.43
392197,SR Tendulkar,11,12,0,2.0,5.5
392197,Z Khan,14,18,1,3.0,4.67
392198,A Mishra,33,25,3,4.166666666666667,7.92
392198,A Nehra,22,24,1,4.0,5.5
392198,AD Mascarenhas,28,24,2,4.0,7.0
392198,DL Vettori,32,12,0,2.0,16.0
392198,DP Nannes,21,21,0,3.5,6.0
392198,Kamran Khan,34,24,1,4.0,8.5
392198,MM Patel,13,24,2,4.0,3.25
392198,PJ Sangwan,26,24,1,4.0,6.5
392198,RA Jadeja,17,12,0,2.0,8.5
392198,SK Warne,32,24,2,4.0,8.0
392198,TM Dilshan,4,6,0,1.0,4.0
392198,YK Pathan,14,12,0,2.0,7.0
392199,A Kumble,16,24,2,4.0,4.0
392199,AB Agarkar,19,12,0,2.0,9.5
392199,BJ Hodge,29,24,3,4.0,7.25
392199,CH Gayle,31,23,0,3.8333333333333335,8.09
392199,I Sharma,14,24,2,4.0,3.5
392199,KP Appanna,30,18,1,3.0,10.0
392199,KP Pietersen,18,24,1,4.0,4.5
392199,M Kartik,24,24,0,4.0,6.0
392199,P Kumar,24,24,1,4.0,6.0
392199,Pankaj Singh,14,6,0,1.0,14.0
392199,RE van der Merwe,28,24,1,4.0,7.0
392199,SC Ganguly,17,12,0,2.0,8.5
392200,DJ Bravo,22,18,2,3.0,7.33
392200,Harbhajan Singh,23,24,1,4.0,5.75
392200,IK Pathan,18,24,2,4.0,4.5
392200,JP Duminy,18,18,1,3.0,6.0
392200,K Goel,10,12,0,2.0,5.0
392200,PP Chawla,26,18,1,3.0,8.67
392200,RR Powar,21,24,1,4.0,5.25
392200,SL Malinga,11,24,2,4.0,2.75
392200,SR Tendulkar,6,6,0,1.0,6.0
392200,ST Jayasuriya,5,6,1,1.0,5.0
392200,VS Malik,11,12,1,2.0,5.5
392200,WA Mota,3,6,0,1.0,3.0
392200,YA Abdulla,16,24,2,4.0,4.0
392200,Z Khan,17,24,1,4.0,4.25
392201,A Mishra,32,24,1,4.0,8.0
392201,A Nehra,29,24,3,4.0,7.25
392201,DL Vettori,21,18,1,3.0,7.0
392201,DP Nannes,16,24,3,4.0,4.0
392201,DR Smith,8,6,0,1.0,8.0
392201,FH Edwards,36,22,0,3.6666666666666665,9.82
392201,PJ Sangwan,24,24,1,4.0,6.0
392201,PP Ojha,23,24,1,4.0,5.75
392201,RG Sharma,10,6,0,1.0,10.0
392201,RP Singh,18,18,1,3.0,6.0
392201,Shoaib Ahmed,20,24,2,4.0,5.0
392201,TM Dilshan,15,6,0,1.0,15.0
392201,Y Venugopal Rao,19,12,0,2.0,9.5
392202,AD Mascarenhas,26,20,0,3.3333333333333335,7.8
392202,JA Morkel,21,24,2,4.0,5.25
392202,JDP Oram,27,24,2,4.0,6.75
392202,Kamran Khan,33,16,0,2.6666666666666665,12.38
392202,L Balaji,20,21,4,3.5,5.71
392202,M Muralitharan,32,24,0,4.0,8.0
392202,MM Patel,25,24,2,4.0,6.25
392202,S Tyagi,7,12,0,2.0,3.5
392202,SK Raina,11,12,1,2.0,5.5
392202,SK Trivedi,34,18,0,3.0,11.33
392202,SK Warne,23,24,1,4.0,5.75
392202,YK Pathan,17,18,2,3.0,5.67
392203,AB Agarkar,11,6,1,1.0,11.0
392203,AB Dinda,26,18,1,3.0,8.67
392203,AM Nayar,19,18,1,3.0,6.33
392203,BJ Hodge,13,12,1,2.0,6.5
392203,CH Gayle,19,24,1,4.0,4.75
392203,GR Napier,27,24,1,4.0,6.75
392203,Harbhajan Singh,24,24,0,4.0,6.0
392203,I Sharma,20,24,1,4.0,5.0
392203,LR Shukla,25,18,0,3.0,8.33
392203,M Kartik,20,18,1,3.0,6.67
392203,SL Malinga,21,24,1,4.0,5.25
392203,ST Jayasuriya,11,6,0,1.0,11.0
392203,Z Khan,29,24,3,4.0,7.25
392204,A Kumble,25,24,2,4.0,6.25
392204,IK Pathan,19,24,2,4.0,4.75
392204,JD Ryder,24,24,1,4.0,6.0
392204,JH Kallis,19,18,0,3.0,6.33
392204,KP Appanna,10,12,0,2.0,5.0
392204,P Kumar,25,24,2,4.0,6.25
392204,PP Chawla,28,24,0,4.0,7.0
392204,RE van der Merwe,21,18,2,3.0,7.0
392204,RR Powar,8,6,0,1.0,8.0
392204,VS Malik,28,18,0,3.0,9.33
392204,YA Abdulla,35,24,4,4.0,8.75
392204,Yuvraj Singh,21,24,3,4.0,5.25
392205,AS Raut,7,6,0,1.0,7.0
392205,DR Smith,21,12,0,2.0,10.5
392205,FH Edwards,16,22,2,3.6666666666666665,4.36
392205,MM Patel,23,12,0,2.0,11.5
392205,PP Ojha,26,24,1,4.0,6.5
392205,RA Jadeja,19,24,1,4.0,4.75
392205,RG Sharma,13,12,0,2.0,6.5
392205,RP Singh,17,24,2,4.0,4.25
392205,SK Trivedi,13,12,1,2.0,6.5
392205,SK Warne,28,18,0,3.0,9.33
392205,SM Harwood,25,24,2,4.0,6.25
392205,Shoaib Ahmed,19,12,0,2.0,9.5
392205,Y Venugopal Rao,23,12,2,2.0,11.5
392205,YK Pathan,19,24,1,4.0,4.75
392206,A Mishra,24,18,0,3.0,8.0
392206,A Nehra,25,24,3,4.0,6.25
392206,DP Nannes,25,24,4,4.0,6.25
392206,JA Morkel,32,24,1,4.0,8.0
392206,JDP Oram,14,6,0,1.0,14.0
392206,L Balaji,26,18,0,3.0,8.67
392206,M Muralitharan,22,24,1,4.0,5.5
392206,PJ Sangwan,40,18,1,3.0,13.33
392206,R Bhatia,17,18,2,3.0,5.67
392206,S Tyagi,16,18,2,3.0,5.33
392206,SB Jakati,24,24,4,4.0,6.0
392206,SK Raina,7,6,0,1.0,7.0
392206,TM Dilshan,23,18,0,3.0,7.67
392207,AB Agarkar,29,24,1,4.0,7.25
392207,AB Dinda,24,12,0,2.0,12.0
392207,BJ Hodge,12,12,1,2.0,6.0
392207,CH Gayle,20,18,0,3.0,6.67
392207,I Sharma,27,24,2,4.0,6.75
392207,IK Pathan,36,24,0,4.0,9.0
392207,LR Shukla,6,6,0,1.0,6.0
392207,M Kartik,17,18,0,3.0,5.67
392207,PP Chawla,25,24,2,4.0,6.25
392207,RR Powar,7,12,0,2.0,3.5
392207,SC Ganguly,9,6,0,1.0,9.0
392207,VS Malik,23,24,0,4.0,5.75
392207,YA Abdulla,33,24,1,4.0,8.25
392207,Yuvraj Singh,22,12,0,2.0,11.0
392208,A Kumble,18,12,0,2.0,9.0
392208,AM Nayar,22,24,0,4.0,5.5
392208,D du Preez,29,24,3,4.0,7.25
392208,DJ Bravo,31,18,0,3.0,10.33
392208,Harbhajan Singh,14,12,0,2.0,7.0
392208,JH Kallis,20,24,0,4.0,5.0
392208,P Kumar,15,18,0,3.0,5.0
392208,R Vinay Kumar,32,24,0,4.0,8.0
392208,RE van der Merwe,27,18,1,3.0,9.0
392208,SL Malinga,24,19,0,3.1666666666666665,7.58
392208,SR Tendulkar,21,12,0,2.0,10.5
392208,ST Jayasuriya,20,12,0,2.0,10.0
392208,Z Khan,10,12,1,2.0,5.0
392209,DR Smith,19,12,0,2.0,9.5
392209,JA Morkel,23,18,2,3.0,7.67
392209,L Balaji,18,6,0,1.0,18.0
392209,M Muralitharan,10,18,2,3.0,3.33
392209,PP Ojha,25,24,0,4.0,6.25
392209,RG Sharma,8,6,0,1.0,8.0
392209,RJ Harris,39,24,0,4.0,9.75
392209,RP Singh,34,24,1,4.0,8.5
392209,S Tyagi,8,12,1,2.0,4.0
392209,SB Jakati,22,24,4,4.0,5.5
392209,SK Raina,12,10,1,1.6666666666666665,7.2
392209,Shoaib Ahmed,14,12,1,2.0,7.0
392209,TL Suman,29,18,1,3.0,9.67
392210,A Singh,9,24,3,4.0,2.25
392210,IK Pathan,40,24,1,4.0,10.0
392210,K Goel,11,6,0,1.0,11.0
392210,PP Chawla,30,24,2,4.0,7.5
392210,RA Jadeja,6,6,0,1.0,6.0
392210,RR Powar,33,18,1,3.0,11.0
392210,S Sreesanth,38,24,0,4.0,9.5
392210,SK Trivedi,20,24,1,4.0,5.0
392210,SK Warne,36,18,2,3.0,12.0
392210,SM Harwood,15,24,1,4.0,3.75
392210,YA Abdulla,39,18,0,3.0,13.0
392210,YK Pathan,28,24,1,4.0,7.0
392210,Yuvraj Singh,9,6,0,1.0,9.0
392211,A Mishra,18,24,0,4.0,4.5
392211,A Nehra,21,24,1,4.0,5.25
392211,AB Agarkar,24,18,1,3.0,8.0
392211,AB Dinda,17,12,0,2.0,8.5
392211,BJ Hodge,11,12,0,2.0,5.5
392211,DP Nannes,48,24,0,4.0,12.0
392211,I Sharma,43,24,0,4.0,10.75
392211,M Kartik,18,24,0,4.0,4.5
392211,MC Henriques,36,24,0,4.0,9.0
392211,PJ Sangwan,24,24,2,4.0,6.0
392211,R Bhatia,35,24,0,4.0,8.75
392212,DJ Bravo,16,18,1,3.0,5.33
392212,DR Smith,13,6,0,1.0,13.0
392212,DS Kulkarni,19,24,1,4.0,4.75
392212,Harbhajan Singh,23,12,0,2.0,11.5
392212,Harmeet Singh,28,18,0,3.0,9.33
392212,RG Sharma,6,12,4,2.0,3.0
392212,RJ Harris,25,24,0,4.0,6.25
392212,RP Singh,18,24,2,4.0,4.5
392212,RR Raje,25,18,1,3.0,8.33
392212,SL Malinga,22,24,2,4.0,5.5
392212,ST Jayasuriya,31,24,1,4.0,7.75
392212,Shoaib Ahmed,19,12,0,2.0,9.5
392212,TL Suman,14,24,2,4.0,3.5
392213,A Kumble,12,12,1,2.0,6.0
392213,A Singh,16,24,4,4.0,4.0
392213,AS Raut,6,6,0,1.0,6.0
392213,D du Preez,24,18,1,3.0,8.0
392213,JH Kallis,19,24,1,4.0,4.75
392213,LA Carseldine,5,6,1,1.0,5.0
392213,M Morkel,19,24,1,4.0,4.75
392213,MM Patel,15,12,1,2.0,7.5
392213,P Kumar,30,24,0,4.0,7.5
392213,R Vinay Kumar,8,6,0,1.0,8.0
392213,RA Jadeja,15,24,3,4.0,3.75
392213,RE van der Merwe,11,6,0,1.0,11.0
392213,SK Warne,23,24,0,4.0,5.75
392214,IK Pathan,38,24,1,4.0,9.5
392214,JA Morkel,35,18,1,3.0,11.67
392214,K Goel,23,18,0,3.0,7.67
392214,L Balaji,40,24,1,4.0,10.0
392214,M Muralitharan,36,24,0,4.0,9.0
392214,MS Gony,19,6,0,1.0,19.0
392214,PP Chawla,28,18,1,3.0,9.33
392214,S Sreesanth,36,24,1,4.0,9.0
392214,S Tyagi,10,12,0,2.0,5.0
392214,SB Jakati,20,12,1,2.0,10.0
392214,SK Raina,8,12,0,2.0,4.0
392214,VRV Singh,36,12,0,2.0,18.0
392214,YA Abdulla,18,12,0,2.0,9.0
392215,A Mishra,17,24,0,4.0,4.25
392215,A Nehra,23,24,2,4.0,5.75
392215,DJ Bravo,2,6,0,1.0,2.0
392215,DP Nannes,31,24,3,4.0,7.75
392215,DS Kulkarni,9,18,0,3.0,3.0
392215,Harbhajan Singh,21,24,1,4.0,5.25
392215,JP Duminy,13,24,1,4.0,3.25
392215,PJ Sangwan,17,24,1,4.0,4.25
392215,R Bhatia,14,24,4,4.0,3.5
392215,RR Raje,22,11,0,1.8333333333333335,12.0
392215,SL Malinga,26,24,1,4.0,6.5
392215,SR Tendulkar,19,6,0,1.0,19.0
392216,A Symonds,19,6,0,1.0,19.0
392216,B Lee,20,24,1,4.0,5.0
392216,IK Pathan,41,24,1,4.0,10.25
392216,PP Chawla,26,18,1,3.0,8.67
392216,PP Ojha,23,24,1,4.0,5.75
392216,RG Sharma,12,12,2,2.0,6.0
392216,RJ Harris,28,18,0,3.0,9.33
392216,RP Singh,26,17,0,2.8333333333333335,9.18
392216,S Sreesanth,37,24,1,4.0,9.25
392216,Shoaib Ahmed,25,18,2,3.0,8.33
392216,TL Suman,24,18,2,3.0,8.0
392216,WA Mota,24,24,1,4.0,6.0
392216,Y Venugopal Rao,3,6,0,1.0,3.0
392216,Yuvraj Singh,11,6,0,1.0,11.0
392217,A Singh,25,18,1,3.0,8.33
392217,JA Morkel,22,18,1,3.0,7.33
392217,JDP Oram,8,6,0,1.0,8.0
392217,L Balaji,13,18,1,3.0,4.33
392217,M Muralitharan,22,24,2,4.0,5.5
392217,RA Jadeja,14,14,0,2.3333333333333335,6.0
392217,S Tyagi,12,12,0,2.0,6.0
392217,SB Jakati,34,24,2,4.0,8.5
392217,SK Raina,21,18,1,3.0,7.0
392217,SK Trivedi,22,18,1,3.0,7.33
392217,SK Warne,22,24,0,4.0,5.5
392217,SM Harwood,21,12,0,2.0,10.5
392217,YK Pathan,27,24,0,4.0,6.75
392218,A Kumble,32,24,0,4.0,8.0
392218,A Mithun,39,24,0,4.0,9.75
392218,C Nanda,32,24,1,4.0,8.0
392218,DJ Bravo,26,24,1,4.0,6.5
392218,DS Kulkarni,24,24,1,4.0,6.0
392218,Harbhajan Singh,13,24,2,4.0,3.25
392218,JH Kallis,20,18,0,3.0,6.67
392218,KP Appanna,13,12,0,2.0,6.5
392218,R Vinay Kumar,29,24,1,4.0,7.25
392218,RE van der Merwe,17,18,1,3.0,5.67
392218,SL Malinga,32,24,1,4.0,8.0
392219,A Mishra,13,24,3,4.0,3.25
392219,A Nehra,27,24,2,4.0,6.75
392219,AB Agarkar,17,18,0,3.0,5.67
392219,BJ Hodge,2,6,0,1.0,2.0
392219,DP Nannes,13,24,2,4.0,3.25
392219,I Sharma,21,24,2,4.0,5.25
392219,M Kartik,20,24,0,4.0,5.0
392219,MC Henriques,33,24,1,4.0,8.25
392219,PJ Sangwan,31,18,1,3.0,10.33
392219,R Bhatia,13,6,0,1.0,13.0
392219,SS Sarkar,19,7,0,1.1666666666666667,16.29
392219,TM Dilshan,18,24,0,4.0,4.5
392220,A Symonds,30,24,0,4.0,7.5
392220,AS Raut,13,6,0,1.0,13.0
392220,DR Smith,4,6,0,1.0,4.0
392220,M Morkel,19,18,0,3.0,6.33
392220,MM Patel,3,6,0,1.0,3.0
392220,PP Ojha,25,21,3,3.5,7.14
392220,RA Jadeja,26,24,2,4.0,6.5
392220,RG Sharma,12,18,4,3.0,4.0
392220,RP Singh,20,24,1,4.0,5.0
392220,SK Trivedi,33,18,1,3.0,11.0
392220,SK Warne,36,24,1,4.0,9.0
392220,WPUJC Vaas,18,24,2,4.0,4.5
392220,YK Pathan,34,24,3,4.0,8.5
392221,A Kumble,28,24,1,4.0,7.0
392221,AB Agarkar,45,24,1,4.0,11.25
392221,AD Mathews,30,14,0,2.3333333333333335,12.86
392221,B Akhil,30,18,1,3.0,10.0
392221,BAW Mendis,20,24,1,4.0,5.0
392221,DJ Hussey,10,6,0,1.0,10.0
392221,I Sharma,30,24,0,4.0,7.5
392221,JD Ryder,25,24,0,4.0,6.25
392221,JH Kallis,34,24,0,4.0,8.5
392221,KP Appanna,10,6,0,1.0,10.0
392221,M Kartik,26,24,2,4.0,6.5
392221,R Vinay Kumar,33,24,2,4.0,8.25
392222,AM Rahane,5,6,1,1.0,5.0
392222,B Lee,19,24,1,4.0,4.75
392222,DJ Bravo,15,12,2,2.0,7.5
392222,DS Kulkarni,24,18,1,3.0,8.0
392222,Harbhajan Singh,9,24,1,4.0,2.25
392222,IK Pathan,14,20,0,3.3333333333333335,4.2
392222,JP Duminy,15,24,2,4.0,3.75
392222,K Goel,16,12,0,2.0,8.0
392222,PP Chawla,32,24,1,4.0,8.0
392222,RR Raje,5,6,0,1.0,5.0
392222,S Sreesanth,21,6,0,1.0,21.0
392222,SL Malinga,25,24,1,4.0,6.25
392222,ST Jayasuriya,3,6,0,1.0,3.0
392222,Yuvraj Singh,14,12,0,2.0,7.0
392223,A Mishra,39,18,0,3.0,13.0
392223,A Nehra,46,24,2,4.0,11.5
392223,A Symonds,17,18,1,3.0,5.67
392223,DP Nannes,30,24,1,4.0,7.5
392223,DR Smith,25,24,1,4.0,6.25
392223,PJ Sangwan,15,24,3,4.0,3.75
392223,PP Ojha,25,24,2,4.0,6.25
392223,R Bhatia,15,16,4,2.6666666666666665,5.62
392223,RP Singh,25,24,0,4.0,6.25
392223,Shoaib Ahmed,24,6,0,1.0,24.0
392223,TM Dilshan,8,12,0,2.0,4.0
392223,WPUJC Vaas,43,24,3,4.0,10.75
392224,A Kumble,12,24,2,4.0,3.0
392224,B Akhil,2,6,0,1.0,2.0
392224,JA Morkel,12,24,2,4.0,3.0
392224,JDP Oram,12,10,2,1.6666666666666665,7.2
392224,JH Kallis,18,24,2,4.0,4.5
392224,L Balaji,31,24,2,4.0,7.75
392224,M Muralitharan,24,24,1,4.0,6.0
392224,P Kumar,35,22,3,3.6666666666666665,9.55
392224,R Vinay Kumar,29,18,2,3.0,9.67
392224,RE van der Merwe,29,24,1,4.0,7.25
392224,S Tyagi,20,12,1,2.0,10.0
392224,SB Jakati,25,24,0,4.0,6.25
392225,C Nanda,4,6,1,1.0,4.0
392225,DJ Bravo,28,18,1,3.0,9.33
392225,DS Kulkarni,28,24,0,4.0,7.0
392225,Harbhajan Singh,31,24,1,4.0,7.75
392225,J Botha,26,24,1,4.0,6.5
392225,JP Duminy,17,18,0,3.0,5.67
392225,MM Patel,22,23,4,3.8333333333333335,5.74
392225,RA Jadeja,16,6,0,1.0,16.0
392225,SK Trivedi,17,24,2,4.0,4.25
392225,SK Warne,19,24,3,4.0,4.75
392225,SL Malinga,27,24,1,4.0,6.75
392225,ST Jayasuriya,3,6,3,1.0,3.0
392225,YK Pathan,24,18,0,3.0,8.0
392226,A Nehra,6,24,1,4.0,1.5
392226,B Lee,13,24,3,4.0,3.25
392226,DL Vettori,15,19,0,3.1666666666666665,4.74
392226,IK Pathan,22,24,3,4.0,5.5
392226,MF Maharoof,22,24,2,4.0,5.5
392226,PJ Sangwan,42,24,1,4.0,10.5
392226,PP Chawla,15,18,0,3.0,5.0
392226,R Bhatia,21,18,0,3.0,7.0
392226,RR Powar,18,18,0,3.0,6.0
392226,S Sreesanth,18,24,2,4.0,4.5
392226,TM Dilshan,7,6,0,1.0,7.0
392226,WA Mota,6,6,1,1.0,6.0
392226,Yuvraj Singh,14,6,0,1.0,14.0
392227,C Nanda,19,18,0,3.0,6.33
392227,DJ Bravo,17,19,1,3.1666666666666665,5.37
392227,DS Kulkarni,40,24,1,4.0,10.0
392227,Harbhajan Singh,22,18,0,3.0,7.33
392227,JA Morkel,28,24,3,4.0,7.0
392227,JP Duminy,9,12,0,2.0,4.5
392227,L Balaji,17,12,0,2.0,8.5
392227,M Muralitharan,19,24,0,4.0,4.75
392227,S Tyagi,29,18,1,3.0,9.67
392227,SB Jakati,26,18,0,3.0,8.67
392227,SK Raina,22,24,1,4.0,5.5
392227,SL Malinga,18,24,1,4.0,4.5
392228,A Symonds,28,24,2,4.0,7.0
392228,AB Agarkar,41,24,1,4.0,10.25
392228,BJ Hodge,23,18,1,3.0,7.67
392228,DJ Hussey,6,6,0,1.0,6.0
392228,Harmeet Singh,40,23,0,3.8333333333333335,10.43
392228,I Sharma,23,24,0,4.0,5.75
392228,M Kartik,12,24,1,4.0,3.0
392228,Mashrafe Mortaza,50,24,0,4.0,12.5
392228,PP Ojha,24,18,0,3.0,8.0
392228,RG Sharma,15,12,1,2.0,7.5
392228,RJ Harris,20,24,2,4.0,5.0
392228,RP Singh,21,19,0,3.1666666666666665,6.63
392229,A Symonds,9,12,2,2.0,4.5
392229,B Lee,25,24,1,4.0,6.25
392229,IK Pathan,28,18,2,3.0,9.33
392229,PP Chawla,20,24,0,4.0,5.0
392229,PP Ojha,12,12,0,2.0,6.0
392229,RG Sharma,23,12,0,2.0,11.5
392229,RJ Harris,29,24,0,4.0,7.25
392229,RP Singh,24,24,3,4.0,6.0
392229,RR Powar,10,12,2,2.0,5.0
392229,S Sreesanth,10,12,0,2.0,5.0
392229,TL Suman,22,24,1,4.0,5.5
392229,WA Mota,18,6,0,1.0,18.0
392229,Y Venugopal Rao,8,12,1,2.0,4.0
392229,Yuvraj Singh,13,24,3,4.0,3.25
392230,A Mishra,30,24,3,4.0,7.5
392230,A Nehra,7,18,1,3.0,2.33
392230,A Singh,23,18,0,3.0,7.67
392230,AM Salvi,18,24,2,4.0,4.5
392230,AS Raut,10,6,0,1.0,10.0
392230,DP Nannes,30,24,1,4.0,7.5
392230,J Botha,22,24,1,4.0,5.5
392230,MF Maharoof,27,24,2,4.0,6.75
392230,MM Patel,30,24,2,4.0,7.5
392230,RA Jadeja,13,12,0,2.0,6.5
392230,SK Trivedi,9,6,0,1.0,9.0
392230,SK Warne,28,24,0,4.0,7.0
392230,TM Dilshan,10,6,0,1.0,10.0
392230,YK Pathan,4,6,0,1.0,4.0
392231,AB Agarkar,40,24,0,4.0,10.0
392231,AB Dinda,29,24,1,4.0,7.25
392231,Anureet Singh,10,6,0,1.0,10.0
392231,BAW Mendis,38,24,0,4.0,9.5
392231,BJ Hodge,12,12,0,2.0,6.0
392231,DJ Hussey,17,12,1,2.0,8.5
392231,JA Morkel,34,18,0,3.0,11.33
392231,L Balaji,40,18,0,3.0,13.33
392231,M Kartik,22,18,1,3.0,7.33
392231,M Muralitharan,16,24,2,4.0,4.0
392231,S Tyagi,29,18,0,3.0,9.67
392231,SB Jakati,36,24,1,4.0,9.0
392231,SK Raina,25,18,0,3.0,8.33
392232,A Kumble,22,24,2,4.0,5.5
392232,A Nehra,19,24,1,4.0,4.75
392232,AB McDonald,22,18,0,3.0,7.33
392232,AM Salvi,30,24,0,4.0,7.5
392232,B Akhil,20,12,0,2.0,10.0
392232,DL Vettori,32,24,0,4.0,8.0
392232,JH Kallis,17,24,1,4.0,4.25
392232,MF Maharoof,9,12,0,2.0,4.5
392232,P Kumar,30,24,3,4.0,7.5
392232,RE van der Merwe,31,24,1,4.0,7.75
392232,V Kohli,11,12,0,2.0,5.5
392232,Y Nagar,19,12,2,2.0,9.5
392233,A Singh,19,21,1,3.5,5.43
392233,AB Agarkar,15,24,3,4.0,3.75
392233,AB Dinda,11,24,1,4.0,2.75
392233,BJ Hodge,22,6,0,1.0,22.0
392233,CK Langeveldt,14,24,3,4.0,3.5
392233,J Botha,19,24,3,4.0,4.75
392233,LR Shukla,19,24,1,4.0,4.75
392233,MM Patel,13,24,2,4.0,3.25
392233,RA Jadeja,13,12,0,2.0,6.5
392233,SK Warne,23,24,0,4.0,5.75
392233,SS Sarkar,15,18,1,3.0,5.0
392233,T Henderson,10,12,0,2.0,5.0
392234,B Lee,16,24,0,4.0,4.0
392234,IK Pathan,31,24,3,4.0,7.75
392234,L Balaji,14,12,0,2.0,7.0
392234,M Muralitharan,8,24,2,4.0,2.0
392234,MS Gony,9,12,0,2.0,4.5
392234,PP Chawla,13,12,1,2.0,6.5
392234,R Ashwin,13,24,2,4.0,3.25
392234,RR Powar,19,24,2,4.0,4.75
392234,S Sreesanth,22,24,2,4.0,5.5
392234,SK Raina,16,24,2,4.0,4.0
392234,T Thushara,26,24,2,4.0,6.5
392234,WA Mota,8,12,1,2.0,4.0
392235,A Mishra,41,24,0,4.0,10.25
392235,AM Nayar,25,12,0,2.0,12.5
392235,AM Salvi,25,24,1,4.0,6.25
392235,DP Nannes,23,24,3,4.0,5.75
392235,DS Kulkarni,36,18,1,3.0,12.0
392235,Harbhajan Singh,16,24,4,4.0,4.0
392235,JP Duminy,14,9,0,1.5,9.33
392235,PJ Sangwan,25,24,3,4.0,6.25
392235,R Bhatia,27,24,1,4.0,6.75
392235,RA Shaikh,11,6,0,1.0,11.0
392235,SL Malinga,36,24,1,4.0,9.0
392235,ST Jayasuriya,19,12,0,2.0,9.5
392236,A Kumble,23,24,2,4.0,5.75
392236,A Symonds,15,24,1,4.0,3.75
392236,B Akhil,17,24,2,4.0,4.25
392236,JH Kallis,8,6,0,1.0,8.0
392236,Jaskaran Singh,31,18,0,3.0,10.33
392236,P Kumar,44,24,1,4.0,11.0
392236,PP Ojha,32,24,2,4.0,8.0
392236,RE van der Merwe,30,24,1,4.0,7.5
392236,RJ Harris,25,24,0,4.0,6.25
392236,RP Singh,47,24,1,4.0,11.75
392236,TL Suman,18,6,0,1.0,18.0
392236,V Kohli,23,18,0,3.0,7.67
392237,A Mishra,19,24,3,4.0,4.75
392237,A Nehra,32,24,1,4.0,8.0
392237,A Symonds,20,18,1,3.0,6.67
392237,DP Nannes,36,18,0,3.0,12.0
392237,Harmeet Singh,15,18,0,3.0,5.0
392237,PJ Sangwan,20,16,0,2.6666666666666665,7.5
392237,PP Ojha,27,18,0,3.0,9.0
392237,RG Sharma,25,18,0,3.0,8.33
392237,RJ Harris,23,24,3,4.0,5.75
392237,RP Singh,31,24,4,4.0,7.75
392237,TM Dilshan,13,18,0,3.0,4.33
392237,V Sehwag,20,6,0,1.0,20.0
392238,A Kumble,30,24,0,4.0,7.5
392238,JA Morkel,26,18,1,3.0,8.67
392238,JDP Oram,7,5,0,0.8333333333333334,8.4
392238,JH Kallis,25,24,1,4.0,6.25
392238,L Balaji,16,12,0,2.0,8.0
392238,M Muralitharan,15,24,1,4.0,3.75
392238,MS Gony,21,12,1,2.0,10.5
392238,P Kumar,26,24,1,4.0,6.5
392238,R Vinay Kumar,38,24,2,4.0,9.5
392238,RE van der Merwe,21,24,1,4.0,5.25
392238,SB Jakati,29,24,1,4.0,7.25
392238,SK Raina,23,18,0,3.0,7.67
392239,A Kumble,16,24,4,4.0,4.0
392239,A Symonds,18,18,2,3.0,6.0
392239,Harmeet Singh,23,24,2,4.0,5.75
392239,JH Kallis,24,24,0,4.0,6.0
392239,P Kumar,38,24,0,4.0,9.5
392239,PP Ojha,28,24,3,4.0,7.0
392239,R Vinay Kumar,29,24,2,4.0,7.25
392239,RE van der Merwe,28,24,0,4.0,7.0
392239,RG Sharma,9,6,0,1.0,9.0
392239,RJ Harris,33,24,1,4.0,8.25
392239,RP Singh,16,24,1,4.0,4.0
419106,A Symonds,24,24,0,4.0,6.0
419106,AD Mathews,25,24,1,4.0,6.25
419106,BJ Hodge,14,12,1,2.0,7.0
419106,CK Langeveldt,23,24,2,4.0,5.75
419106,I Sharma,29,24,1,4.0,7.25
419106,Jaskaran Singh,34,24,1,4.0,8.5
419106,LR Shukla,30,18,1,3.0,10.0
419106,M Kartik,17,18,1,3.0,5.67
419106,PP Ojha,19,24,0,4.0,4.75
419106,RP Singh,32,24,1,4.0,8.0
419106,TL Suman,14,6,0,1.0,14.0
419106,WPUJC Vaas,22,18,2,3.0,7.33
419107,A Uniyal,39,24,3,4.0,9.75
419107,AA Jhunjhunwala,27,12,0,2.0,13.5
419107,AD Mascarenhas,34,24,2,4.0,8.5
419107,AG Murtaza,46,24,1,4.0,11.5
419107,Kamran Khan,10,6,0,1.0,10.0
419107,R McLaren,41,24,0,4.0,10.25
419107,R Sathish,50,18,2,3.0,16.67
419107,SK Warne,28,18,0,3.0,9.33
419107,SL Malinga,21,24,3,4.0,5.25
419107,ST Jayasuriya,19,6,0,1.0,19.0
419107,SW Tait,36,24,2,4.0,9.0
419107,YK Pathan,22,12,0,2.0,11.0
419107,Z Khan,26,24,1,4.0,6.5
419108,A Mishra,23,24,1,4.0,5.75
419108,DP Nannes,10,24,2,4.0,2.5
419108,IK Pathan,25,23,1,3.8333333333333335,6.52
419108,MF Maharoof,35,24,3,4.0,8.75
419108,PJ Sangwan,32,24,1,4.0,8.0
419108,PP Chawla,33,24,1,4.0,8.25
419108,RR Powar,16,6,0,1.0,16.0
419108,S Sreesanth,24,24,2,4.0,6.0
419108,TM Dilshan,7,6,1,1.0,7.0
419108,VY Mahesh,22,18,1,3.0,7.33
419108,YA Abdulla,30,24,1,4.0,7.5
419108,Yuvraj Singh,11,18,0,3.0,3.67
419109,A Kumble,19,24,0,4.0,4.75
419109,AD Mathews,19,24,4,4.0,4.75
419109,BJ Hodge,11,6,0,1.0,11.0
419109,CK Langeveldt,27,24,1,4.0,6.75
419109,DW Steyn,36,24,0,4.0,9.0
419109,I Sharma,26,24,0,4.0,6.5
419109,JH Kallis,34,18,0,3.0,11.33
419109,M Kartik,20,24,2,4.0,5.0
419109,P Kumar,16,24,1,4.0,4.0
419109,RE van der Merwe,24,24,2,4.0,6.0
419109,RS Gavaskar,8,6,0,1.0,8.0
419109,SC Ganguly,18,12,0,2.0,9.0
419109,V Kohli,1,2,0,0.3333333333333333,3.0
419110,A Symonds,29,18,2,3.0,9.67
419110,JA Morkel,40,24,1,4.0,10.0
419110,JM Kemp,14,13,0,2.1666666666666665,6.46
419110,Jaskaran Singh,15,6,0,1.0,15.0
419110,L Balaji,35,24,1,4.0,8.75
419110,M Muralitharan,24,24,0,4.0,6.0
419110,PP Ojha,28,24,2,4.0,7.0
419110,R Ashwin,24,24,2,4.0,6.0
419110,RG Sharma,27,24,1,4.0,6.75
419110,RP Singh,28,18,1,3.0,9.33
419110,S Tyagi,37,11,0,1.8333333333333335,20.18
419110,TL Suman,8,6,0,1.0,8.0
419110,WPUJC Vaas,21,24,3,4.0,5.25
419111,A Mishra,34,24,2,4.0,8.5
419111,A Uniyal,25,12,0,2.0,12.5
419111,AA Jhunjhunwala,2,1,0,0.16666666666666666,12.0
419111,AD Mascarenhas,31,24,2,4.0,7.75
419111,DP Nannes,26,24,2,4.0,6.5
419111,MF Maharoof,31,24,1,4.0,7.75
419111,MM Patel,32,18,1,3.0,10.67
419111,PJ Sangwan,18,24,1,4.0,4.5
419111,S Ladda,27,24,0,4.0,6.75
419111,SK Warne,22,24,1,4.0,5.5
419111,SW Tait,21,24,0,4.0,5.25
419112,A Kumble,39,24,0,4.0,9.75
419112,Bipul Sharma,37,18,1,3.0,12.33
419112,DW Steyn,34,24,1,4.0,8.5
419112,IK Pathan,33,18,0,3.0,11.0
419112,JH Kallis,38,24,1,4.0,9.5
419112,P Kumar,39,24,1,4.0,9.75
419112,PP Chawla,20,18,1,3.0,6.67
419112,R Vinay Kumar,18,12,0,2.0,9.0
419112,RS Bopara,17,12,0,2.0,8.5
419112,S Sreesanth,34,18,0,3.0,11.33
419112,V Kohli,18,12,0,2.0,9.0
419112,YA Abdulla,35,17,0,2.8333333333333335,12.35
419112,Yuvraj Singh,18,12,0,2.0,9.0
419113,AD Mathews,29,18,0,3.0,9.67
419113,BJ Hodge,4,6,1,1.0,4.0
419113,I Sharma,38,24,1,4.0,9.5
419113,JA Morkel,5,12,1,2.0,2.5
419113,JM Kemp,11,18,3,3.0,3.67
419113,L Balaji,9,14,3,2.3333333333333335,3.86
419113,LR Shukla,37,24,1,4.0,9.25
419113,M Kartik,20,24,0,4.0,5.0
419113,M Muralitharan,15,24,1,4.0,3.75
419113,MS Gony,33,18,1,3.0,11.0
419113,R Ashwin,22,24,1,4.0,5.5
419113,SE Bond,33,24,0,4.0,8.25
419113,SK Raina,6,6,0,1.0,6.0
419114,A Mishra,43,24,1,4.0,10.75
419114,DJ Bravo,11,12,2,2.0,5.5
419114,DP Nannes,31,24,1,4.0,7.75
419114,Harbhajan Singh,22,15,1,2.5,8.8
419114,KA Pollard,23,24,1,4.0,5.75
419114,MF Maharoof,43,24,2,4.0,10.75
419114,PJ Sangwan,39,24,1,4.0,9.75
419114,S Ladda,44,24,2,4.0,11.0
419114,SL Malinga,21,12,1,2.0,10.5
419114,ST Jayasuriya,12,24,3,4.0,3.0
419114,Z Khan,20,12,0,2.0,10.0
419115,A Kumble,9,23,5,3.8333333333333335,2.35
419115,DW Steyn,17,24,0,4.0,4.25
419115,JH Kallis,18,24,2,4.0,4.5
419115,M Morkel,30,18,0,3.0,10.0
419115,MM Patel,23,18,0,3.0,7.67
419115,P Kumar,16,24,3,4.0,4.0
419115,R Vinay Kumar,25,24,0,4.0,6.25
419115,S Narwal,21,16,0,2.6666666666666665,7.88
419115,SK Warne,12,12,0,2.0,6.0
419116,A Mishra,22,18,1,3.0,7.33
419116,DP Nannes,15,24,2,4.0,3.75
419116,JA Morkel,25,18,0,3.0,8.33
419116,JM Kemp,14,6,0,1.0,14.0
419116,Joginder Sharma,38,24,1,4.0,9.5
419116,L Balaji,21,18,2,3.0,7.0
419116,M Muralitharan,22,24,2,4.0,5.5
419116,PJ Sangwan,46,24,0,4.0,11.5
419116,R Ashwin,39,24,1,4.0,9.75
419116,R Bhatia,31,12,0,2.0,15.5
419116,SK Raina,12,6,0,1.0,12.0
419116,TM Dilshan,30,13,1,2.1666666666666665,13.85
419116,UT Yadav,36,24,1,4.0,9.0
419117,A Symonds,22,24,1,4.0,5.5
419117,Bipul Sharma,19,12,1,2.0,9.5
419117,IK Pathan,16,18,1,3.0,5.33
419117,Jaskaran Singh,12,6,1,1.0,12.0
419117,PP Chawla,24,18,0,3.0,8.0
419117,PP Ojha,31,24,1,4.0,7.75
419117,RG Sharma,19,18,1,3.0,6.33
419117,RP Singh,42,24,1,4.0,10.5
419117,S Sreesanth,50,24,2,4.0,12.5
419117,SJ Srivastava,39,24,1,4.0,9.75
419117,WPUJC Vaas,26,24,3,4.0,6.5
419117,Yuvraj Singh,21,24,3,4.0,5.25
419118,AB Dinda,28,24,2,4.0,7.0
419118,AC Voges,5,6,0,1.0,5.0
419118,AD Mathews,33,18,0,3.0,11.0
419118,BJ Hodge,12,6,0,1.0,12.0
419118,I Sharma,31,24,2,4.0,7.75
419118,M Kartik,24,24,1,4.0,6.0
419118,MM Patel,20,18,2,3.0,6.67
419118,SE Bond,32,24,2,4.0,8.0
419118,SK Trivedi,26,24,1,4.0,6.5
419118,SK Warne,27,24,0,4.0,6.75
419118,SW Tait,28,24,0,4.0,7.0
419118,YK Pathan,23,24,2,4.0,5.75
419119,A Kumble,18,24,1,4.0,4.5
419119,DJ Bravo,35,19,0,3.1666666666666665,11.05
419119,DW Steyn,23,24,3,4.0,5.75
419119,Harbhajan Singh,35,24,1,4.0,8.75
419119,JH Kallis,35,24,1,4.0,8.75
419119,KA Pollard,24,12,0,2.0,12.0
419119,P Kumar,36,24,1,4.0,9.0
419119,R Vinay Kumar,25,24,3,4.0,6.25
419119,SL Malinga,25,24,0,4.0,6.25
419119,ST Jayasuriya,16,12,0,2.0,8.0
419119,Z Khan,18,24,2,4.0,4.5
419120,A Mishra,10,18,1,3.0,3.33
419120,A Symonds,20,24,3,4.0,5.0
419120,DP Nannes,39,24,1,4.0,9.75
419120,MC Henriques,35,24,1,4.0,8.75
419120,PP Ojha,36,24,2,4.0,9.0
419120,R Sharma,42,24,2,4.0,10.5
419120,RG Sharma,7,6,0,1.0,7.0
419120,RP Singh,31,18,0,3.0,10.33
419120,S Ladda,20,12,1,2.0,10.0
419120,UT Yadav,36,24,1,4.0,9.0
419120,WPUJC Vaas,21,24,2,4.0,5.25
419120,Y Nagar,28,18,1,3.0,9.33
419122,AD Mathews,28,21,0,3.5,8.0
419122,CH Gayle,29,24,0,4.0,7.25
419122,DJ Bravo,34,24,0,4.0,8.5
419122,Harbhajan Singh,17,24,1,4.0,4.25
419122,I Sharma,43,24,2,4.0,10.75
419122,M Kartik,21,24,1,4.0,5.25
419122,R McLaren,36,24,0,4.0,9.0
419122,SE Bond,31,18,0,3.0,10.33
419122,SL Malinga,26,24,0,4.0,6.5
419122,Z Khan,27,24,2,4.0,6.75
419123,A Kumble,15,24,1,4.0,3.75
419123,DW Steyn,22,24,0,4.0,5.5
419123,JA Morkel,28,24,1,4.0,7.0
419123,JH Kallis,29,24,0,4.0,7.25
419123,L Balaji,47,24,1,4.0,11.75
419123,M Muralitharan,24,24,3,4.0,6.0
419123,P Kumar,19,24,1,4.0,4.75
419123,R Ashwin,40,24,0,4.0,10.0
419123,R Vinay Kumar,39,24,5,4.0,9.75
419123,S Tyagi,18,24,0,4.0,4.5
419124,AC Voges,12,12,0,2.0,6.0
419124,IK Pathan,45,24,2,4.0,11.25
419124,J Theron,24,24,0,4.0,6.0
419124,MM Patel,43,24,2,4.0,10.75
419124,PP Chawla,29,24,1,4.0,7.25
419124,S Sreesanth,17,18,1,3.0,5.67
419124,SJ Srivastava,46,24,1,4.0,11.5
419124,SK Trivedi,21,24,2,4.0,5.25
419124,SK Warne,38,24,1,4.0,9.5
419124,SW Tait,21,19,3,3.1666666666666665,6.63
419124,YK Pathan,9,12,2,2.0,4.5
419124,Yuvraj Singh,12,6,0,1.0,12.0
419125,DJ Bravo,42,24,0,4.0,10.5
419125,Harbhajan Singh,24,24,1,4.0,6.0
419125,JA Morkel,24,24,0,4.0,6.0
419125,Joginder Sharma,17,12,1,2.0,8.5
419125,L Balaji,42,24,1,4.0,10.5
419125,M Muralitharan,31,24,2,4.0,7.75
419125,NLTC Perera,19,6,0,1.0,19.0
419125,R McLaren,20,24,1,4.0,5.0
419125,SB Jakati,30,24,1,4.0,7.5
419125,SL Malinga,37,24,0,4.0,9.25
419125,Z Khan,43,24,0,4.0,10.75
419126,A Symonds,9,12,1,2.0,4.5
419126,AA Jhunjhunwala,14,6,0,1.0,14.0
419126,AC Voges,9,12,1,2.0,4.5
419126,PP Ojha,33,18,1,3.0,11.0
419126,R Sharma,30,22,0,3.6666666666666665,8.18
419126,RG Sharma,17,12,0,2.0,8.5
419126,RP Singh,22,12,0,2.0,11.0
419126,S Narwal,35,24,2,4.0,8.75
419126,SK Trivedi,35,18,0,3.0,11.67
419126,SK Warne,15,24,2,4.0,3.75
419126,SW Tait,19,24,4,4.0,4.75
419126,WPUJC Vaas,29,18,0,3.0,9.67
419126,YK Pathan,10,12,0,2.0,5.0
419127,AB Agarkar,32,24,2,4.0,8.0
419127,AB Dinda,17,12,0,2.0,8.5
419127,AD Mathews,26,24,1,4.0,6.5
419127,B Lee,36,24,0,4.0,9.0
419127,CH Gayle,21,18,1,3.0,7.0
419127,DJ Hussey,7,6,0,1.0,7.0
419127,IK Pathan,40,24,2,4.0,10.0
419127,Iqbal Abdulla,12,12,0,2.0,6.0
419127,PP Chawla,34,24,1,4.0,8.5
419127,RS Bopara,18,12,0,2.0,9.0
419127,SE Bond,23,24,2,4.0,5.75
419127,SJ Srivastava,19,18,2,3.0,6.33
419127,VS Malik,15,18,0,3.0,5.0
419128,A Kumble,30,24,0,4.0,7.5
419128,A Mishra,23,24,2,4.0,5.75
419128,AB McDonald,42,24,4,4.0,10.5
419128,DP Nannes,31,24,1,4.0,7.75
419128,DW Steyn,40,24,2,4.0,10.0
419128,JH Kallis,35,24,0,4.0,8.75
419128,P Kumar,42,24,1,4.0,10.5
419128,PJ Sangwan,28,24,1,4.0,7.0
419128,R Vinay Kumar,28,24,1,4.0,7.0
419128,UT Yadav,25,24,1,4.0,6.25
419129,AC Voges,8,6,0,1.0,8.0
419129,JA Morkel,46,24,2,4.0,11.5
419129,Joginder Sharma,23,12,0,2.0,11.5
419129,M Muralitharan,33,24,0,4.0,8.25
419129,S Narwal,48,18,0,3.0,16.0
419129,SB Jakati,30,24,2,4.0,7.5
419129,SK Raina,15,12,0,2.0,7.5
419129,SK Trivedi,18,24,1,4.0,4.5
419129,SK Warne,34,24,1,4.0,8.5
419129,SW Tait,22,24,2,4.0,5.5
419129,T Thushara,27,24,4,4.0,6.75
419129,YK Pathan,24,24,2,4.0,6.0
419130,A Symonds,39,24,0,4.0,9.75
419130,DJ Bravo,16,12,0,2.0,8.0
419130,Harbhajan Singh,29,24,3,4.0,7.25
419130,Jaskaran Singh,19,18,2,3.0,6.33
419130,KA Pollard,20,12,1,2.0,10.0
419130,KAJ Roach,30,24,0,4.0,7.5
419130,PP Ojha,24,24,2,4.0,6.0
419130,R McLaren,23,18,0,3.0,7.67
419130,RG Sharma,14,6,0,1.0,14.0
419130,RP Singh,30,24,3,4.0,7.5
419130,SL Malinga,11,22,3,3.6666666666666665,3.0
419130,Z Khan,21,18,3,3.0,7.0
419131,A Mishra,18,24,1,4.0,4.5
419131,AB Agarkar,19,12,0,2.0,9.5
419131,AB McDonald,36,24,3,4.0,9.0
419131,AD Mathews,11,12,0,2.0,5.5
419131,CH Gayle,38,24,1,4.0,9.5
419131,CK Langeveldt,34,18,2,3.0,11.33
419131,DJ Hussey,24,24,0,4.0,6.0
419131,DP Nannes,14,19,1,3.1666666666666665,4.42
419131,I Sharma,15,6,1,1.0,15.0
419131,M Kartik,26,24,0,4.0,6.5
419131,PD Collingwood,7,5,1,0.8333333333333334,8.4
419131,R Bhatia,27,24,1,4.0,6.75
419131,UT Yadav,23,24,2,4.0,5.75
419132,B Lee,18,15,0,2.5,7.2
419132,DJ Bravo,22,18,1,3.0,7.33
419132,Harbhajan Singh,21,24,1,4.0,5.25
419132,IK Pathan,19,18,1,3.0,6.33
419132,K Goel,7,6,0,1.0,7.0
419132,KA Pollard,18,12,0,2.0,9.0
419132,PP Chawla,27,18,1,3.0,9.0
419132,R McLaren,28,18,1,3.0,9.33
419132,RS Bopara,31,24,3,4.0,7.75
419132,SJ Srivastava,24,24,1,4.0,6.0
419132,SL Malinga,20,24,4,4.0,5.0
419132,VS Malik,21,12,0,2.0,10.5
419132,Z Khan,33,24,3,4.0,8.25
419133,A Kumble,16,24,1,4.0,4.0
419133,C Ganapathy,13,6,0,1.0,13.0
419133,DW Steyn,19,24,1,4.0,4.75
419133,JA Morkel,40,24,0,4.0,10.0
419133,JH Kallis,21,18,1,3.0,7.0
419133,KP Pietersen,26,12,1,2.0,13.0
419133,M Muralitharan,21,24,0,4.0,5.25
419133,MS Gony,36,18,0,3.0,12.0
419133,P Kumar,41,18,0,3.0,13.67
419133,R Vinay Kumar,21,17,1,2.8333333333333335,7.41
419133,SB Jakati,17,24,3,4.0,4.25
419133,T Thushara,29,24,1,4.0,7.25
419134,A Mishra,23,24,4,4.0,5.75
419134,AB McDonald,17,12,0,2.0,8.5
419134,AC Voges,8,6,0,1.0,8.0
419134,MF Maharoof,13,18,3,3.0,4.33
419134,PD Collingwood,6,6,1,1.0,6.0
419134,S Ladda,36,24,1,4.0,9.0
419134,S Narwal,35,24,4,4.0,8.75
419134,SK Trivedi,35,24,0,4.0,8.75
419134,SK Warne,26,24,1,4.0,6.5
419134,SW Tait,46,24,1,4.0,11.5
419134,UT Yadav,21,18,0,3.0,7.0
419134,V Sehwag,2,4,1,0.6666666666666666,3.0
419134,YK Pathan,25,18,0,3.0,8.33
419135,A Symonds,26,24,2,4.0,6.5
419135,AB Agarkar,30,24,1,4.0,7.5
419135,AD Mathews,24,24,1,4.0,6.0
419135,CH Gayle,9,6,1,1.0,9.0
419135,Harmeet Singh,16,12,0,2.0,8.0
419135,Jaskaran Singh,18,18,2,3.0,6.0
419135,KAJ Roach,46,24,0,4.0,11.5
419135,M Kartik,29,24,1,4.0,7.25
419135,MB Parmar,32,18,0,3.0,10.67
419135,PP Ojha,36,24,2,4.0,9.0
419135,RG Sharma,15,12,0,2.0,7.5
419135,SE Bond,26,24,1,4.0,6.5
419135,Y Venugopal Rao,10,6,0,1.0,10.0
419136,A Kumble,31,24,1,4.0,7.75
419136,B Lee,43,24,0,4.0,10.75
419136,Bipul Sharma,26,24,2,4.0,6.5
419136,DW Steyn,30,24,1,4.0,7.5
419136,IK Pathan,35,19,1,3.1666666666666665,11.05
419136,JH Kallis,40,24,1,4.0,10.0
419136,KP Pietersen,8,6,0,1.0,8.0
419136,P Kumar,36,24,1,4.0,9.0
419136,PP Chawla,22,12,0,2.0,11.0
419136,R Vinay Kumar,24,18,1,3.0,8.0
419136,S Sreesanth,12,12,0,2.0,6.0
419136,SJ Srivastava,21,12,1,2.0,10.5
419136,Yuvraj Singh,14,12,0,2.0,7.0
419137,AA Jhunjhunwala,18,12,0,2.0,9.0
419137,DE Bollinger,12,24,2,4.0,3.0
419137,JA Morkel,56,24,2,4.0,14.0
419137,M Muralitharan,51,24,1,4.0,12.75
419137,S Narwal,41,12,0,2.0,20.5
419137,S Tyagi,43,24,0,4.0,10.75
419137,SB Jakati,37,18,0,3.0,12.33
419137,SB Wagh,16,6,1,1.0,16.0
419137,SK Raina,8,6,0,1.0,8.0
419137,SK Warne,32,18,1,3.0,10.67
419137,SR Watson,46,24,3,4.0,11.5
419137,SW Tait,43,24,0,4.0,10.75
419137,YK Pathan,44,24,0,4.0,11.0
419138,A Symonds,31,24,0,4.0,7.75
419138,DJ Bravo,12,12,1,2.0,6.0
419138,Harbhajan Singh,16,18,2,3.0,5.33
419138,Jaskaran Singh,27,12,0,2.0,13.5
419138,KA Pollard,22,24,2,4.0,5.5
419138,PP Ojha,26,24,3,4.0,6.5
419138,R McLaren,28,24,2,4.0,7.0
419138,R Sharma,24,18,1,3.0,8.0
419138,RG Sharma,23,18,0,3.0,7.67
419138,RJ Harris,40,24,1,4.0,10.0
419138,SL Malinga,19,20,1,3.3333333333333335,5.7
419138,Z Khan,10,12,2,2.0,5.0
419139,AB Agarkar,35,18,0,3.0,11.67
419139,AD Mathews,32,18,0,3.0,10.67
419139,CH Gayle,16,6,0,1.0,16.0
419139,DJ Hussey,13,6,0,1.0,13.0
419139,IK Pathan,35,24,1,4.0,8.75
419139,J Theron,35,24,1,4.0,8.75
419139,JD Unadkat,32,14,0,2.3333333333333335,13.71
419139,M Kartik,40,24,1,4.0,10.0
419139,PP Chawla,26,12,0,2.0,13.0
419139,RR Powar,22,24,0,4.0,5.5
419139,RS Bopara,36,18,1,3.0,12.0
419139,SE Bond,31,24,1,4.0,7.75
419139,SJ Srivastava,33,18,0,3.0,11.0
419140,A Kumble,33,24,1,4.0,8.25
419140,A Mishra,27,24,3,4.0,6.75
419140,A Mithun,37,18,1,3.0,12.33
419140,CL White,18,6,0,1.0,18.0
419140,DL Vettori,40,24,1,4.0,10.0
419140,JH Kallis,26,18,1,3.0,8.67
419140,KP Appanna,24,24,2,4.0,6.0
419140,KP Pietersen,3,6,0,1.0,3.0
419140,MF Maharoof,28,24,1,4.0,7.0
419140,PJ Sangwan,22,24,3,4.0,5.5
419140,R Bhatia,24,24,1,4.0,6.0
419140,R Vinay Kumar,35,24,0,4.0,8.75
419141,A Symonds,18,12,0,2.0,9.0
419141,AP Dole,40,24,2,4.0,10.0
419141,DR Smith,22,17,1,2.8333333333333335,7.76
419141,Harmeet Singh,24,24,3,4.0,6.0
419141,M Morkel,32,24,0,4.0,8.0
419141,PP Ojha,36,18,1,3.0,12.0
419141,RJ Harris,31,24,2,4.0,7.75
419141,RP Singh,16,24,3,4.0,4.0
419141,SK Trivedi,15,17,4,2.8333333333333335,5.29
419141,SK Warne,21,24,4,4.0,5.25
419141,SR Watson,36,18,0,3.0,12.0
419141,YK Pathan,3,12,0,2.0,1.5
419142,AN Ahmed,20,12,0,2.0,10.0
419142,DE Bollinger,38,24,1,4.0,9.5
419142,DJ Bravo,20,12,1,2.0,10.0
419142,Harbhajan Singh,21,24,1,4.0,5.25
419142,KA Pollard,27,24,2,4.0,6.75
419142,R Ashwin,20,24,2,4.0,5.0
419142,R McLaren,24,18,0,3.0,8.0
419142,R Sathish,5,6,0,1.0,5.0
419142,S Tyagi,19,18,1,3.0,6.33
419142,SB Jakati,26,24,2,4.0,6.5
419142,SK Raina,11,15,1,2.5,4.4
419142,SL Malinga,30,24,0,4.0,7.5
419142,T Thushara,8,15,2,2.5,3.2
419143,AP Dole,34,24,2,4.0,8.5
419143,Bipul Sharma,12,6,0,1.0,12.0
419143,FY Fazal,6,6,1,1.0,6.0
419143,IK Pathan,17,6,0,1.0,17.0
419143,J Theron,23,12,0,2.0,11.5
419143,PP Chawla,27,24,0,4.0,6.75
419143,RR Powar,18,12,0,2.0,9.0
419143,RS Bopara,16,12,1,2.0,8.0
419143,S Sreesanth,34,18,0,3.0,11.33
419143,SK Trivedi,21,24,2,4.0,5.25
419143,SK Warne,40,18,0,3.0,13.33
419143,SR Watson,18,24,1,4.0,4.5
419143,YK Pathan,25,24,0,4.0,6.25
419144,A Mishra,39,24,0,4.0,9.75
419144,AB Agarkar,35,24,1,4.0,8.75
419144,AB Dinda,20,24,3,4.0,5.0
419144,AD Mathews,43,18,0,3.0,14.33
419144,BAW Mendis,21,24,2,4.0,5.25
419144,DL Vettori,29,24,2,4.0,7.25
419144,Iqbal Abdulla,28,24,2,4.0,7.0
419144,MF Maharoof,30,18,0,3.0,10.0
419144,PD Collingwood,18,12,0,2.0,9.0
419144,PJ Sangwan,29,18,0,3.0,9.67
419144,R Bhatia,29,24,1,4.0,7.25
419144,SC Ganguly,11,6,0,1.0,11.0
419145,A Kumble,37,24,1,4.0,9.25
419145,A Symonds,33,18,1,3.0,11.0
419145,DW Steyn,34,24,0,4.0,8.5
419145,Harmeet Singh,11,6,0,1.0,11.0
419145,JH Kallis,32,24,0,4.0,8.0
419145,MR Marsh,34,24,1,4.0,8.5
419145,P Kumar,36,24,1,4.0,9.0
419145,PP Ojha,24,24,2,4.0,6.0
419145,R Vinay Kumar,39,20,1,3.3333333333333335,11.7
419145,RJ Harris,30,24,2,4.0,7.5
419145,RP Singh,37,24,0,4.0,9.25
419146,B Lee,38,24,0,4.0,9.5
419146,Harbhajan Singh,33,24,0,4.0,8.25
419146,IK Pathan,29,24,3,4.0,7.25
419146,JP Duminy,15,18,1,3.0,5.0
419146,KA Pollard,8,6,1,1.0,8.0
419146,L Ablish,16,12,3,2.0,8.0
419146,PP Chawla,24,24,3,4.0,6.0
419146,R McLaren,13,12,0,2.0,6.5
419146,R Sathish,13,12,0,2.0,6.5
419146,RR Powar,28,24,0,4.0,7.0
419146,SL Malinga,36,24,2,4.0,9.0
419146,Yuvraj Singh,15,12,0,2.0,7.5
419146,Z Khan,36,20,0,3.3333333333333335,10.8
419147,A Symonds,23,24,1,4.0,5.75
419147,DE Bollinger,29,18,0,3.0,9.67
419147,DR Smith,14,6,0,1.0,14.0
419147,Harmeet Singh,21,24,2,4.0,5.25
419147,PP Ojha,20,18,1,3.0,6.67
419147,R Ashwin,12,24,2,4.0,3.0
419147,RG Sharma,17,12,0,2.0,8.5
419147,RJ Harris,18,24,3,4.0,4.5
419147,RP Singh,17,12,1,2.0,8.5
419147,S Tyagi,12,6,0,1.0,12.0
419147,SB Jakati,29,24,1,4.0,7.25
419147,SK Raina,24,19,1,3.1666666666666665,7.58
419147,T Thushara,25,24,0,4.0,6.25
419148,A Kumble,12,24,1,4.0,3.0
419148,AB Agarkar,29,18,0,3.0,9.67
419148,AB Dinda,15,19,2,3.1666666666666665,4.74
419148,AD Mathews,25,18,1,3.0,8.33
419148,BAW Mendis,39,24,0,4.0,9.75
419148,DW Steyn,26,24,1,4.0,6.5
419148,I Sharma,43,24,0,4.0,10.75
419148,JH Kallis,30,24,3,4.0,7.5
419148,P Kumar,35,18,0,3.0,11.67
419148,R Vinay Kumar,22,18,4,3.0,7.33
419148,S Sriram,24,12,0,2.0,12.0
419149,A Mishra,15,24,1,4.0,3.75
419149,A Nehra,8,12,0,2.0,4.0
419149,DL Vettori,26,22,0,3.6666666666666665,7.09
419149,IK Pathan,21,22,3,3.6666666666666665,5.73
419149,J Theron,11,12,1,2.0,5.5
419149,L Ablish,17,12,2,2.0,8.5
419149,MF Maharoof,16,12,0,2.0,8.0
419149,PD Collingwood,19,24,2,4.0,4.75
419149,PP Chawla,16,24,2,4.0,4.0
419149,R Bhatia,19,12,0,2.0,9.5
419149,RR Powar,14,24,1,4.0,3.5
419149,V Sehwag,3,6,0,1.0,3.0
419149,Yuvraj Singh,14,24,1,4.0,3.5
419150,AA Jhunjhunwala,6,6,0,1.0,6.0
419150,AP Dole,31,18,1,3.0,10.33
419150,DS Kulkarni,35,24,1,4.0,8.75
419150,Harbhajan Singh,19,24,3,4.0,4.75
419150,KA Pollard,19,12,1,2.0,9.5
419150,SK Trivedi,34,24,1,4.0,8.5
419150,SK Warne,33,24,0,4.0,8.25
419150,SL Malinga,23,24,0,4.0,5.75
419150,SR Watson,36,24,3,4.0,9.0
419150,ST Jayasuriya,16,12,0,2.0,8.0
419150,YK Pathan,22,24,0,4.0,5.5
419150,Z Khan,17,24,3,4.0,4.25
419151,A Kumble,25,24,1,4.0,6.25
419151,A Symonds,33,24,1,4.0,8.25
419151,DW Steyn,16,24,3,4.0,4.0
419151,Harmeet Singh,22,24,2,4.0,5.5
419151,JH Kallis,40,24,0,4.0,10.0
419151,KP Appanna,25,18,1,3.0,8.33
419151,PP Ojha,22,24,2,4.0,5.5
419151,R Vinay Kumar,19,18,1,3.0,6.33
419151,RJ Harris,31,22,3,3.6666666666666665,8.45
419151,RP Singh,17,24,2,4.0,4.25
419151,V Kohli,16,12,0,2.0,8.0
419152,A Mishra,30,18,0,3.0,10.0
419152,A Nehra,29,24,1,4.0,7.25
419152,AB McDonald,42,24,1,4.0,10.5
419152,AG Murtaza,18,24,3,4.0,4.5
419152,CRD Fernando,30,24,2,4.0,7.5
419152,DJ Bravo,25,12,0,2.0,12.5
419152,Harbhajan Singh,24,24,1,4.0,6.0
419152,KA Pollard,15,24,1,4.0,3.75
419152,PD Collingwood,27,24,0,4.0,6.75
419152,PJ Sangwan,30,24,2,4.0,7.5
419152,S Ladda,14,6,0,1.0,14.0
419152,Z Khan,23,12,0,2.0,11.5
419153,AB Agarkar,13,12,0,2.0,6.5
419153,AB Dinda,24,12,0,2.0,12.0
419153,AD Mathews,14,6,0,1.0,14.0
419153,CH Gayle,25,18,1,3.0,8.33
419153,DE Bollinger,15,24,2,4.0,3.75
419153,DJ Hussey,22,12,0,2.0,11.0
419153,Iqbal Abdulla,21,15,0,2.5,8.4
419153,JA Morkel,9,12,0,2.0,4.5
419153,LR Shukla,9,6,0,1.0,9.0
419153,M Muralitharan,40,24,1,4.0,10.0
419153,R Ashwin,15,24,2,4.0,3.75
419153,SB Jakati,22,24,1,4.0,5.5
419153,SK Raina,18,12,1,2.0,9.0
419154,A Kumble,23,24,0,4.0,5.75
419154,AC Voges,17,6,0,1.0,17.0
419154,DW Steyn,14,24,1,4.0,3.5
419154,JH Kallis,18,24,1,4.0,4.5
419154,Kamran Khan,30,18,2,3.0,10.0
419154,Pankaj Singh,27,24,2,4.0,6.75
419154,R Vinay Kumar,36,24,2,4.0,9.0
419154,SK Trivedi,32,22,2,3.6666666666666665,8.73
419154,SK Warne,28,24,1,4.0,7.0
419154,SR Watson,24,24,0,4.0,6.0
419155,A Mishra,12,24,2,4.0,3.0
419155,A Nehra,26,24,3,4.0,6.5
419155,DE Bollinger,22,24,2,4.0,5.5
419155,DP Nannes,20,19,1,3.1666666666666665,6.32
419155,JA Morkel,15,16,0,2.6666666666666665,5.62
419155,L Balaji,10,12,0,2.0,5.0
419155,R Ashwin,24,24,1,4.0,6.0
419155,SB Jakati,14,18,1,3.0,4.67
419155,SK Raina,15,18,0,3.0,5.0
419155,TM Dilshan,19,24,1,4.0,4.75
419155,UT Yadav,8,6,0,1.0,8.0
419155,V Sehwag,18,24,2,4.0,4.5
419156,A Symonds,16,12,0,2.0,8.0
419156,IK Pathan,34,18,1,3.0,11.33
419156,J Theron,29,24,1,4.0,7.25
419156,MR Marsh,32,24,0,4.0,8.0
419156,PP Chawla,24,24,1,4.0,6.0
419156,PP Ojha,18,12,0,2.0,9.0
419156,R Sharma,17,18,1,3.0,5.67
419156,RG Sharma,8,6,0,1.0,8.0
419156,RJ Harris,25,24,1,4.0,6.25
419156,RP Singh,50,24,1,4.0,12.5
419156,SJ Srivastava,34,24,0,4.0,8.5
419156,VS Malik,22,13,1,2.1666666666666665,10.15
419156,Yuvraj Singh,22,12,1,2.0,11.0
419157,A Kumble,36,24,1,4.0,9.0
419157,CRD Fernando,24,24,2,4.0,6.0
419157,DW Steyn,17,24,0,4.0,4.25
419157,Harbhajan Singh,28,24,2,4.0,7.0
419157,JH Kallis,40,24,2,4.0,10.0
419157,KA Pollard,26,24,3,4.0,6.5
419157,KP Pietersen,10,6,1,1.0,10.0
419157,Pankaj Singh,47,24,0,4.0,11.75
419157,R McLaren,21,24,1,4.0,5.25
419157,R Vinay Kumar,26,18,0,3.0,8.67
419157,Z Khan,30,24,1,4.0,7.5
419158,AB Dinda,24,24,3,4.0,6.0
419158,AC Voges,15,6,0,1.0,15.0
419158,AJ Finch,5,7,0,1.1666666666666667,4.29
419158,FY Fazal,14,6,0,1.0,14.0
419158,JD Unadkat,26,24,3,4.0,6.5
419158,Kamran Khan,11,12,2,2.0,5.5
419158,LR Shukla,30,24,1,4.0,7.5
419158,M Kartik,31,24,1,4.0,7.75
419158,SE Bond,18,24,1,4.0,4.5
419158,SK Trivedi,16,12,0,2.0,8.0
419158,SK Warne,19,18,0,3.0,6.33
419158,SR Watson,17,18,0,3.0,5.67
419158,YK Pathan,29,18,0,3.0,9.67
419159,DE Bollinger,38,24,0,4.0,9.5
419159,IK Pathan,44,22,0,3.6666666666666665,12.0
419159,J Theron,42,24,1,4.0,10.5
419159,JA Morkel,47,24,1,4.0,11.75
419159,JM Kemp,12,6,0,1.0,12.0
419159,PP Chawla,28,24,1,4.0,7.0
419159,R Ashwin,20,24,1,4.0,5.0
419159,RR Powar,27,24,1,4.0,6.75
419159,S Tyagi,23,12,0,2.0,11.5
419159,SB Jakati,14,6,0,1.0,14.0
419159,SK Raina,33,24,1,4.0,8.25
419159,VRV Singh,36,18,0,3.0,12.0
419159,Yuvraj Singh,7,6,0,1.0,7.0
419160,A Mishra,28,24,1,4.0,7.0
419160,A Nehra,32,24,2,4.0,8.0
419160,A Symonds,8,12,0,2.0,4.0
419160,DP Nannes,22,24,0,4.0,5.5
419160,Harmeet Singh,40,24,2,4.0,10.0
419160,MR Marsh,17,12,1,2.0,8.5
419160,PD Collingwood,23,18,1,3.0,7.67
419160,PP Ojha,16,24,2,4.0,4.0
419160,R Sharma,28,24,1,4.0,7.0
419160,TM Dilshan,14,6,0,1.0,14.0
419160,UT Yadav,23,24,3,4.0,5.75
419160,WPUJC Vaas,19,24,1,4.0,4.75
419161,AB Dinda,19,24,2,4.0,4.75
419161,AG Murtaza,22,24,0,4.0,5.5
419161,CRD Fernando,25,18,0,3.0,8.33
419161,DJ Bravo,6,12,0,2.0,3.0
419161,DJ Hussey,14,12,0,2.0,7.0
419161,JD Unadkat,27,24,1,4.0,6.75
419161,JP Duminy,22,15,0,2.5,8.8
419161,M Kartik,20,24,2,4.0,5.0
419161,MK Tiwary,10,6,1,1.0,10.0
419161,R McLaren,25,18,0,3.0,8.33
419161,R Sathish,10,12,1,2.0,5.0
419161,SC Ganguly,13,6,0,1.0,13.0
419161,SE Bond,24,24,2,4.0,6.0
419161,STR Binny,9,6,0,1.0,9.0
419162,A Kumble,26,24,1,4.0,6.5
419162,CRD Fernando,25,24,1,4.0,6.25
419162,DW Steyn,40,24,3,4.0,10.0
419162,Harbhajan Singh,41,24,1,4.0,10.25
419162,JH Kallis,25,12,0,2.0,12.5
419162,KA Pollard,15,24,4,4.0,3.75
419162,KP Pietersen,20,24,1,4.0,5.0
419162,P Kumar,24,18,0,3.0,8.0
419162,R Vinay Kumar,24,12,0,2.0,12.0
419162,SL Malinga,23,24,2,4.0,5.75
419162,V Kohli,10,6,0,1.0,10.0
419162,Z Khan,34,24,0,4.0,8.5
419163,A Symonds,17,24,1,4.0,4.25
419163,DE Bollinger,13,24,4,4.0,3.25
419163,Harmeet Singh,22,24,1,4.0,5.5
419163,JA Morkel,15,18,1,3.0,5.0
419163,M Muralitharan,16,24,1,4.0,4.0
419163,PP Ojha,27,24,1,4.0,6.75
419163,R Ashwin,14,24,1,4.0,3.5
419163,RJ Harris,28,24,3,4.0,7.0
419163,RP Singh,32,24,1,4.0,8.0
419163,SB Jakati,38,24,2,4.0,9.5
419163,SK Raina,0,2,1,0.3333333333333333,0.0
419164,A Kumble,16,21,4,3.5,4.57
419164,A Symonds,17,18,0,3.0,5.67
419164,B Akhil,6,6,0,1.0,6.0
419164,DW Steyn,9,18,1,3.0,3.0
419164,Harmeet Singh,7,6,0,1.0,7.0
419164,JH Kallis,3,12,2,2.0,1.5
419164,KP Pietersen,10,6,0,1.0,10.0
419164,ND Doshi,16,24,1,4.0,4.0
419164,P Kumar,18,24,2,4.0,4.5
419164,PP Ojha,22,23,0,3.8333333333333335,5.74
419164,R Sharma,24,18,1,3.0,8.0
419164,RJ Harris,13,18,0,3.0,4.33
419165,CRD Fernando,21,24,2,4.0,5.25
419165,DE Bollinger,31,24,2,4.0,7.75
419165,Harbhajan Singh,30,24,0,4.0,7.5
419165,JA Morkel,19,18,2,3.0,6.33
419165,KA Pollard,45,24,1,4.0,11.25
419165,M Muralitharan,17,24,1,4.0,4.25
419165,R Ashwin,22,24,0,4.0,5.5
419165,SB Jakati,26,18,2,3.0,8.67
419165,SK Raina,19,12,2,2.0,9.5
419165,SL Malinga,28,24,1,4.0,7.0
419165,Z Khan,33,24,1,4.0,8.25
501198,Iqbal Abdulla,26,24,1,4.0,6.5
501198,JA Morkel,31,18,0,3.0,10.33
501198,JH Kallis,34,18,2,3.0,11.33
501198,L Balaji,25,24,0,4.0,6.25
501198,R Ashwin,21,24,1,4.0,5.25
501198,R Bhatia,19,18,0,3.0,6.33
501198,S Ladda,29,18,0,3.0,9.67
501198,S Randiv,32,24,2,4.0,8.0
501198,SB Jakati,26,24,1,4.0,6.5
501198,SK Raina,3,6,2,1.0,3.0
501198,TG Southee,30,24,1,4.0,7.5
501198,YK Pathan,17,18,1,3.0,5.67
501199,A Mishra,28,24,0,4.0,7.0
501199,A Singh,35,24,3,4.0,8.75
501199,AL Menaria,8,6,0,1.0,8.0
501199,DT Christian,25,18,0,3.0,8.33
501199,DW Steyn,17,24,2,4.0,4.25
501199,I Sharma,22,24,0,4.0,5.5
501199,J Botha,31,24,0,4.0,7.75
501199,JDP Oram,13,12,0,2.0,6.5
501199,PP Ojha,44,23,0,3.8333333333333335,11.48
501199,SK Trivedi,15,24,3,4.0,3.75
501199,SK Warne,17,24,2,4.0,4.25
501199,STR Binny,14,6,0,1.0,14.0
501200,A Mithun,12,6,0,1.0,12.0
501200,AUK Pathan,13,12,0,2.0,6.5
501200,DL Vettori,17,24,1,4.0,4.25
501200,DP Nannes,30,18,1,3.0,10.0
501200,M Muralitharan,27,24,0,4.0,6.75
501200,R Vinay Kumar,25,22,1,3.6666666666666665,6.82
501200,RA Jadeja,27,24,1,4.0,6.75
501200,RP Singh,25,18,0,3.0,8.33
501200,RV Gomez,20,6,1,1.0,20.0
501200,S Sreesanth,23,18,1,3.0,7.67
501200,TM Dilshan,30,24,1,4.0,7.5
501200,V Kohli,14,12,1,2.0,7.0
501200,Z Khan,28,24,1,4.0,7.0
501201,AB Dinda,7,12,0,2.0,3.5
501201,AG Murtaza,20,24,3,4.0,5.0
501201,AJ Finch,12,12,0,2.0,6.0
501201,Harbhajan Singh,13,18,1,3.0,4.33
501201,IK Pathan,11,17,1,2.8333333333333335,3.88
501201,JEC Franklin,9,6,0,1.0,9.0
501201,KA Pollard,17,18,0,3.0,5.67
501201,M Morkel,26,24,1,4.0,6.5
501201,MM Patel,20,18,0,3.0,6.67
501201,RE van der Merwe,16,24,0,4.0,4.0
501201,SL Malinga,12,22,5,3.6666666666666665,3.27
501201,UT Yadav,16,12,0,2.0,8.0
501202,AC Thomas,26,24,2,4.0,6.5
501202,AM Nayar,25,19,1,3.1666666666666665,7.89
501202,JD Ryder,8,18,1,3.0,2.67
501202,M Kartik,8,5,1,0.8333333333333334,9.6
501202,M Manhas,14,18,0,3.0,4.67
501202,NJ Rimmington,19,18,0,3.0,6.33
501202,P Kumar,27,18,1,3.0,9.0
501202,PP Chawla,12,6,0,1.0,12.0
501202,R McLaren,26,18,1,3.0,8.67
501202,R Sharma,12,12,0,2.0,6.0
501202,SB Wagh,13,18,3,3.0,4.33
501202,WD Parnell,20,24,1,4.0,5.0
501203,A Mishra,19,24,2,4.0,4.75
501203,DB Ravi Teja,9,6,0,1.0,9.0
501203,DT Christian,18,12,0,2.0,9.0
501203,DW Steyn,32,24,1,4.0,8.0
501203,I Sharma,27,18,0,3.0,9.0
501203,Iqbal Abdulla,24,24,3,4.0,6.0
501203,JD Unadkat,34,24,2,4.0,8.5
501203,JP Duminy,23,12,1,2.0,11.5
501203,L Balaji,30,24,1,4.0,7.5
501203,PP Ojha,25,24,0,4.0,6.25
501203,R Bhatia,29,24,2,4.0,7.25
501203,RN ten Doeschate,6,6,0,1.0,6.0
501203,YK Pathan,22,18,0,3.0,7.33
501204,A Singh,17,24,1,4.0,4.25
501204,AB Dinda,31,21,1,3.5,8.86
501204,IK Pathan,31,18,1,3.0,10.33
501204,J Botha,36,24,0,4.0,9.0
501204,M Morkel,11,24,1,4.0,2.75
501204,RE van der Merwe,41,24,1,4.0,10.25
501204,S Nadeem,25,24,0,4.0,6.25
501204,SK Trivedi,34,24,1,4.0,8.5
501204,SK Warne,17,24,2,4.0,4.25
501204,SW Tait,38,24,2,4.0,9.5
501205,A Mithun,29,18,0,3.0,9.67
501205,AG Murtaza,26,24,0,4.0,6.5
501205,AUK Pathan,30,21,0,3.5,8.57
501205,DL Vettori,18,24,0,4.0,4.5
501205,DP Nannes,0,6,1,1.0,0.0
501205,Harbhajan Singh,25,24,0,4.0,6.25
501205,JEC Franklin,9,6,0,1.0,9.0
501205,KA Pollard,24,24,2,4.0,6.0
501205,MM Patel,10,18,0,3.0,3.33
501205,SL Malinga,31,24,2,4.0,7.75
501205,TM Dilshan,12,6,0,1.0,12.0
501205,V Kohli,15,12,0,2.0,7.5
501205,Z Khan,35,24,0,4.0,8.75
501206,AM Nayar,24,12,0,2.0,12.0
501206,BA Bhatt,34,18,0,3.0,11.33
501206,JA Morkel,38,18,1,3.0,12.67
501206,P Kumar,37,24,2,4.0,9.25
501206,PP Chawla,33,18,1,3.0,11.0
501206,R Ashwin,36,24,0,4.0,9.0
501206,R McLaren,29,24,0,4.0,7.25
501206,RJ Harris,25,24,1,4.0,6.25
501206,S Randiv,32,24,2,4.0,8.0
501206,SB Jakati,28,13,0,2.1666666666666665,12.92
501206,SB Styris,13,6,0,1.0,13.0
501206,SK Raina,12,6,0,1.0,12.0
501206,TG Southee,33,24,1,4.0,8.25
501207,AC Thomas,31,18,1,3.0,10.33
501207,BJ Hodge,13,12,2,2.0,6.5
501207,JD Ryder,8,12,2,2.0,4.0
501207,M Kartik,27,24,0,4.0,6.75
501207,M Muralitharan,41,23,1,3.8333333333333335,10.7
501207,R Sharma,18,24,1,4.0,4.5
501207,R Vinay Kumar,12,18,1,3.0,4.0
501207,RA Jadeja,27,24,2,4.0,6.75
501207,RP Singh,30,18,0,3.0,10.0
501207,S Sreesanth,17,18,0,3.0,5.67
501207,SB Wagh,10,12,0,2.0,5.0
501207,WD Parnell,30,24,4,4.0,7.5
501207,Yuvraj Singh,12,6,0,1.0,12.0
501208,A Mishra,40,24,1,4.0,10.0
501208,DL Vettori,29,24,0,4.0,7.25
501208,DT Christian,20,24,1,4.0,5.0
501208,DW Steyn,20,24,3,4.0,5.0
501208,I Sharma,21,24,1,4.0,5.25
501208,JJ van der Wath,27,24,1,4.0,6.75
501208,MS Gony,31,24,3,4.0,7.75
501208,R Ninan,34,18,1,3.0,11.33
501208,S Aravind,25,18,0,3.0,8.33
501208,TM Dilshan,22,12,0,2.0,11.0
501208,Z Khan,31,24,3,4.0,7.75
501209,A Singh,25,15,1,2.5,10.0
501209,AL Menaria,16,12,0,2.0,8.0
501209,B Lee,23,24,0,4.0,5.75
501209,Iqbal Abdulla,14,12,0,2.0,7.0
501209,J Botha,13,12,0,2.0,6.5
501209,JH Kallis,29,24,0,4.0,7.25
501209,L Balaji,29,24,0,4.0,7.25
501209,ND Doshi,23,12,0,2.0,11.5
501209,R Bhatia,12,6,0,1.0,12.0
501209,SK Trivedi,29,24,0,4.0,7.25
501209,SK Warne,28,24,0,4.0,7.0
501209,SR Watson,18,12,0,2.0,9.0
501209,Shakib Al Hasan,29,24,2,4.0,7.25
501209,YK Pathan,4,6,2,1.0,4.0
501210,AG Murtaza,36,24,0,4.0,9.0
501210,Harbhajan Singh,33,24,0,4.0,8.25
501210,KA Pollard,39,18,0,3.0,13.0
501210,MM Patel,15,18,0,3.0,5.0
501210,NLTC Perera,37,24,0,4.0,9.25
501210,R Sathish,11,6,0,1.0,11.0
501210,R Vinay Kumar,45,24,1,4.0,11.25
501210,RA Jadeja,28,24,0,4.0,7.0
501210,RP Singh,15,24,0,4.0,3.75
501210,RR Powar,12,6,0,1.0,12.0
501210,RV Gomez,28,18,1,3.0,9.33
501210,SL Malinga,39,24,2,4.0,9.75
501211,DL Vettori,23,24,0,4.0,5.75
501211,JA Morkel,33,24,2,4.0,8.25
501211,JJ van der Wath,48,24,2,4.0,12.0
501211,R Ashwin,21,24,1,4.0,5.25
501211,R Ninan,31,18,2,3.0,10.33
501211,S Randiv,24,24,2,4.0,6.0
501211,SB Jakati,35,18,1,3.0,11.67
501211,SK Raina,9,6,0,1.0,9.0
501211,TG Southee,31,24,1,4.0,7.75
501211,TM Dilshan,21,12,0,2.0,10.5
501211,V Kohli,23,18,0,3.0,7.67
501211,Z Khan,33,24,1,4.0,8.25
501212,A Mishra,28,24,2,4.0,7.0
501212,AM Nayar,10,6,0,1.0,10.0
501212,DT Christian,28,16,0,2.6666666666666665,10.5
501212,DW Steyn,21,18,0,3.0,7.0
501212,I Sharma,20,24,0,4.0,5.0
501212,JP Duminy,19,12,0,2.0,9.5
501212,MS Gony,34,12,0,2.0,17.0
501212,P Kumar,29,24,0,4.0,7.25
501212,PC Valthaty,28,24,4,4.0,7.0
501212,PP Chawla,17,12,1,2.0,8.5
501212,R McLaren,26,18,2,3.0,8.67
501212,RJ Harris,31,24,1,4.0,7.75
501212,VS Malik,13,12,0,2.0,6.5
501213,AA Jhunjhunwala,10,6,0,1.0,10.0
501213,AB Dinda,41,24,2,4.0,10.25
501213,AC Thomas,22,12,0,2.0,11.0
501213,IK Pathan,27,18,0,3.0,9.0
501213,JD Ryder,34,20,1,3.3333333333333335,10.2
501213,JR Hopes,25,24,1,4.0,6.25
501213,R Sharma,29,24,2,4.0,7.25
501213,S Nadeem,38,24,2,4.0,9.5
501213,SB Wagh,36,18,0,3.0,12.0
501213,UT Yadav,30,24,0,4.0,7.5
501213,WD Parnell,20,12,0,2.0,10.0
501213,Y Venugopal Rao,14,6,0,1.0,14.0
501213,Yuvraj Singh,29,24,4,4.0,7.25
501214,A Singh,7,6,0,1.0,7.0
501214,B Lee,11,14,1,2.3333333333333335,4.71
501214,Iqbal Abdulla,17,18,2,3.0,5.67
501214,L Balaji,15,18,3,3.0,5.0
501214,R Bhatia,4,6,1,1.0,4.0
501214,SK Trivedi,8,6,0,1.0,8.0
501214,SK Warne,17,24,1,4.0,4.25
501214,SR Watson,19,24,0,4.0,4.75
501214,SW Tait,19,23,1,3.8333333333333335,4.96
501214,Shakib Al Hasan,21,24,2,4.0,5.25
501214,YK Pathan,8,12,1,2.0,4.0
501215,DE Bollinger,18,18,1,3.0,6.0
501215,JA Morkel,17,12,0,2.0,8.5
501215,NLTC Perera,31,24,2,4.0,7.75
501215,R Ashwin,31,24,2,4.0,7.75
501215,R Vinay Kumar,16,18,0,3.0,5.33
501215,RA Jadeja,14,6,0,1.0,14.0
501215,RP Singh,23,24,1,4.0,5.75
501215,RR Powar,24,18,0,3.0,8.0
501215,RV Gomez,20,12,1,2.0,10.0
501215,SB Jakati,30,18,0,3.0,10.0
501215,TG Southee,36,18,0,3.0,12.0
501216,A Mishra,28,24,1,4.0,7.0
501216,AB Dinda,33,24,1,4.0,8.25
501216,DT Christian,38,24,2,4.0,9.5
501216,DW Steyn,23,24,0,4.0,5.75
501216,Harmeet Singh,22,24,2,4.0,5.5
501216,IK Pathan,27,24,1,4.0,6.75
501216,JR Hopes,36,24,1,4.0,9.0
501216,M Morkel,30,24,0,4.0,7.5
501216,PP Ojha,21,18,1,3.0,7.0
501216,S Dhawan,7,6,1,1.0,7.0
501216,S Nadeem,24,18,1,3.0,8.0
501216,Y Nagar,13,6,0,1.0,13.0
501218,AC Thomas,16,24,1,4.0,4.0
501218,AG Murtaza,18,24,2,4.0,4.5
501218,AN Ahmed,13,18,2,3.0,4.33
501218,JD Ryder,15,12,0,2.0,7.5
501218,JEC Franklin,28,18,1,3.0,9.33
501218,KA Pollard,12,6,0,1.0,12.0
501218,M Kartik,27,24,0,4.0,6.75
501218,MM Patel,8,14,3,2.3333333333333335,3.43
501218,R Sharma,14,18,1,3.0,4.67
501218,SB Wagh,9,12,1,2.0,4.5
501218,SL Malinga,25,24,2,4.0,6.25
501218,WD Parnell,28,24,0,4.0,7.0
501218,Yuvraj Singh,5,6,0,1.0,5.0
501219,B Lee,32,24,1,4.0,8.0
501219,Iqbal Abdulla,23,24,0,4.0,5.75
501219,L Balaji,21,24,0,4.0,5.25
501219,M Muralitharan,16,24,1,4.0,4.0
501219,R Vinay Kumar,21,24,3,4.0,5.25
501219,RA Jadeja,24,24,1,4.0,6.0
501219,RP Singh,25,24,2,4.0,6.25
501219,RR Powar,29,24,1,4.0,7.25
501219,Shakib Al Hasan,28,24,3,4.0,7.0
501219,YK Pathan,20,24,3,4.0,5.0
501220,AL Menaria,7,6,0,1.0,7.0
501220,AM Nayar,3,6,0,1.0,3.0
501220,AS Raut,8,6,0,1.0,8.0
501220,BA Bhatt,20,18,2,3.0,6.67
501220,P Kumar,22,24,2,4.0,5.5
501220,PC Valthaty,19,12,0,2.0,9.5
501220,PP Chawla,24,24,1,4.0,6.0
501220,R McLaren,24,12,1,2.0,12.0
501220,RJ Harris,33,24,1,4.0,8.25
501220,SK Trivedi,50,24,0,4.0,12.5
501220,SK Warne,50,24,1,4.0,12.5
501220,SR Watson,24,24,3,4.0,6.0
501220,STR Binny,17,12,0,2.0,8.5
501220,SW Tait,18,24,3,4.0,4.5
501221,AN Ahmed,18,12,0,2.0,9.0
501221,DE Bollinger,24,24,2,4.0,6.0
501221,Harbhajan Singh,17,24,5,4.0,4.25
501221,JA Morkel,19,24,1,4.0,4.75
501221,Joginder Sharma,32,18,0,3.0,10.67
501221,KA Pollard,26,24,1,4.0,6.5
501221,MM Patel,39,24,1,4.0,9.75
501221,R Ashwin,25,24,0,4.0,6.25
501221,R Sathish,13,6,0,1.0,13.0
501221,RG Sharma,15,6,0,1.0,15.0
501221,S Randiv,28,18,1,3.0,9.33
501221,SK Raina,22,12,0,2.0,11.0
501221,SL Malinga,17,24,2,4.0,4.25
501222,CH Gayle,7,12,0,2.0,3.5
501222,DL Vettori,27,24,1,4.0,6.75
501222,Iqbal Abdulla,11,12,0,2.0,5.5
501222,J Syed Mohammad,20,24,1,4.0,5.0
501222,JD Unadkat,24,18,0,3.0,8.0
501222,L Balaji,39,24,1,4.0,9.75
501222,MK Tiwary,14,6,0,1.0,14.0
501222,R Bhatia,28,18,0,3.0,9.33
501222,S Aravind,36,18,3,3.0,12.0
501222,Shakib Al Hasan,29,13,0,2.1666666666666665,13.38
501222,TM Dilshan,14,12,0,2.0,7.0
501222,V Kohli,9,6,0,1.0,9.0
501222,YK Pathan,25,18,0,3.0,8.33
501222,Z Khan,44,24,0,4.0,11.0
501223,AB Agarkar,46,24,2,4.0,11.5
501223,AM Nayar,22,12,1,2.0,11.0
501223,DJ Hussey,19,6,1,1.0,19.0
501223,IK Pathan,26,18,1,3.0,8.67
501223,JR Hopes,43,24,1,4.0,10.75
501223,M Morkel,26,24,1,4.0,6.5
501223,P Kumar,42,24,1,4.0,10.5
501223,PC Valthaty,13,6,0,1.0,13.0
501223,PP Chawla,36,24,1,4.0,9.0
501223,RJ Harris,43,24,0,4.0,10.75
501223,SJ Srivastava,40,24,0,4.0,10.0
501223,VR Aaron,36,24,1,4.0,9.0
501223,Y Nagar,16,6,0,1.0,16.0
501224,A Mishra,14,24,2,4.0,3.5
501224,AN Ahmed,26,24,1,4.0,6.5
501224,DT Christian,48,24,0,4.0,12.0
501224,DW Steyn,39,24,0,4.0,9.75
501224,Harbhajan Singh,27,24,1,4.0,6.75
501224,I Sharma,38,24,1,4.0,9.5
501224,KA Pollard,14,12,2,2.0,7.0
501224,MM Patel,35,24,1,4.0,8.75
501224,PP Ojha,28,24,1,4.0,7.0
501224,R Sathish,12,12,0,2.0,6.0
501224,SL Malinga,9,24,3,4.0,2.25
501225,A Singh,25,24,1,4.0,6.25
501225,J Botha,18,24,1,4.0,4.5
501225,M Muralitharan,27,19,0,3.1666666666666665,8.53
501225,NLTC Perera,11,12,1,2.0,5.5
501225,R Vinay Kumar,27,18,0,3.0,9.0
501225,RA Jadeja,24,18,1,3.0,8.0
501225,RP Singh,11,12,0,2.0,5.5
501225,RV Gomez,9,6,0,1.0,9.0
501225,SK Trivedi,19,24,4,4.0,4.75
501225,SK Warne,16,24,3,4.0,4.0
501225,SR Watson,22,24,1,4.0,5.5
501226,AC Thomas,28,24,2,4.0,7.0
501226,DE Bollinger,19,24,3,4.0,4.75
501226,JA Morkel,26,24,4,4.0,6.5
501226,JE Taylor,28,24,3,4.0,7.0
501226,M Kartik,29,24,0,4.0,7.25
501226,NL McCullum,12,12,0,2.0,6.0
501226,R Ashwin,19,24,2,4.0,4.75
501226,R Sharma,27,24,1,4.0,6.75
501226,S Randiv,23,24,0,4.0,5.75
501226,SB Jakati,12,12,0,2.0,6.0
501226,SK Raina,11,12,0,2.0,5.5
501226,Yuvraj Singh,14,12,0,2.0,7.0
501227,A Mithun,32,24,2,4.0,8.0
501227,AB Dinda,30,21,1,3.5,8.57
501227,CH Gayle,20,12,0,2.0,10.0
501227,DL Vettori,24,24,2,4.0,6.0
501227,IK Pathan,26,18,0,3.0,8.67
501227,J Syed Mohammad,17,12,0,2.0,8.5
501227,JR Hopes,24,24,1,4.0,6.0
501227,M Morkel,23,24,3,4.0,5.75
501227,S Aravind,29,24,1,4.0,7.25
501227,UT Yadav,37,24,1,4.0,9.25
501227,Y Nagar,3,6,1,1.0,3.0
501227,Z Khan,25,24,1,4.0,6.25
501228,AC Thomas,22,21,0,3.5,6.29
501228,DE Bollinger,20,24,3,4.0,5.0
501228,JD Ryder,20,12,1,2.0,10.0
501228,JE Taylor,25,24,0,4.0,6.25
501228,KMDN Kulasekara,25,18,1,3.0,8.33
501228,M Kartik,27,24,1,4.0,6.75
501228,MR Marsh,7,6,0,1.0,7.0
501228,R Ashwin,29,24,1,4.0,7.25
501228,R Sharma,26,24,0,4.0,6.5
501228,SB Jakati,15,12,0,2.0,7.5
501228,SK Raina,16,18,0,3.0,5.33
501228,TG Southee,31,24,1,4.0,7.75
501228,Yuvraj Singh,10,6,0,1.0,10.0
501229,A Mishra,12,24,1,4.0,3.0
501229,DT Christian,11,18,0,3.0,3.67
501229,DW Steyn,14,21,3,3.5,4.0
501229,I Sharma,11,18,5,3.0,3.67
501229,MS Gony,19,18,1,3.0,6.33
501229,NLTC Perera,30,24,2,4.0,7.5
501229,R Vinay Kumar,25,24,3,4.0,6.25
501229,RA Jadeja,25,18,0,3.0,8.33
501229,RP Singh,19,24,2,4.0,4.75
501229,RV Gomez,4,6,0,1.0,4.0
501229,S Sreesanth,19,24,0,4.0,4.75
501230,AB Agarkar,33,24,2,4.0,8.25
501230,B Lee,21,24,2,4.0,5.25
501230,IK Pathan,16,24,1,4.0,4.0
501230,Iqbal Abdulla,24,24,3,4.0,6.0
501230,JD Unadkat,24,24,1,4.0,6.0
501230,JH Kallis,11,12,0,2.0,5.5
501230,JR Hopes,22,24,1,4.0,5.5
501230,L Balaji,38,24,2,4.0,9.5
501230,M Morkel,41,24,1,4.0,10.25
501230,UT Yadav,28,24,2,4.0,7.0
501230,YK Pathan,6,12,1,2.0,3.0
501231,A Singh,13,24,2,4.0,3.25
501231,AG Murtaza,15,24,0,4.0,3.75
501231,AL Menaria,20,24,2,4.0,5.0
501231,Harbhajan Singh,20,18,0,3.0,6.67
501231,J Botha,6,12,3,2.0,3.0
501231,KA Pollard,15,12,0,2.0,7.5
501231,MM Patel,18,24,2,4.0,4.5
501231,R Sathish,5,7,0,1.1666666666666667,4.29
501231,SK Trivedi,13,12,0,2.0,6.5
501231,SK Warne,12,24,1,4.0,3.0
501231,SL Malinga,20,24,1,4.0,5.0
501231,SR Watson,23,24,0,4.0,5.75
501232,A Mithun,26,24,0,4.0,6.5
501232,AC Thomas,23,24,2,4.0,5.75
501232,CH Gayle,8,12,1,2.0,4.0
501232,DL Vettori,23,24,1,4.0,5.75
501232,J Syed Mohammad,25,12,1,2.0,12.5
501232,JD Ryder,20,12,0,2.0,10.0
501232,JE Taylor,43,24,1,4.0,10.75
501232,Kamran Khan,47,18,0,3.0,15.67
501232,M Manhas,9,6,0,1.0,9.0
501232,R Sharma,27,24,2,4.0,6.75
501232,S Aravind,32,24,1,4.0,8.0
501232,Yuvraj Singh,10,12,0,2.0,5.0
501232,Z Khan,32,24,1,4.0,8.0
501233,AB Agarkar,23,24,2,4.0,5.75
501233,B Akhil,20,12,0,2.0,10.0
501233,IK Pathan,22,24,2,4.0,5.5
501233,M Morkel,18,24,3,4.0,4.5
501233,R Vinay Kumar,41,24,2,4.0,10.25
501233,RA Jadeja,24,24,1,4.0,6.0
501233,RE van der Merwe,20,23,3,3.8333333333333335,5.22
501233,RP Singh,28,24,1,4.0,7.0
501233,RR Powar,20,12,1,2.0,10.0
501233,S Sreesanth,8,24,2,4.0,2.0
501233,UT Yadav,28,18,0,3.0,9.33
501234,B Lee,26,24,1,4.0,6.5
501234,BA Bhatt,22,24,2,4.0,5.5
501234,Bipul Sharma,7,12,0,2.0,3.5
501234,DJ Hussey,19,12,0,2.0,9.5
501234,Iqbal Abdulla,19,24,3,4.0,4.75
501234,L Balaji,21,18,0,3.0,7.0
501234,MK Tiwary,8,6,0,1.0,8.0
501234,P Kumar,14,12,0,2.0,7.0
501234,PC Valthaty,13,12,0,2.0,6.5
501234,PP Chawla,25,20,0,3.3333333333333335,7.5
501234,R Bhatia,17,24,1,4.0,4.25
501234,RJ Harris,8,12,0,2.0,4.0
501234,YK Pathan,22,24,1,4.0,5.5
501235,A Singh,29,18,0,3.0,9.67
501235,AC Thomas,27,24,1,4.0,6.75
501235,AL Menaria,10,6,0,1.0,10.0
501235,J Botha,23,24,1,4.0,5.75
501235,JE Taylor,22,21,0,3.5,6.29
501235,M Kartik,39,24,0,4.0,9.75
501235,NL McCullum,22,18,0,3.0,7.33
501235,R Sharma,13,24,3,4.0,3.25
501235,SK Trivedi,28,24,4,4.0,7.0
501235,SK Warne,31,24,1,4.0,7.75
501235,SR Watson,17,24,1,4.0,4.25
501235,Yuvraj Singh,9,6,0,1.0,9.0
501236,A Mishra,34,18,0,3.0,11.33
501236,DE Bollinger,26,24,3,4.0,6.5
501236,DT Christian,12,18,0,3.0,4.0
501236,Harmeet Singh,25,18,1,3.0,8.33
501236,I Sharma,40,24,0,4.0,10.0
501236,JA Morkel,36,24,3,4.0,9.0
501236,JP Duminy,20,18,0,3.0,6.67
501236,PP Ojha,25,24,4,4.0,6.25
501236,R Ashwin,23,24,0,4.0,5.75
501236,S Randiv,33,24,0,4.0,8.25
501236,SB Jakati,23,24,2,4.0,5.75
501237,A Symonds,11,6,1,1.0,11.0
501237,AN Ahmed,22,18,0,3.0,7.33
501237,BA Bhatt,26,24,0,4.0,6.5
501237,Bipul Sharma,20,24,1,4.0,5.0
501237,Harbhajan Singh,25,24,2,4.0,6.25
501237,KA Pollard,17,18,1,3.0,5.67
501237,MM Patel,18,24,2,4.0,4.5
501237,P Kumar,28,18,0,3.0,9.33
501237,PC Valthaty,10,6,0,1.0,10.0
501237,PP Chawla,37,24,2,4.0,9.25
501237,RJ Harris,33,24,2,4.0,8.25
501237,SL Malinga,19,24,2,4.0,4.75
501237,TL Suman,12,6,0,1.0,12.0
501238,AB Agarkar,18,18,0,3.0,6.0
501238,IK Pathan,31,24,0,4.0,7.75
501238,M Morkel,26,18,1,3.0,8.67
501238,P Parameswaran,29,24,2,4.0,7.25
501238,R Vinay Kumar,24,24,2,4.0,6.0
501238,RA Jadeja,14,12,0,2.0,7.0
501238,RE van der Merwe,13,18,2,3.0,4.33
501238,RP Singh,27,24,1,4.0,6.75
501238,RV Gomez,16,12,0,2.0,8.0
501238,S Sreesanth,23,24,1,4.0,5.75
501238,UT Yadav,15,6,0,1.0,15.0
501238,Y Nagar,14,6,0,1.0,14.0
501239,A Mishra,21,18,1,3.0,7.0
501239,B Lee,30,24,1,4.0,7.5
501239,DT Christian,35,24,1,4.0,8.75
501239,DW Steyn,31,24,1,4.0,7.75
501239,I Sharma,35,24,0,4.0,8.75
501239,Iqbal Abdulla,34,24,2,4.0,8.5
501239,JH Kallis,11,12,1,2.0,5.5
501239,L Balaji,25,18,0,3.0,8.33
501239,PP Ojha,32,24,1,4.0,8.0
501239,R Bhatia,26,24,2,4.0,6.5
501239,S Dhawan,4,6,0,1.0,4.0
501239,YK Pathan,18,18,0,3.0,6.0
501240,AL Menaria,12,6,0,1.0,12.0
501240,DE Bollinger,26,24,0,4.0,6.5
501240,J Botha,22,24,1,4.0,5.5
501240,JA Morkel,24,24,2,4.0,6.0
501240,ND Doshi,24,12,0,2.0,12.0
501240,R Ashwin,35,24,1,4.0,8.75
501240,S Randiv,32,24,1,4.0,8.0
501240,SB Jakati,22,24,2,4.0,5.5
501240,SK Trivedi,34,22,1,3.6666666666666665,9.27
501240,SK Warne,14,18,0,3.0,4.67
501240,SR Watson,27,24,0,4.0,6.75
501240,STR Binny,12,6,0,1.0,12.0
501241,A Symonds,7,6,0,1.0,7.0
501241,AC Thomas,49,24,1,4.0,12.25
501241,DS Kulkarni,19,24,0,4.0,4.75
501241,Harbhajan Singh,17,18,1,3.0,5.67
501241,JD Ryder,11,6,0,1.0,11.0
501241,JE Taylor,34,24,2,4.0,8.5
501241,KA Pollard,36,24,2,4.0,9.0
501241,MM Patel,30,24,1,4.0,7.5
501241,R Sharma,7,24,2,4.0,1.75
501241,SB Wagh,21,18,0,3.0,7.0
501241,SL Malinga,20,24,3,4.0,5.0
501241,Yuvraj Singh,22,24,2,4.0,5.5
501242,B Lee,41,24,0,4.0,10.25
501242,Iqbal Abdulla,16,12,0,2.0,8.0
501242,JD Unadkat,24,24,2,4.0,6.0
501242,JH Kallis,20,18,1,3.0,6.67
501242,P Parameswaran,21,24,0,4.0,5.25
501242,R Bhatia,22,18,1,3.0,7.33
501242,R Vinay Kumar,28,24,3,4.0,7.0
501242,RA Jadeja,7,6,0,1.0,7.0
501242,RP Singh,43,24,2,4.0,10.75
501242,RV Gomez,14,24,2,4.0,3.5
501242,S Ladda,11,6,0,1.0,11.0
501242,S Sreesanth,23,18,0,3.0,7.67
501242,YK Pathan,15,18,1,3.0,5.0
501243,A Mishra,53,24,1,4.0,13.25
501243,AB Agarkar,29,24,2,4.0,7.25
501243,AM Salvi,25,24,1,4.0,6.25
501243,B Chipli,20,6,0,1.0,20.0
501243,DT Christian,26,24,1,4.0,6.5
501243,DW Steyn,22,24,2,4.0,5.5
501243,I Malhotra,23,6,0,1.0,23.0
501243,I Sharma,14,24,2,4.0,3.5
501243,IK Pathan,18,18,0,3.0,6.0
501243,JP Duminy,11,6,0,1.0,11.0
501243,JR Hopes,28,18,1,3.0,9.33
501243,M Morkel,37,24,1,4.0,9.25
501243,Y Nagar,14,6,0,1.0,14.0
501243,Y Venugopal Rao,12,6,0,1.0,12.0
501244,A Mithun,28,18,0,3.0,9.33
501244,AM Nayar,9,6,0,1.0,9.0
501244,CH Gayle,21,24,3,4.0,5.25
501244,DL Vettori,14,24,1,4.0,3.5
501244,L Ablish,39,18,0,3.0,13.0
501244,P Kumar,37,24,0,4.0,9.25
501244,PP Chawla,37,24,2,4.0,9.25
501244,R McLaren,39,24,1,4.0,9.75
501244,RJ Harris,38,24,3,4.0,9.5
501244,S Aravind,14,24,4,4.0,3.5
501244,V Kohli,5,6,0,1.0,5.0
501244,Z Khan,32,24,1,4.0,8.0
501245,B Lee,8,24,0,4.0,2.0
501245,DE Bollinger,6,6,0,1.0,6.0
501245,Iqbal Abdulla,14,24,1,4.0,3.5
501245,JA Morkel,13,12,0,2.0,6.5
501245,JD Unadkat,11,6,0,1.0,11.0
501245,JH Kallis,9,6,0,1.0,9.0
501245,L Balaji,32,24,2,4.0,8.0
501245,R Ashwin,11,18,2,3.0,3.67
501245,R Bhatia,10,12,0,2.0,5.0
501245,S Randiv,13,12,0,2.0,6.5
501245,SB Jakati,14,12,0,2.0,7.0
501245,YK Pathan,24,24,1,4.0,6.0
501246,A Symonds,23,12,0,2.0,11.5
501246,AB Agarkar,31,24,0,4.0,7.75
501246,DS Kulkarni,26,24,1,4.0,6.5
501246,Harbhajan Singh,21,24,3,4.0,5.25
501246,IK Pathan,22,24,1,4.0,5.5
501246,JR Hopes,45,24,1,4.0,11.25
501246,KA Pollard,24,15,2,2.5,9.6
501246,M Morkel,46,24,1,4.0,11.5
501246,MM Patel,28,24,2,4.0,7.0
501246,S Nadeem,28,24,1,4.0,7.0
501246,SL Malinga,10,20,2,3.3333333333333335,3.0
501247,A Mithun,19,18,2,3.0,6.33
501247,CH Gayle,21,24,2,4.0,5.25
501247,DL Vettori,24,24,2,4.0,6.0
501247,P Parameswaran,37,13,0,2.1666666666666665,17.08
501247,R Vinay Kumar,18,18,1,3.0,6.0
501247,RA Jadeja,24,24,0,4.0,6.0
501247,RP Singh,11,12,0,2.0,5.5
501247,RR Powar,27,12,0,2.0,13.5
501247,S Aravind,19,24,2,4.0,4.75
501247,TM Dilshan,6,6,0,1.0,6.0
501247,Z Khan,26,24,1,4.0,6.5
501248,AA Jhunjhunwala,11,6,0,1.0,11.0
501248,B Kumar,14,18,2,3.0,4.67
501248,BA Bhatt,34,24,1,4.0,8.5
501248,MR Marsh,26,24,2,4.0,6.5
501248,P Kumar,17,24,1,4.0,4.25
501248,PC Valthaty,17,13,0,2.1666666666666665,7.85
501248,R Sharma,17,24,2,4.0,4.25
501248,RJ Harris,22,24,1,4.0,5.5
501248,SB Wagh,18,12,0,2.0,9.0
501248,SJ Srivastava,18,18,2,3.0,6.0
501248,WD Parnell,12,24,2,4.0,3.0
501248,Yuvraj Singh,17,12,0,2.0,8.5
501249,A Singh,40,24,1,4.0,10.0
501249,AL Menaria,16,12,0,2.0,8.0
501249,DE Bollinger,20,24,3,4.0,5.0
501249,DJ Bravo,35,24,1,4.0,8.75
501249,J Botha,22,24,1,4.0,5.5
501249,JA Morkel,20,18,1,3.0,6.67
501249,R Ashwin,24,24,3,4.0,6.0
501249,SB Jakati,29,24,0,4.0,7.25
501249,SK Raina,0,3,2,0.5,0.0
501249,SK Trivedi,33,12,0,2.0,16.5
501249,SK Warne,32,24,1,4.0,8.0
501249,SR Watson,45,24,0,4.0,11.25
501250,A Mishra,25,20,1,3.3333333333333335,7.5
501250,B Kumar,24,18,0,3.0,8.0
501250,DT Christian,20,18,2,3.0,6.67
501250,DW Steyn,29,24,0,4.0,7.25
501250,I Sharma,25,18,0,3.0,8.33
501250,JP Duminy,22,12,0,2.0,11.0
501250,MR Marsh,25,24,4,4.0,6.25
501250,PP Ojha,13,18,1,3.0,4.33
501250,R Sharma,24,24,1,4.0,6.0
501250,SB Wagh,8,6,0,1.0,8.0
501250,WD Parnell,37,24,1,4.0,9.25
501250,Yuvraj Singh,17,24,2,4.0,4.25
501251,BA Bhatt,21,17,4,2.8333333333333335,7.41
501251,Bipul Sharma,13,12,1,2.0,6.5
501251,DS Kulkarni,24,12,0,2.0,12.0
501251,Harbhajan Singh,20,18,0,3.0,6.67
501251,KA Pollard,11,12,0,2.0,5.5
501251,MM Patel,21,24,5,4.0,5.25
501251,P Kumar,19,24,2,4.0,4.75
501251,RG Sharma,19,12,0,2.0,9.5
501251,RJ Harris,13,12,1,2.0,6.5
501251,SJ Srivastava,16,12,1,2.0,8.0
501251,SL Malinga,23,24,3,4.0,5.75
501251,TL Suman,23,18,0,3.0,7.67
501252,AA Kazi,20,12,1,2.0,10.0
501252,AL Menaria,16,12,0,2.0,8.0
501252,CH Gayle,16,18,1,3.0,5.33
501252,CK Langeveldt,25,24,1,4.0,6.25
501252,J Botha,42,24,0,4.0,10.5
501252,LRPL Taylor,11,6,0,1.0,11.0
501252,Pankaj Singh,23,12,0,2.0,11.5
501252,S Aravind,34,24,3,4.0,8.5
501252,SK Trivedi,12,12,0,2.0,6.0
501252,SK Warne,26,24,1,4.0,6.5
501252,SR Watson,17,12,0,2.0,8.5
501252,V Kohli,17,18,0,3.0,5.67
501252,Z Khan,22,24,0,4.0,5.5
501253,AB Agarkar,49,24,1,4.0,12.25
501253,AB McDonald,23,12,0,2.0,11.5
501253,DE Bollinger,38,24,1,4.0,9.5
501253,DJ Bravo,19,18,2,3.0,6.33
501253,IK Pathan,37,24,2,4.0,9.25
501253,JA Morkel,36,18,1,3.0,12.0
501253,JR Hopes,16,12,0,2.0,8.0
501253,R Ashwin,19,24,2,4.0,4.75
501253,S Nadeem,26,24,0,4.0,6.5
501253,SB Jakati,17,12,0,2.0,8.5
501253,SK Raina,15,24,0,4.0,3.75
501253,VR Aaron,19,24,1,4.0,4.75
501254,BA Bhatt,33,24,0,4.0,8.25
501254,BJ Hodge,26,12,0,2.0,13.0
501254,Bipul Sharma,31,24,2,4.0,7.75
501254,P Parameswaran,22,12,0,2.0,11.0
501254,PP Chawla,24,24,1,4.0,6.0
501254,R Vinay Kumar,27,18,0,3.0,9.0
501254,RA Jadeja,27,18,0,3.0,9.0
501254,RJ Harris,39,24,2,4.0,9.75
501254,RP Singh,23,24,4,4.0,5.75
501254,RV Gomez,12,6,0,1.0,12.0
501254,S Sreesanth,36,23,0,3.8333333333333335,9.39
501254,SJ Srivastava,28,24,2,4.0,7.0
501255,A Mithun,12,12,0,2.0,6.0
501255,B Lee,30,18,1,3.0,10.0
501255,CH Gayle,11,6,0,1.0,11.0
501255,CK Langeveldt,10,18,2,3.0,3.33
501255,Iqbal Abdulla,18,18,1,3.0,6.0
501255,JD Unadkat,30,12,1,2.0,15.0
501255,JH Kallis,15,18,2,3.0,5.0
501255,L Balaji,6,8,1,1.3333333333333333,4.5
501255,S Aravind,18,18,1,3.0,6.0
501255,V Kohli,14,6,0,1.0,14.0
501255,Z Khan,17,18,1,3.0,5.67
501256,A Mishra,18,24,1,4.0,4.5
501256,Anand Rajan,23,18,4,3.0,7.67
501256,DS Kulkarni,23,24,3,4.0,5.75
501256,DT Christian,18,18,0,3.0,6.0
501256,Harbhajan Singh,26,24,1,4.0,6.5
501256,I Sharma,29,24,2,4.0,7.25
501256,JP Duminy,3,12,1,2.0,1.5
501256,KA Pollard,10,12,1,2.0,5.0
501256,MM Patel,37,24,0,4.0,9.25
501256,PP Ojha,16,24,0,4.0,4.0
501256,SL Malinga,17,24,1,4.0,4.25
501256,TL Suman,15,12,0,2.0,7.5
501257,AM Salvi,39,24,2,4.0,9.75
501257,IK Pathan,27,24,3,4.0,6.75
501257,JR Hopes,27,18,0,3.0,9.0
501257,M Morkel,21,24,1,4.0,5.25
501257,P Kumar,26,24,1,4.0,6.5
501257,PC Valthaty,34,24,1,4.0,8.5
501257,PP Chawla,16,24,3,4.0,4.0
501257,RJ Harris,15,24,1,4.0,3.75
501257,S Sriram,25,6,0,1.0,25.0
501257,SJ Srivastava,38,24,2,4.0,9.5
501257,VR Aaron,22,24,0,4.0,5.5
501258,AA Chavan,10,6,0,1.0,10.0
501258,BJ Hodge,13,24,5,4.0,3.25
501258,JDP Oram,32,12,1,2.0,16.0
501258,ND Doshi,15,8,1,1.3333333333333333,11.25
501258,P Parameswaran,19,21,2,3.5,5.43
501258,P Prasanth,18,6,0,1.0,18.0
501258,RA Jadeja,4,6,0,1.0,4.0
501258,RP Singh,17,24,1,4.0,4.25
501258,S Sreesanth,16,24,2,4.0,4.0
501258,SW Tait,32,18,0,3.0,10.67
501258,Y Gnaneswara Rao,7,6,0,1.0,7.0
501259,A Mishra,25,24,2,4.0,6.25
501259,B Kumar,10,12,0,2.0,5.0
501259,DT Christian,13,18,2,3.0,4.33
501259,DW Steyn,22,24,1,4.0,5.5
501259,I Sharma,19,18,0,3.0,6.33
501259,JP Duminy,19,12,1,2.0,9.5
501259,M Manhas,19,18,0,3.0,6.33
501259,MR Marsh,29,18,0,3.0,9.67
501259,PP Ojha,35,24,3,4.0,8.75
501259,R Sharma,24,24,2,4.0,6.0
501259,WD Parnell,20,20,1,3.3333333333333335,6.0
501259,Yuvraj Singh,27,24,1,4.0,6.75
501260,A Mithun,22,18,0,3.0,7.33
501260,CH Gayle,35,24,0,4.0,8.75
501260,CK Langeveldt,45,24,2,4.0,11.25
501260,JJ van der Wath,50,24,0,4.0,12.5
501260,P Kumar,11,18,0,3.0,3.67
501260,PC Valthaty,30,24,1,4.0,7.5
501260,PP Chawla,17,24,4,4.0,4.25
501260,RJ Harris,24,18,3,3.0,8.0
501260,S Aravind,36,24,0,4.0,9.0
501260,SJ Srivastava,30,18,2,3.0,10.0
501260,V Kohli,12,6,0,1.0,12.0
501261,BJ Hodge,24,18,1,3.0,8.0
501261,DE Bollinger,35,24,2,4.0,8.75
501261,DJ Bravo,34,24,1,4.0,8.5
501261,M Muralitharan,26,24,0,4.0,6.5
501261,R Ashwin,16,24,1,4.0,4.0
501261,R Vinay Kumar,16,12,0,2.0,8.0
501261,RA Jadeja,25,24,2,4.0,6.25
501261,RP Singh,34,24,1,4.0,8.5
501261,S Sreesanth,23,18,1,3.0,7.67
501261,SB Jakati,23,24,1,4.0,5.75
501261,SK Raina,24,24,0,4.0,6.0
501262,AC Thomas,28,18,1,3.0,9.33
501262,B Kumar,18,18,1,3.0,6.0
501262,B Lee,28,24,0,4.0,7.0
501262,Iqbal Abdulla,11,18,1,3.0,3.67
501262,JH Kallis,18,12,0,2.0,9.0
501262,L Balaji,4,6,2,1.0,4.0
501262,R Bhatia,6,12,0,2.0,3.0
501262,R Sharma,29,24,0,4.0,7.25
501262,S Rana,2,4,0,0.6666666666666666,3.0
501262,Shakib Al Hasan,14,24,2,4.0,3.5
501262,WD Parnell,25,24,1,4.0,6.25
501262,YK Pathan,23,24,2,4.0,5.75
501262,Yuvraj Singh,12,12,0,2.0,6.0
501263,A Singh,20,12,1,2.0,10.0
501263,AA Chavan,17,24,0,4.0,4.25
501263,AL Menaria,12,6,0,1.0,12.0
501263,DS Kulkarni,19,12,0,2.0,9.5
501263,Harbhajan Singh,26,12,0,2.0,13.0
501263,J Botha,23,24,0,4.0,5.75
501263,JEC Franklin,4,1,0,0.16666666666666666,24.0
501263,KA Pollard,19,12,0,2.0,9.5
501263,MM Patel,22,18,0,3.0,7.33
501263,SK Trivedi,9,6,0,1.0,9.0
501263,SK Warne,30,24,1,4.0,7.5
501263,SL Malinga,42,24,0,4.0,10.5
501263,SR Watson,17,24,3,4.0,4.25
501264,A Mishra,9,24,4,4.0,2.25
501264,Anand Rajan,22,12,1,2.0,11.0
501264,BA Bhatt,33,18,0,3.0,11.0
501264,DT Christian,20,18,2,3.0,6.67
501264,DW Steyn,13,18,1,3.0,4.33
501264,JP Duminy,23,24,1,4.0,5.75
501264,P Kumar,25,18,0,3.0,8.33
501264,PC Valthaty,19,24,1,4.0,4.75
501264,PP Chawla,46,24,0,4.0,11.5
501264,PP Ojha,25,18,1,3.0,8.33
501264,R McLaren,24,12,0,2.0,12.0
501264,RJ Harris,35,24,1,4.0,8.75
501266,A Mithun,34,24,1,4.0,8.5
501266,CH Gayle,27,18,0,3.0,9.0
501266,DE Bollinger,33,24,0,4.0,8.25
501266,DJ Bravo,20,24,0,4.0,5.0
501266,DL Vettori,15,24,2,4.0,3.75
501266,JA Morkel,14,12,1,2.0,7.0
501266,R Ashwin,18,24,1,4.0,4.5
501266,S Aravind,18,24,2,4.0,4.5
501266,SK Raina,34,24,0,4.0,8.5
501266,V Kohli,7,6,1,1.0,7.0
501266,Z Khan,17,24,2,4.0,4.25
501267,AN Ahmed,32,24,3,4.0,8.0
501267,B Lee,35,24,0,4.0,8.75
501267,Harbhajan Singh,24,18,0,3.0,8.0
501267,Iqbal Abdulla,26,24,1,4.0,6.5
501267,JEC Franklin,35,24,2,4.0,8.75
501267,KA Pollard,23,12,1,2.0,11.5
501267,L Balaji,49,18,1,3.0,16.33
501267,R Bhatia,22,24,3,4.0,5.5
501267,RW Price,33,18,0,3.0,11.0
501267,SL Malinga,22,24,1,4.0,5.5
501267,Shakib Al Hasan,23,24,0,4.0,5.75
501267,YK Pathan,7,6,0,1.0,7.0
501268,A Mithun,29,18,1,3.0,9.67
501268,CH Gayle,18,24,0,4.0,4.5
501268,DE Bollinger,19,24,1,4.0,4.75
501268,DJ Bravo,25,18,1,3.0,8.33
501268,DL Vettori,42,22,0,3.6666666666666665,11.45
501268,JA Morkel,40,24,0,4.0,10.0
501268,R Ashwin,32,24,1,4.0,8.0
501268,S Aravind,32,18,1,3.0,10.67
501268,SB Jakati,37,24,1,4.0,9.25
501268,SK Raina,8,6,0,1.0,8.0
501268,V Kohli,18,12,0,2.0,9.0
501268,Z Khan,29,24,2,4.0,7.25
501269,B Lee,37,24,1,4.0,9.25
501269,DS Kulkarni,30,24,2,4.0,7.5
501269,Harbhajan Singh,25,24,1,4.0,6.25
501269,Iqbal Abdulla,23,18,0,3.0,7.67
501269,JEC Franklin,10,6,0,1.0,10.0
501269,JH Kallis,17,24,3,4.0,4.25
501269,KA Pollard,31,18,0,3.0,10.33
501269,L Balaji,16,12,0,2.0,8.0
501269,MM Patel,27,24,3,4.0,6.75
501269,R Bhatia,9,6,0,1.0,9.0
501269,SL Malinga,18,24,1,4.0,4.5
501269,Shakib Al Hasan,24,20,2,3.3333333333333335,7.2
501269,YK Pathan,18,12,0,2.0,9.0
501270,A Mithun,26,12,0,2.0,13.0
501270,AN Ahmed,39,24,1,4.0,9.75
501270,CH Gayle,11,18,0,3.0,3.67
501270,DL Vettori,19,24,3,4.0,4.75
501270,Harbhajan Singh,39,24,0,4.0,9.75
501270,J Syed Mohammad,25,24,2,4.0,6.25
501270,KA Pollard,22,18,1,3.0,7.33
501270,MM Patel,27,24,2,4.0,6.75
501270,RG Sharma,14,6,0,1.0,14.0
501270,S Aravind,26,18,2,3.0,8.67
501270,SL Malinga,24,24,0,4.0,6.0
501270,Z Khan,31,24,1,4.0,7.75
501271,A Mithun,22,12,0,2.0,11.0
501271,CH Gayle,34,24,2,4.0,8.5
501271,DE Bollinger,27,18,1,3.0,9.0
501271,DJ Bravo,15,12,1,2.0,7.5
501271,DL Vettori,34,24,0,4.0,8.5
501271,J Syed Mohammad,39,18,1,3.0,13.0
501271,JA Morkel,24,18,0,3.0,8.0
501271,R Ashwin,16,24,3,4.0,4.0
501271,S Aravind,37,18,2,3.0,12.33
501271,SB Jakati,20,24,2,4.0,5.0
501271,SK Raina,39,24,1,4.0,9.75
501271,Z Khan,30,24,0,4.0,7.5
548306,AN Ahmed,16,12,0,2.0,8.0
548306,DE Bollinger,33,23,2,3.8333333333333335,8.61
548306,DJ Bravo,13,18,1,3.0,4.33
548306,Harbhajan Singh,22,24,0,4.0,5.5
548306,JA Morkel,19,24,0,4.0,4.75
548306,JEC Franklin,18,12,1,2.0,9.0
548306,KA Pollard,13,24,2,4.0,3.25
548306,PP Ojha,17,24,3,4.0,4.25
548306,R Ashwin,20,24,0,4.0,5.0
548306,RA Jadeja,16,6,0,1.0,16.0
548306,SB Jakati,8,6,0,1.0,8.0
548306,SL Malinga,14,23,4,3.8333333333333335,3.65
548307,B Lee,15,12,0,2.0,7.5
548307,GJ Maxwell,11,6,0,1.0,11.0
548307,IK Pathan,9,6,0,1.0,9.0
548307,Iqbal Abdulla,8,6,0,1.0,8.0
548307,JH Kallis,23,18,1,3.0,7.67
548307,M Morkel,18,18,4,3.0,6.0
548307,M de Lange,35,18,0,3.0,11.67
548307,R Bhatia,7,7,1,1.1666666666666667,6.0
548307,RE van der Merwe,27,18,3,3.0,9.0
548307,S Nadeem,16,12,0,2.0,8.0
548307,UT Yadav,9,12,2,2.0,4.5
548307,YK Pathan,7,6,0,1.0,7.0
548308,AB Dinda,16,24,4,4.0,4.0
548308,B Kumar,13,12,0,2.0,6.5
548308,Harbhajan Singh,16,18,1,3.0,5.33
548308,JEC Franklin,12,6,0,1.0,12.0
548308,KA Pollard,29,24,2,4.0,7.25
548308,M Kartik,14,18,2,3.0,4.67
548308,MM Patel,26,24,3,4.0,6.5
548308,MN Samuels,20,24,1,4.0,5.0
548308,PP Ojha,23,24,1,4.0,5.75
548308,R Sharma,15,24,1,4.0,3.75
548308,SL Malinga,15,24,2,4.0,3.75
548308,WD Parnell,18,18,1,3.0,6.0
548309,A Singh,25,24,2,4.0,6.25
548309,AA Chavan,28,18,2,3.0,9.33
548309,BJ Hodge,8,6,0,1.0,8.0
548309,Bipul Sharma,22,24,0,4.0,5.5
548309,Harmeet Singh,21,18,1,3.0,7.0
548309,J Botha,36,24,0,4.0,9.0
548309,JP Faulkner,40,24,2,4.0,10.0
548309,KK Cooper,26,24,4,4.0,6.5
548309,P Kumar,40,24,0,4.0,10.0
548309,PC Valthaty,16,6,0,1.0,16.0
548309,PP Chawla,33,24,1,4.0,8.25
548309,SK Trivedi,27,24,1,4.0,6.75
548310,AB McDonald,11,12,1,2.0,5.5
548310,DAJ Bracewell,31,24,3,4.0,7.75
548310,DL Vettori,27,24,1,4.0,6.75
548310,GJ Maxwell,10,12,2,2.0,5.0
548310,HV Patel,10,12,0,2.0,5.0
548310,IK Pathan,47,24,0,4.0,11.75
548310,M Morkel,29,24,2,4.0,7.25
548310,M Muralitharan,25,24,3,4.0,6.25
548310,R Vinay Kumar,25,24,0,4.0,6.25
548310,S Nadeem,26,24,1,4.0,6.5
548310,UT Yadav,8,12,0,2.0,4.0
548310,Z Khan,35,24,2,4.0,8.75
548311,Ankit Sharma,28,18,1,3.0,9.33
548311,DE Bollinger,18,13,2,2.1666666666666665,8.31
548311,DJ Bravo,10,6,0,1.0,10.0
548311,DJ Harris,11,6,0,1.0,11.0
548311,DT Christian,26,24,2,4.0,6.5
548311,DW Steyn,20,24,2,4.0,5.0
548311,F du Plessis,16,6,0,1.0,16.0
548311,JA Morkel,19,12,0,2.0,9.5
548311,MS Gony,53,24,0,4.0,13.25
548311,R Ashwin,12,18,0,3.0,4.0
548311,RA Jadeja,16,24,5,4.0,4.0
548311,SB Jakati,14,12,2,2.0,7.0
548311,SK Raina,10,12,1,2.0,5.0
548311,TP Sudhindra,44,24,1,4.0,11.0
548312,A Singh,30,24,2,4.0,7.5
548312,AA Chavan,22,24,2,4.0,5.5
548312,B Lee,27,24,2,4.0,6.75
548312,Iqbal Abdulla,16,12,0,2.0,8.0
548312,J Botha,32,24,1,4.0,8.0
548312,JH Kallis,34,24,1,4.0,8.5
548312,KK Cooper,26,24,3,4.0,6.5
548312,R Bhatia,27,24,2,4.0,6.75
548312,SK Trivedi,25,24,2,4.0,6.25
548312,SP Narine,29,24,0,4.0,7.25
548312,YK Pathan,27,12,0,2.0,13.5
548313,A Nehra,20,18,1,3.0,6.67
548313,AB Dinda,12,18,2,3.0,4.0
548313,AD Mascarenhas,23,24,1,4.0,5.75
548313,Bipul Sharma,40,16,0,2.6666666666666665,15.0
548313,Harmeet Singh,17,20,3,3.3333333333333335,5.1
548313,JD Ryder,23,18,1,3.0,7.67
548313,JP Faulkner,31,24,1,4.0,7.75
548313,M Kartik,20,18,0,3.0,6.67
548313,MN Samuels,23,24,2,4.0,5.75
548313,P Kumar,24,24,1,4.0,6.0
548313,PP Chawla,14,12,0,2.0,7.0
548313,R Sharma,34,24,2,4.0,8.5
548314,A Mishra,31,24,1,4.0,7.75
548314,Anand Rajan,9,12,0,2.0,4.5
548314,Ankit Sharma,18,24,0,4.0,4.5
548314,CL White,19,12,0,2.0,9.5
548314,DT Christian,49,24,1,4.0,12.25
548314,DW Steyn,12,24,3,4.0,3.0
548314,Harbhajan Singh,18,24,0,4.0,4.5
548314,KA Pollard,31,24,2,4.0,7.75
548314,MM Patel,20,24,4,4.0,5.0
548314,PP Ojha,37,24,0,4.0,9.25
548314,SL Malinga,27,24,3,4.0,6.75
548315,B Lee,21,24,0,4.0,5.25
548315,DL Vettori,22,18,1,3.0,7.33
548315,HV Patel,46,24,1,4.0,11.5
548315,JH Kallis,7,12,2,2.0,3.5
548315,L Balaji,17,24,4,4.0,4.25
548315,M Muralitharan,29,24,2,4.0,7.25
548315,R Bhatia,30,24,0,4.0,7.5
548315,R Vinay Kumar,18,24,2,4.0,4.5
548315,RN ten Doeschate,20,18,1,3.0,6.67
548315,Shakib Al Hasan,18,18,2,3.0,6.0
548315,V Kohli,13,6,0,1.0,13.0
548315,Z Khan,31,24,2,4.0,7.75
548316,DE Bollinger,18,12,0,2.0,9.0
548316,DJ Bravo,5,6,0,1.0,5.0
548316,IK Pathan,25,24,2,4.0,6.25
548316,JA Morkel,24,12,0,2.0,12.0
548316,KP Pietersen,16,12,1,2.0,8.0
548316,M Morkel,17,24,3,4.0,4.25
548316,R Ashwin,21,20,2,3.3333333333333335,6.3
548316,RA Jadeja,19,12,0,2.0,9.5
548316,RE van der Merwe,15,24,1,4.0,3.75
548316,S Nadeem,9,18,0,3.0,3.0
548316,SB Jakati,23,18,0,3.0,7.67
548316,UT Yadav,22,18,1,3.0,7.33
548317,A Singh,29,24,2,4.0,7.25
548317,AA Chavan,41,24,1,4.0,10.25
548317,GB Hogg,31,24,2,4.0,7.75
548317,Harbhajan Singh,43,24,0,4.0,10.75
548317,J Botha,22,6,0,1.0,22.0
548317,JEC Franklin,21,12,0,2.0,10.5
548317,KA Pollard,42,24,4,4.0,10.5
548317,KK Cooper,43,24,1,4.0,10.75
548317,MM Patel,28,22,4,3.6666666666666665,7.64
548317,PP Ojha,19,12,0,2.0,9.5
548317,SK Trivedi,25,18,0,3.0,8.33
548317,SL Malinga,13,24,2,4.0,3.25
548318,DE Bollinger,23,18,4,3.0,7.67
548318,DJ Bravo,29,24,0,4.0,7.25
548318,DL Vettori,30,24,0,4.0,7.5
548318,JA Morkel,33,24,2,4.0,8.25
548318,M Muralitharan,21,24,3,4.0,5.25
548318,R Ashwin,46,24,0,4.0,11.5
548318,R Vinay Kumar,45,24,1,4.0,11.25
548318,RA Jadeja,16,12,2,2.0,8.0
548318,RR Bhatkal,35,12,0,2.0,17.5
548318,SB Jakati,22,12,0,2.0,11.0
548318,SK Raina,20,6,0,1.0,20.0
548318,V Kohli,36,12,0,2.0,18.0
548318,Z Khan,31,24,1,4.0,7.75
548319,A Nehra,22,18,0,3.0,7.33
548319,AB Dinda,18,18,1,3.0,6.0
548319,AD Mascarenhas,24,24,5,4.0,6.0
548319,AD Mathews,20,18,1,3.0,6.67
548319,Harmeet Singh,22,18,2,3.0,7.33
548319,JD Ryder,12,12,0,2.0,6.0
548319,MN Samuels,27,22,0,3.6666666666666665,7.36
548319,P Awana,18,24,1,4.0,4.5
548319,P Kumar,16,24,1,4.0,4.0
548319,PP Chawla,23,24,1,4.0,5.75
548319,R Sharma,17,18,1,3.0,5.67
548320,A Singh,29,24,2,4.0,7.25
548320,AA Chavan,29,20,0,3.3333333333333335,8.7
548320,AL Menaria,3,6,1,1.0,3.0
548320,GB Hogg,19,24,1,4.0,4.75
548320,J Botha,21,24,1,4.0,5.25
548320,JH Kallis,26,18,0,3.0,8.67
548320,L Balaji,24,24,0,4.0,6.0
548320,R Bhatia,18,12,0,2.0,9.0
548320,SK Trivedi,24,18,0,3.0,8.0
548320,SP Narine,22,24,1,4.0,5.5
548320,Shakib Al Hasan,17,24,3,4.0,4.25
548320,YK Pathan,14,18,1,3.0,4.67
548321,A Mishra,25,12,0,2.0,12.5
548321,AB Agarkar,41,18,0,3.0,13.67
548321,Ankit Sharma,17,13,0,2.1666666666666665,7.85
548321,DT Christian,33,24,2,4.0,8.25
548321,DW Steyn,19,24,2,4.0,4.75
548321,IK Pathan,27,24,0,4.0,6.75
548321,JP Duminy,33,18,0,3.0,11.0
548321,KP Pietersen,15,12,0,2.0,7.5
548321,M Morkel,22,24,4,4.0,5.5
548321,S Nadeem,16,24,3,4.0,4.0
548321,UT Yadav,29,18,1,3.0,9.67
548321,V Pratap Singh,31,24,1,4.0,7.75
548322,A Nehra,42,24,1,4.0,10.5
548322,AB Dinda,26,24,1,4.0,6.5
548322,AD Mathews,18,12,1,2.0,9.0
548322,DJ Bravo,30,18,0,3.0,10.0
548322,JA Morkel,21,12,0,2.0,10.5
548322,KMDN Kulasekara,37,24,1,4.0,9.25
548322,M Kartik,18,18,0,3.0,6.0
548322,MN Samuels,27,24,0,4.0,6.75
548322,R Ashwin,19,24,1,4.0,4.75
548322,R Sharma,16,18,2,3.0,5.33
548322,SK Raina,22,24,0,4.0,5.5
548322,VY Mahesh,22,14,1,2.3333333333333335,9.43
548323,AD Mascarenhas,34,24,1,4.0,8.5
548323,BA Bhatt,24,24,2,4.0,6.0
548323,Harmeet Singh,27,24,1,4.0,6.75
548323,JD Unadkat,32,18,0,3.0,10.67
548323,JH Kallis,30,24,0,4.0,7.5
548323,P Kumar,20,24,0,4.0,5.0
548323,PP Chawla,18,24,3,4.0,4.5
548323,R Bhatia,14,24,3,4.0,3.5
548323,SP Narine,18,24,5,4.0,4.5
548323,Shakib Al Hasan,26,24,1,4.0,6.5
548323,YK Pathan,7,6,0,1.0,7.0
548324,A Singh,43,23,2,3.8333333333333335,11.22
548324,CH Gayle,20,6,0,1.0,20.0
548324,DL Vettori,20,24,1,4.0,5.0
548324,GB Hogg,19,24,1,4.0,4.75
548324,J Botha,30,24,1,4.0,7.5
548324,M Muralitharan,35,24,0,4.0,8.75
548324,Pankaj Singh,18,24,2,4.0,4.5
548324,R Vinay Kumar,51,24,0,4.0,12.75
548324,S Aravind,48,18,0,3.0,16.0
548324,SK Trivedi,23,24,4,4.0,5.75
548324,Z Khan,15,24,1,4.0,3.75
548325,AB Agarkar,26,20,3,3.3333333333333335,7.8
548325,CJ McKay,24,18,0,3.0,8.0
548325,IK Pathan,12,24,1,4.0,3.0
548325,KA Pollard,3,5,0,0.8333333333333334,3.6
548325,M Morkel,21,24,2,4.0,5.25
548325,MM Patel,15,18,0,3.0,5.0
548325,PP Ojha,19,24,1,4.0,4.75
548325,RP Singh,21,24,2,4.0,5.25
548325,S Nadeem,15,24,2,4.0,3.75
548325,UT Yadav,9,24,2,4.0,2.25
548326,A Mishra,31,24,3,4.0,7.75
548326,A Singh,47,24,0,4.0,11.75
548326,Anand Rajan,43,24,1,4.0,10.75
548326,Ankit Sharma,32,24,0,4.0,8.0
548326,BJ Hodge,13,6,1,1.0,13.0
548326,DT Christian,41,24,1,4.0,10.25
548326,DW Steyn,44,22,0,3.6666666666666665,12.0
548326,GB Hogg,33,24,0,4.0,8.25
548326,J Botha,29,24,0,4.0,7.25
548326,Pankaj Singh,37,18,0,3.0,12.33
548326,SK Trivedi,24,24,1,4.0,6.0
548327,A Nehra,52,24,1,4.0,13.0
548327,AB Dinda,24,24,1,4.0,6.0
548327,AD Mathews,35,24,1,4.0,8.75
548327,B Kumar,27,24,0,4.0,6.75
548327,DL Vettori,34,24,1,4.0,8.5
548327,HV Patel,29,24,1,4.0,7.25
548327,KP Appanna,22,12,0,2.0,11.0
548327,MN Samuels,5,12,1,2.0,2.5
548327,R Sharma,35,12,0,2.0,17.5
548327,R Vinay Kumar,33,24,3,4.0,8.25
548327,TM Dilshan,24,12,0,2.0,12.0
548327,Z Khan,33,24,1,4.0,8.25
548328,AD Mascarenhas,23,24,0,4.0,5.75
548328,B Lee,25,24,2,4.0,6.25
548328,BA Bhatt,32,21,0,3.5,9.14
548328,Harmeet Singh,25,12,0,2.0,12.5
548328,JH Kallis,23,18,0,3.0,7.67
548328,L Balaji,20,24,1,4.0,5.0
548328,P Kumar,23,18,0,3.0,7.67
548328,PP Chawla,19,24,2,4.0,4.75
548328,R Bhatia,22,24,2,4.0,5.5
548328,SP Narine,24,24,2,4.0,6.0
548328,YK Pathan,7,6,0,1.0,7.0
548329,A Ashish Reddy,29,12,0,2.0,14.5
548329,A Mishra,39,24,0,4.0,9.75
548329,AD Russell,39,24,0,4.0,9.75
548329,Ankit Sharma,16,6,0,1.0,16.0
548329,IK Pathan,46,24,1,4.0,11.5
548329,M Morkel,31,24,1,4.0,7.75
548329,MS Gony,21,24,0,4.0,5.25
548329,S Dhawan,26,12,1,2.0,13.0
548329,S Nadeem,39,24,0,4.0,9.75
548329,TP Sudhindra,38,22,0,3.6666666666666665,10.36
548329,VR Aaron,30,24,2,4.0,7.5
548330,A Nehra,23,24,2,4.0,5.75
548330,AD Mathews,12,6,0,1.0,12.0
548330,B Kumar,35,18,0,3.0,11.67
548330,DE Bollinger,30,18,1,3.0,10.0
548330,DJ Bravo,27,24,2,4.0,6.75
548330,KMDN Kulasekara,10,12,2,2.0,5.0
548330,M Kartik,24,24,0,4.0,6.0
548330,MN Samuels,39,24,3,4.0,9.75
548330,R Ashwin,28,24,1,4.0,7.0
548330,R Sharma,28,24,0,4.0,7.0
548330,RA Jadeja,20,24,0,4.0,5.0
548330,SB Jakati,20,18,1,3.0,6.67
548331,AB McDonald,24,24,2,4.0,6.0
548331,Azhar Mahmood,29,21,0,3.5,8.29
548331,DL Vettori,23,24,0,4.0,5.75
548331,HV Patel,43,24,1,4.0,10.75
548331,Harmeet Singh,45,24,0,4.0,11.25
548331,P Awana,32,24,4,4.0,8.0
548331,P Kumar,31,24,0,4.0,7.75
548331,PP Chawla,21,24,1,4.0,5.25
548331,R Vinay Kumar,40,24,1,4.0,10.0
548331,Z Khan,25,24,2,4.0,6.25
548332,A Singh,44,24,0,4.0,11.0
548332,AL Menaria,10,12,0,2.0,5.0
548332,DE Bollinger,30,24,1,4.0,7.5
548332,DJ Bravo,32,18,0,3.0,10.67
548332,GB Hogg,18,24,1,4.0,4.5
548332,KK Cooper,23,24,2,4.0,5.75
548332,KMDN Kulasekara,17,24,1,4.0,4.25
548332,R Ashwin,19,24,1,4.0,4.75
548332,RA Jadeja,22,18,0,3.0,7.33
548332,SB Jakati,12,12,1,2.0,6.0
548332,SK Trivedi,30,24,0,4.0,7.5
548332,STR Binny,20,12,0,2.0,10.0
548333,A Nehra,26,24,0,4.0,6.5
548333,AC Thomas,22,24,3,4.0,5.5
548333,AD Mathews,30,12,0,2.0,15.0
548333,IK Pathan,24,24,0,4.0,6.0
548333,JD Ryder,18,6,0,1.0,18.0
548333,KP Pietersen,18,12,0,2.0,9.0
548333,M Kartik,24,18,1,3.0,8.0
548333,M Morkel,44,24,3,4.0,11.0
548333,R Sharma,20,12,0,2.0,10.0
548333,S Nadeem,41,24,0,4.0,10.25
548333,SC Ganguly,27,24,3,4.0,6.75
548333,UT Yadav,29,24,0,4.0,7.25
548333,V Sehwag,9,6,0,1.0,9.0
548333,Y Nagar,8,6,0,1.0,8.0
548334,Azhar Mahmood,38,24,0,4.0,9.5
548334,BA Bhatt,33,18,0,3.0,11.0
548334,DJ Hussey,12,6,0,1.0,12.0
548334,Harbhajan Singh,33,24,0,4.0,8.25
548334,KA Pollard,14,24,2,4.0,3.5
548334,MM Patel,41,24,0,4.0,10.25
548334,NLTC Perera,19,9,0,1.5,12.67
548334,P Awana,19,24,2,4.0,4.75
548334,P Kumar,36,24,2,4.0,9.0
548334,PP Chawla,19,24,2,4.0,4.75
548334,PP Ojha,23,18,2,3.0,7.67
548334,RP Singh,28,18,0,3.0,9.33
548335,A Mishra,26,24,1,4.0,6.5
548335,Anand Rajan,10,12,1,2.0,5.0
548335,Ankit Sharma,19,24,1,4.0,4.75
548335,B Lee,15,24,1,4.0,3.75
548335,CL White,6,6,0,1.0,6.0
548335,DW Steyn,23,24,2,4.0,5.75
548335,JH Kallis,16,12,0,2.0,8.0
548335,L Balaji,22,24,2,4.0,5.5
548335,R Bhatia,24,24,2,4.0,6.0
548335,SP Narine,26,24,2,4.0,6.5
548335,V Pratap Singh,34,24,0,4.0,8.5
548335,YK Pathan,19,12,0,2.0,9.5
548336,A Chandila,29,24,0,4.0,7.25
548336,DL Vettori,20,24,0,4.0,5.0
548336,GB Hogg,29,24,2,4.0,7.25
548336,HV Patel,31,24,2,4.0,7.75
548336,KK Cooper,33,24,0,4.0,8.25
548336,KP Appanna,17,24,4,4.0,4.25
548336,Pankaj Singh,32,24,1,4.0,8.0
548336,R Vinay Kumar,37,24,0,4.0,9.25
548336,SK Trivedi,42,24,0,4.0,10.5
548336,Z Khan,28,24,1,4.0,7.0
548337,A Nehra,34,18,0,3.0,11.33
548337,AC Thomas,13,12,1,2.0,6.5
548337,IK Pathan,23,24,1,4.0,5.75
548337,LJ Wright,24,12,0,2.0,12.0
548337,M Kartik,25,24,0,4.0,6.25
548337,M Morkel,34,24,1,4.0,8.5
548337,P Negi,22,24,0,4.0,5.5
548337,R Sharma,33,24,1,4.0,8.25
548337,S Nadeem,22,24,0,4.0,5.5
548337,SC Ganguly,12,6,0,1.0,12.0
548337,UT Yadav,40,24,0,4.0,10.0
548339,Azhar Mahmood,23,23,2,3.8333333333333335,6.0
548339,BA Bhatt,32,24,0,4.0,8.0
548339,CJ McKay,36,24,1,4.0,9.0
548339,Harbhajan Singh,22,18,0,3.0,7.33
548339,JEC Franklin,4,6,1,1.0,4.0
548339,KA Pollard,27,18,0,3.0,9.0
548339,MM Patel,40,24,0,4.0,10.0
548339,P Awana,38,24,3,4.0,9.5
548339,P Kumar,24,24,0,4.0,6.0
548339,PP Chawla,44,24,1,4.0,11.0
548339,RJ Peterson,3,6,0,1.0,3.0
548339,RP Singh,26,24,1,4.0,6.5
548341,A Ashish Reddy,32,24,2,4.0,8.0
548341,A Mishra,24,18,0,3.0,8.0
548341,A Nehra,29,24,0,4.0,7.25
548341,AC Thomas,27,24,0,4.0,6.75
548341,Ankit Sharma,11,12,1,2.0,5.5
548341,B Kumar,34,24,2,4.0,8.5
548341,J Theron,28,24,2,4.0,7.0
548341,JP Duminy,23,18,0,3.0,7.67
548341,MN Samuels,37,24,1,4.0,9.25
548341,MS Gony,26,24,2,4.0,6.5
548341,R Sharma,39,24,1,4.0,9.75
548342,AB Agarkar,31,24,1,4.0,7.75
548342,Harbhajan Singh,42,24,0,4.0,10.5
548342,IK Pathan,45,24,2,4.0,11.25
548342,KA Pollard,22,6,0,1.0,22.0
548342,M Morkel,20,24,2,4.0,5.0
548342,R Shukla,30,18,0,3.0,10.0
548342,RJ Peterson,37,24,3,4.0,9.25
548342,RP Singh,39,24,0,4.0,9.75
548342,S Nadeem,35,24,2,4.0,8.75
548342,SL Malinga,28,24,2,4.0,7.0
548342,UT Yadav,35,24,2,4.0,8.75
548343,Azhar Mahmood,25,24,3,4.0,6.25
548343,BA Bhatt,13,12,1,2.0,6.5
548343,Bipul Sharma,11,6,0,1.0,11.0
548343,DJ Bravo,27,24,3,4.0,6.75
548343,DJ Hussey,3,6,1,1.0,3.0
548343,JA Morkel,29,24,3,4.0,7.25
548343,KMDN Kulasekara,26,24,1,4.0,6.5
548343,P Awana,33,24,0,4.0,8.25
548343,P Kumar,39,24,1,4.0,9.75
548343,PP Chawla,19,24,2,4.0,4.75
548343,R Ashwin,24,24,1,4.0,6.0
548343,RA Jadeja,15,6,0,1.0,15.0
548343,SB Jakati,22,12,0,2.0,11.0
548343,SK Raina,8,6,0,1.0,8.0
548344,B Lee,33,24,0,4.0,8.25
548344,DL Vettori,29,24,1,4.0,7.25
548344,HV Patel,35,18,0,3.0,11.67
548344,JH Kallis,29,24,2,4.0,7.25
548344,KP Appanna,25,18,0,3.0,8.33
548344,LR Shukla,5,6,1,1.0,5.0
548344,R Bhatia,41,18,1,3.0,13.67
548344,R Vinay Kumar,30,24,2,4.0,7.5
548344,SP Narine,11,24,1,4.0,2.75
548344,TM Dilshan,19,12,0,2.0,9.5
548344,YK Pathan,19,24,1,4.0,4.75
548344,Z Khan,47,24,1,4.0,11.75
548345,A Singh,40,24,2,4.0,10.0
548345,AA Chavan,30,24,1,4.0,7.5
548345,AB Agarkar,32,24,0,4.0,8.0
548345,GB Hogg,31,24,1,4.0,7.75
548345,IK Pathan,25,24,1,4.0,6.25
548345,KK Cooper,18,24,0,4.0,4.5
548345,M Morkel,26,24,1,4.0,6.5
548345,Pankaj Singh,25,24,2,4.0,6.25
548345,S Nadeem,30,24,0,4.0,7.5
548345,UT Yadav,34,24,1,4.0,8.5
548346,A Ashish Reddy,10,13,1,2.1666666666666665,4.62
548346,A Mishra,27,24,0,4.0,6.75
548346,DT Christian,12,18,0,3.0,4.0
548346,DW Steyn,7,24,2,4.0,1.75
548346,Harbhajan Singh,13,24,2,4.0,3.25
548346,JEC Franklin,18,18,2,3.0,6.0
548346,JP Duminy,8,6,1,1.0,8.0
548346,MM Patel,22,24,1,4.0,5.5
548346,RJ Peterson,8,6,0,1.0,8.0
548346,RP Singh,20,18,1,3.0,6.67
548346,SL Malinga,14,22,4,3.6666666666666665,3.82
548346,V Pratap Singh,27,24,1,4.0,6.75
548347,B Lee,34,24,1,4.0,8.5
548347,DJ Bravo,27,24,2,4.0,6.75
548347,Iqbal Abdulla,18,18,0,3.0,6.0
548347,JA Morkel,19,24,1,4.0,4.75
548347,JH Kallis,20,24,2,4.0,5.0
548347,LR Shukla,7,6,0,1.0,7.0
548347,R Ashwin,21,22,2,3.6666666666666665,5.73
548347,R Bhatia,21,18,0,3.0,7.0
548347,RA Jadeja,12,12,0,2.0,6.0
548347,SB Jakati,17,12,0,2.0,8.5
548347,SK Raina,22,18,0,3.0,7.33
548347,SP Narine,24,24,2,4.0,6.0
548347,VY Mahesh,9,6,0,1.0,9.0
548347,YK Pathan,9,6,0,1.0,9.0
548348,A Ashish Reddy,30,18,1,3.0,10.0
548348,A Mishra,20,18,0,3.0,6.67
548348,A Nehra,34,24,1,4.0,8.5
548348,Ankit Sharma,9,12,1,2.0,4.5
548348,B Kumar,22,24,1,4.0,5.5
548348,DW Steyn,41,24,0,4.0,10.25
548348,JP Duminy,22,18,0,3.0,7.33
548348,M Kartik,16,12,0,2.0,8.0
548348,MN Samuels,33,18,1,3.0,11.0
548348,S Dhawan,9,6,1,1.0,9.0
548348,SC Ganguly,39,18,0,3.0,13.0
548348,V Pratap Singh,31,24,2,4.0,7.75
548348,WD Parnell,25,24,1,4.0,6.25
548349,A Singh,12,6,0,1.0,12.0
548349,AA Chavan,29,24,1,4.0,7.25
548349,AL Menaria,10,2,0,0.3333333333333333,30.0
548349,GB Hogg,31,24,2,4.0,7.75
548349,IK Pathan,22,12,0,2.0,11.0
548349,M Morkel,23,24,1,4.0,5.75
548349,P Negi,17,24,4,4.0,4.25
548349,Pankaj Singh,24,12,0,2.0,12.0
548349,S Nadeem,32,24,0,4.0,8.0
548349,SR Watson,29,24,1,4.0,7.25
548349,UT Yadav,27,24,1,4.0,6.75
548349,V Sehwag,15,12,0,2.0,7.5
548350,AB McDonald,25,24,2,4.0,6.25
548350,AM Nayar,16,6,0,1.0,16.0
548350,AUK Pathan,14,6,0,1.0,14.0
548350,Azhar Mahmood,19,24,3,4.0,4.75
548350,DJ Hussey,9,12,0,2.0,4.5
548350,DL Vettori,29,24,1,4.0,7.25
548350,KP Appanna,30,18,1,3.0,10.0
548350,P Awana,46,24,0,4.0,11.5
548350,P Kumar,8,24,0,4.0,2.0
548350,PP Chawla,33,18,1,3.0,11.0
548350,R Vinay Kumar,32,23,0,3.8333333333333335,8.35
548350,RJ Harris,21,12,1,2.0,10.5
548350,Z Khan,29,24,2,4.0,7.25
548351,A Nehra,19,24,3,4.0,4.75
548351,AB Dinda,33,24,1,4.0,8.25
548351,B Kumar,9,18,2,3.0,3.0
548351,Harbhajan Singh,17,24,2,4.0,4.25
548351,JEC Franklin,20,18,0,3.0,6.67
548351,M Kartik,22,18,0,3.0,7.33
548351,MJ Clarke,9,12,1,2.0,4.5
548351,MM Patel,23,24,1,4.0,5.75
548351,NLTC Perera,8,6,0,1.0,8.0
548351,PP Ojha,23,24,1,4.0,5.75
548351,SL Malinga,22,24,2,4.0,5.5
548351,WD Parnell,17,24,2,4.0,4.25
548352,A Ashish Reddy,14,12,1,2.0,7.0
548352,A Mishra,18,12,1,2.0,9.0
548352,AA Jhunjhunwala,13,18,1,3.0,4.33
548352,Ankit Sharma,13,12,0,2.0,6.5
548352,BW Hilfenhaus,31,24,1,4.0,7.75
548352,DJ Bravo,34,24,2,4.0,8.5
548352,DT Christian,34,24,1,4.0,8.5
548352,DW Steyn,25,24,0,4.0,6.25
548352,JA Morkel,16,18,1,3.0,5.33
548352,R Ashwin,18,18,0,3.0,6.0
548352,RA Jadeja,25,18,0,3.0,8.33
548352,SB Jakati,17,12,0,2.0,8.5
548352,SK Raina,5,6,1,1.0,5.0
548352,V Pratap Singh,34,18,2,3.0,11.33
548353,AB Dinda,27,12,0,2.0,13.5
548353,AD Mathews,17,24,2,4.0,4.25
548353,B Kumar,18,24,2,4.0,4.5
548353,Iqbal Abdulla,25,24,1,4.0,6.25
548353,JH Kallis,15,12,1,2.0,7.5
548353,M Kartik,20,24,1,4.0,5.0
548353,M de Lange,31,24,3,4.0,7.75
548353,MJ Clarke,14,12,0,2.0,7.0
548353,R Bhatia,27,24,1,4.0,6.75
548353,SP Narine,13,24,2,4.0,3.25
548353,WD Parnell,35,24,0,4.0,8.75
548353,YK Pathan,22,12,0,2.0,11.0
548354,AA Chavan,32,18,0,3.0,10.67
548354,Azhar Mahmood,36,24,0,4.0,9.0
548354,J Botha,20,24,2,4.0,5.0
548354,P Awana,32,24,0,4.0,8.0
548354,P Kumar,31,24,0,4.0,7.75
548354,PP Chawla,38,24,2,4.0,9.5
548354,RJ Harris,34,24,4,4.0,8.5
548354,SK Trivedi,28,24,1,4.0,7.0
548354,SR Watson,20,24,2,4.0,5.0
548354,STR Binny,8,6,1,1.0,8.0
548354,SW Tait,14,24,2,4.0,3.5
548355,BW Hilfenhaus,34,24,2,4.0,8.5
548355,DJ Bravo,37,24,3,4.0,9.25
548355,DR Smith,26,12,0,2.0,13.0
548355,Harbhajan Singh,12,18,0,3.0,4.0
548355,JA Morkel,34,18,0,3.0,11.33
548355,JEC Franklin,8,6,1,1.0,8.0
548355,MM Patel,45,24,0,4.0,11.25
548355,R Ashwin,27,24,1,4.0,6.75
548355,RA Jadeja,12,12,2,2.0,6.0
548355,RJ Peterson,22,12,0,2.0,11.0
548355,RP Singh,27,24,3,4.0,6.75
548355,SB Jakati,27,18,0,3.0,9.0
548355,SL Malinga,24,24,4,4.0,6.0
548356,A Ashish Reddy,35,24,1,4.0,8.75
548356,A Mishra,28,24,2,4.0,7.0
548356,A Mithun,32,18,0,3.0,10.67
548356,Anand Rajan,42,23,1,3.8333333333333335,10.96
548356,CH Gayle,6,6,0,1.0,6.0
548356,DW Steyn,30,18,0,3.0,10.0
548356,J Syed Mohammad,27,18,1,3.0,9.0
548356,M Muralitharan,18,24,0,4.0,4.5
548356,P Parameswaran,44,24,1,4.0,11.0
548356,S Dhawan,11,6,0,1.0,11.0
548356,TM Dilshan,17,6,0,1.0,17.0
548356,V Pratap Singh,33,18,1,3.0,11.0
548356,Z Khan,31,24,0,4.0,7.75
548357,B Lee,38,24,1,4.0,9.5
548357,IK Pathan,27,18,0,3.0,9.0
548357,JH Kallis,20,24,2,4.0,5.0
548357,M Morkel,34,24,1,4.0,8.5
548357,PJ Sangwan,37,24,1,4.0,9.25
548357,R Bhatia,26,24,0,4.0,6.5
548357,S Nadeem,32,24,0,4.0,8.0
548357,SP Narine,18,24,5,4.0,4.5
548357,UT Yadav,27,24,2,4.0,6.75
548357,VR Aaron,18,22,1,3.6666666666666665,4.91
548358,A Nehra,33,18,0,3.0,11.0
548358,AA Chavan,19,12,0,2.0,9.5
548358,AD Mathews,15,18,0,3.0,5.0
548358,B Kumar,17,18,1,3.0,5.67
548358,J Botha,25,24,1,4.0,6.25
548358,M Kartik,32,18,0,3.0,10.67
548358,MJ Clarke,12,12,1,2.0,6.0
548358,SK Trivedi,19,18,1,3.0,6.33
548358,SPD Smith,5,2,0,0.3333333333333333,15.0
548358,SR Watson,27,24,0,4.0,6.75
548358,STR Binny,12,18,1,3.0,4.0
548358,SW Tait,13,24,3,4.0,3.25
548358,WD Parnell,12,12,1,2.0,6.0
548359,A Ashish Reddy,36,24,2,4.0,9.0
548359,A Mishra,20,12,0,2.0,10.0
548359,AA Jhunjhunwala,12,12,0,2.0,6.0
548359,Azhar Mahmood,25,24,0,4.0,6.25
548359,DJ Harris,15,12,0,2.0,7.5
548359,DJ Hussey,2,6,2,1.0,2.0
548359,J Theron,29,24,1,4.0,7.25
548359,P Awana,26,24,2,4.0,6.5
548359,P Kumar,15,24,3,4.0,3.75
548359,PP Chawla,33,24,1,4.0,8.25
548359,RR Powar,32,18,0,3.0,10.67
548359,S Dhawan,8,12,1,2.0,4.0
548359,V Pratap Singh,43,24,1,4.0,10.75
548360,HV Patel,24,24,2,4.0,6.0
548360,Harbhajan Singh,18,24,0,4.0,4.5
548360,J Syed Mohammad,37,24,0,4.0,9.25
548360,KA Pollard,32,18,0,3.0,10.67
548360,M Muralitharan,24,24,2,4.0,6.0
548360,PP Ojha,18,12,1,2.0,9.0
548360,R Vinay Kumar,33,24,2,4.0,8.25
548360,RG Sharma,16,6,0,1.0,16.0
548360,RP Singh,28,24,0,4.0,7.0
548360,SL Malinga,19,24,0,4.0,4.75
548360,Z Khan,16,24,0,4.0,4.0
548361,BW Hilfenhaus,8,24,2,4.0,2.0
548361,DJ Bravo,36,18,0,3.0,12.0
548361,J Botha,23,24,0,4.0,5.75
548361,JA Morkel,18,18,0,3.0,6.0
548361,Pankaj Singh,33,24,2,4.0,8.25
548361,R Ashwin,13,12,1,2.0,6.5
548361,RA Jadeja,21,24,1,4.0,5.25
548361,SK Trivedi,17,24,2,4.0,4.25
548361,SR Watson,31,18,1,3.0,10.33
548361,SW Tait,10,19,1,3.1666666666666665,3.16
548361,VY Mahesh,18,24,2,4.0,4.5
548362,AC Thomas,43,24,1,4.0,10.75
548362,AD Mathews,13,18,1,3.0,4.33
548362,B Kumar,39,24,0,4.0,9.75
548362,HV Patel,36,24,1,4.0,9.0
548362,K Upadhyay,33,24,0,4.0,8.25
548362,KP Appanna,29,24,1,4.0,7.25
548362,M Muralitharan,16,24,2,4.0,4.0
548362,MJ Clarke,5,6,0,1.0,5.0
548362,R Sharma,30,24,1,4.0,7.5
548362,R Vinay Kumar,32,24,3,4.0,8.0
548362,Z Khan,21,24,2,4.0,5.25
548363,B Lee,43,24,0,4.0,10.75
548363,DR Smith,30,24,1,4.0,7.5
548363,Harbhajan Singh,7,6,0,1.0,7.0
548363,JH Kallis,38,24,0,4.0,9.5
548363,KA Pollard,28,24,1,4.0,7.0
548363,MM Patel,32,24,1,4.0,8.0
548363,PP Ojha,26,18,1,3.0,8.67
548363,R Bhatia,41,24,0,4.0,10.25
548363,SL Malinga,27,24,0,4.0,6.75
548363,SP Narine,28,24,0,4.0,7.0
548363,Shakib Al Hasan,27,24,1,4.0,6.75
548364,BW Hilfenhaus,25,24,3,4.0,6.25
548364,DJ Bravo,20,24,0,4.0,5.0
548364,IK Pathan,15,12,1,2.0,7.5
548364,JA Morkel,14,24,1,4.0,3.5
548364,M Morkel,31,24,0,4.0,7.75
548364,R Ashwin,17,24,1,4.0,4.25
548364,RA Jadeja,11,6,0,1.0,11.0
548364,RE van der Merwe,17,18,0,3.0,5.67
548364,SB Jakati,20,18,0,3.0,6.67
548364,UT Yadav,23,18,0,3.0,7.67
548364,VR Aaron,28,20,0,3.3333333333333335,8.4
548365,A Chandila,13,24,4,4.0,3.25
548365,A Nehra,23,24,3,4.0,5.75
548365,AD Mathews,29,24,1,4.0,7.25
548365,B Kumar,33,24,0,4.0,8.25
548365,J Botha,25,24,2,4.0,6.25
548365,JD Ryder,15,6,0,1.0,15.0
548365,M Kartik,36,24,0,4.0,9.0
548365,R Sharma,31,18,0,3.0,10.33
548365,SK Trivedi,24,18,0,3.0,8.0
548365,SR Watson,18,18,2,3.0,6.0
548365,STR Binny,17,12,0,2.0,8.5
548365,SW Tait,23,24,1,4.0,5.75
548366,A Mishra,31,18,1,3.0,10.33
548366,AA Jhunjhunwala,13,6,0,1.0,13.0
548366,Azhar Mahmood,34,24,2,4.0,8.5
548366,DJ Hussey,13,6,0,1.0,13.0
548366,DT Christian,31,24,2,4.0,7.75
548366,DW Steyn,26,24,2,4.0,6.5
548366,MS Gony,39,24,1,4.0,9.75
548366,P Awana,40,24,1,4.0,10.0
548366,P Kumar,31,24,1,4.0,7.75
548366,PP Chawla,27,18,0,3.0,9.0
548366,RJ Harris,32,24,0,4.0,8.0
548366,TP Sudhindra,46,24,0,4.0,11.5
548367,CH Gayle,38,16,0,2.6666666666666665,14.25
548367,DR Smith,10,12,0,2.0,5.0
548367,HV Patel,24,24,1,4.0,6.0
548367,Harbhajan Singh,31,18,1,3.0,10.33
548367,KA Pollard,17,18,1,3.0,5.67
548367,KP Appanna,19,6,0,1.0,19.0
548367,M Muralitharan,15,24,1,4.0,3.75
548367,MM Patel,45,24,2,4.0,11.25
548367,R Vinay Kumar,34,24,2,4.0,8.5
548367,RP Singh,22,24,2,4.0,5.5
548367,SL Malinga,27,24,0,4.0,6.75
548367,Z Khan,32,24,1,4.0,8.0
548368,BW Hilfenhaus,26,18,1,3.0,8.67
548368,DJ Bravo,21,18,1,3.0,7.0
548368,JH Kallis,25,18,0,3.0,8.33
548368,L Balaji,32,24,1,4.0,8.0
548368,M de Lange,37,18,0,3.0,12.33
548368,R Ashwin,26,24,1,4.0,6.5
548368,R Bhatia,33,24,2,4.0,8.25
548368,RA Jadeja,39,24,1,4.0,9.75
548368,SB Jakati,26,24,2,4.0,6.5
548368,SK Raina,17,12,0,2.0,8.5
548368,SP Narine,14,24,2,4.0,3.5
548368,YK Pathan,14,12,0,2.0,7.0
548369,Azhar Mahmood,33,24,0,4.0,8.25
548369,Harmeet Singh,22,18,0,3.0,7.33
548369,IK Pathan,24,24,0,4.0,6.0
548369,M Morkel,32,24,1,4.0,8.0
548369,P Awana,22,24,3,4.0,5.5
548369,P Kumar,28,24,1,4.0,7.0
548369,P Negi,24,18,1,3.0,8.0
548369,PP Chawla,33,24,1,4.0,8.25
548369,UT Yadav,20,24,4,4.0,5.0
548369,VR Aaron,19,24,2,4.0,4.75
548369,Y Venugopal Rao,13,6,0,1.0,13.0
548370,DR Smith,8,12,2,2.0,4.0
548370,Harbhajan Singh,24,18,0,3.0,8.0
548370,Iqbal Abdulla,23,24,1,4.0,5.75
548370,JH Kallis,32,24,2,4.0,8.0
548370,KA Pollard,17,18,1,3.0,5.67
548370,L Balaji,10,24,2,4.0,2.5
548370,MM Patel,17,24,1,4.0,4.25
548370,RP Singh,29,24,2,4.0,7.25
548370,SL Malinga,30,24,1,4.0,7.5
548370,SP Narine,15,19,4,3.1666666666666665,4.74
548370,Shakib Al Hasan,24,24,1,4.0,6.0
548371,Azhar Mahmood,28,24,2,4.0,7.0
548371,BW Hilfenhaus,20,24,1,4.0,5.0
548371,DJ Bravo,18,18,2,3.0,6.0
548371,DJ Hussey,23,18,0,3.0,7.67
548371,JA Morkel,26,21,1,3.5,7.43
548371,P Awana,12,24,2,4.0,3.0
548371,P Kumar,18,24,2,4.0,4.5
548371,PP Chawla,12,6,0,1.0,12.0
548371,R Ashwin,27,24,0,4.0,6.75
548371,RJ Harris,23,24,1,4.0,5.75
548371,VY Mahesh,27,12,0,2.0,13.5
548372,AD Russell,40,24,0,4.0,10.0
548372,HV Patel,33,24,0,4.0,8.25
548372,IK Pathan,44,24,0,4.0,11.0
548372,M Muralitharan,43,24,1,4.0,10.75
548372,P Negi,37,18,0,3.0,12.33
548372,P Parameswaran,29,18,3,3.0,9.67
548372,R Vinay Kumar,34,24,2,4.0,8.5
548372,TM Dilshan,10,6,0,1.0,10.0
548372,UT Yadav,34,24,0,4.0,8.5
548372,VR Aaron,37,24,1,4.0,9.25
548372,Y Venugopal Rao,13,6,0,1.0,13.0
548372,Z Khan,38,24,3,4.0,9.5
548373,A Ashish Reddy,17,12,0,2.0,8.5
548373,A Chandila,20,24,1,4.0,5.0
548373,A Mishra,18,24,2,4.0,4.5
548373,DW Steyn,16,24,2,4.0,4.0
548373,J Botha,29,24,1,4.0,7.25
548373,JP Duminy,12,12,0,2.0,6.0
548373,MS Gony,25,24,1,4.0,6.25
548373,SK Trivedi,17,24,2,4.0,4.25
548373,SR Watson,14,12,0,2.0,7.0
548373,STR Binny,8,6,1,1.0,8.0
548373,SW Tait,31,22,0,3.6666666666666665,8.45
548373,V Pratap Singh,30,24,3,4.0,7.5
548374,AD Russell,50,24,1,4.0,12.5
548374,Azhar Mahmood,22,20,2,3.3333333333333335,6.6
548374,IK Pathan,25,24,0,4.0,6.25
548374,M Morkel,15,24,4,4.0,3.75
548374,P Awana,40,18,0,3.0,13.33
548374,P Kumar,28,24,0,4.0,7.0
548374,PP Chawla,27,24,0,4.0,6.75
548374,RJ Harris,19,24,2,4.0,4.75
548374,UT Yadav,19,24,3,4.0,4.75
548374,VR Aaron,24,24,0,4.0,6.0
548375,A Nehra,35,24,0,4.0,8.75
548375,AG Murtaza,11,12,0,2.0,5.5
548375,B Kumar,23,24,1,4.0,5.75
548375,Iqbal Abdulla,17,18,1,3.0,5.67
548375,L Balaji,17,24,1,4.0,4.25
548375,MJ Clarke,27,24,1,4.0,6.75
548375,R Bhatia,14,18,1,3.0,4.67
548375,SC Ganguly,15,12,0,2.0,7.5
548375,SP Narine,15,24,1,4.0,3.75
548375,Shakib Al Hasan,18,24,2,4.0,4.5
548375,WD Parnell,16,24,2,4.0,4.0
548375,YK Pathan,11,12,1,2.0,5.5
548376,A Ashish Reddy,24,24,3,4.0,6.0
548376,A Mishra,26,24,2,4.0,6.5
548376,DW Steyn,8,24,3,4.0,2.0
548376,HV Patel,26,24,0,4.0,6.5
548376,M Muralitharan,29,24,1,4.0,7.25
548376,MS Gony,36,24,0,4.0,9.0
548376,P Parameswaran,12,18,1,3.0,4.0
548376,R Vinay Kumar,20,24,3,4.0,5.0
548376,TM Dilshan,5,6,0,1.0,5.0
548376,V Pratap Singh,26,24,1,4.0,6.5
548376,Z Khan,30,24,2,4.0,7.5
548377,A Chandila,24,12,0,2.0,12.0
548377,DR Smith,13,12,0,2.0,6.5
548377,DS Kulkarni,15,24,3,4.0,3.75
548377,GB Hogg,30,24,0,4.0,7.5
548377,Harbhajan Singh,29,18,0,3.0,9.67
548377,JEC Franklin,6,6,0,1.0,6.0
548377,KA Pollard,26,18,2,3.0,8.67
548377,RP Singh,22,18,0,3.0,7.33
548377,SK Trivedi,27,24,0,4.0,6.75
548377,SL Malinga,31,24,1,4.0,7.75
548377,SR Watson,16,18,0,3.0,5.33
548377,STR Binny,13,6,0,1.0,13.0
548377,SW Tait,34,24,0,4.0,8.5
548378,IK Pathan,19,24,1,4.0,4.75
548378,Iqbal Abdulla,24,24,1,4.0,6.0
548378,JH Kallis,21,24,2,4.0,5.25
548378,L Balaji,9,12,1,2.0,4.5
548378,M Morkel,37,24,0,4.0,9.25
548378,P Negi,18,24,1,4.0,4.5
548378,R Bhatia,16,12,1,2.0,8.0
548378,SP Narine,24,24,2,4.0,6.0
548378,Shakib Al Hasan,36,24,1,4.0,9.0
548378,UT Yadav,36,24,1,4.0,9.0
548378,VR Aaron,48,24,1,4.0,12.0
548379,BW Hilfenhaus,40,24,1,4.0,10.0
548379,DJ Bravo,10,18,2,3.0,3.33
548379,DR Smith,6,6,0,1.0,6.0
548379,DS Kulkarni,44,24,3,4.0,11.0
548379,Harbhajan Singh,20,18,0,3.0,6.67
548379,JA Morkel,31,24,2,4.0,7.75
548379,JEC Franklin,12,6,1,1.0,12.0
548379,KA Pollard,26,18,1,3.0,8.67
548379,R Ashwin,18,18,1,3.0,6.0
548379,RA Jadeja,15,12,1,2.0,7.5
548379,RP Singh,34,24,0,4.0,8.5
548379,SB Jakati,24,24,2,4.0,6.0
548379,SL Malinga,40,24,0,4.0,10.0
548380,AD Russell,30,24,0,4.0,7.5
548380,BW Hilfenhaus,15,18,1,3.0,5.0
548380,DJ Bravo,20,18,1,3.0,6.67
548380,JA Morkel,28,18,1,3.0,9.33
548380,P Negi,33,24,1,4.0,8.25
548380,R Ashwin,22,23,5,3.8333333333333335,5.74
548380,SB Jakati,40,24,2,4.0,10.0
548380,Sunny Gupta,45,18,0,3.0,15.0
548380,UT Yadav,27,24,2,4.0,6.75
548380,V Sehwag,21,6,0,1.0,21.0
548380,VR Aaron,60,24,2,4.0,15.0
548381,B Lee,41,24,0,4.0,10.25
548381,BW Hilfenhaus,21,24,2,4.0,5.25
548381,DJ Bravo,46,22,1,3.6666666666666665,12.55
548381,Iqbal Abdulla,9,6,0,1.0,9.0
548381,JA Morkel,36,24,1,4.0,9.0
548381,JH Kallis,32,24,1,4.0,8.0
548381,R Ashwin,41,24,1,4.0,10.25
548381,R Bhatia,23,18,1,3.0,7.67
548381,SB Jakati,38,24,0,4.0,9.5
548381,SP Narine,37,24,0,4.0,9.25
548381,Shakib Al Hasan,24,18,1,3.0,8.0
548381,YK Pathan,17,6,0,1.0,17.0
597998,A Nehra,20,18,1,3.0,6.67
597998,AD Russell,23,18,0,3.0,7.67
597998,B Lee,39,24,2,4.0,9.75
597998,IK Pathan,15,12,0,2.0,7.5
597998,J Botha,22,22,1,3.6666666666666665,6.0
597998,JH Kallis,21,18,0,3.0,7.0
597998,L Balaji,20,24,1,4.0,5.0
597998,LR Shukla,8,6,0,1.0,8.0
597998,R Bhatia,22,24,2,4.0,5.5
597998,S Nadeem,22,24,2,4.0,5.5
597998,SP Narine,13,24,5,4.0,3.25
597998,UT Yadav,21,18,0,3.0,7.0
597999,DT Christian,37,24,0,4.0,9.25
597999,Harbhajan Singh,20,24,1,4.0,5.0
597999,JD Unadkat,26,24,0,4.0,6.5
597999,JDP Oram,20,24,0,4.0,5.0
597999,JJ Bumrah,32,24,3,4.0,8.0
597999,KA Pollard,15,6,0,1.0,15.0
597999,M Kartik,22,24,2,4.0,5.5
597999,M Muralitharan,30,24,0,4.0,7.5
597999,MG Johnson,13,18,1,3.0,4.33
597999,MM Patel,40,24,0,4.0,10.0
597999,R Vinay Kumar,27,24,3,4.0,6.75
598000,A Ashish Reddy,21,12,1,2.0,10.5
598000,A Mishra,19,24,3,4.0,4.75
598000,AB Dinda,28,24,2,4.0,7.0
598000,AD Mathews,16,12,0,2.0,8.0
598000,B Kumar,17,24,1,4.0,4.25
598000,CL White,2,6,0,1.0,2.0
598000,DW Steyn,11,23,3,3.8333333333333335,2.87
598000,I Sharma,21,24,0,4.0,5.25
598000,MN Samuels,33,24,1,4.0,8.25
598000,NLTC Perera,28,24,3,4.0,7.0
598000,R Sharma,21,24,1,4.0,5.25
598000,Yuvraj Singh,8,12,1,2.0,4.0
598001,A Nehra,30,24,2,4.0,7.5
598001,AD Russell,30,18,0,3.0,10.0
598001,IK Pathan,31,24,0,4.0,7.75
598001,J Botha,19,6,0,1.0,19.0
598001,KK Cooper,28,24,3,4.0,7.0
598001,R Shukla,24,18,2,3.0,8.0
598001,S Badree,33,24,0,4.0,8.25
598001,S Nadeem,22,24,1,4.0,5.5
598001,S Sreesanth,18,24,1,4.0,4.5
598001,SK Trivedi,35,24,0,4.0,8.75
598001,STR Binny,11,6,0,1.0,11.0
598001,UT Yadav,24,24,4,4.0,6.0
598002,AS Rajpoot,24,18,1,3.0,8.0
598002,B Laughlin,22,18,1,3.0,7.33
598002,DJ Bravo,42,24,2,4.0,10.5
598002,DP Nannes,18,24,1,4.0,4.5
598002,Harbhajan Singh,31,24,2,4.0,7.75
598002,KA Pollard,37,24,1,4.0,9.25
598002,MG Johnson,20,24,1,4.0,5.0
598002,MM Patel,28,24,3,4.0,7.0
598002,PP Ojha,16,24,2,4.0,4.0
598002,R Ashwin,21,24,1,4.0,5.25
598002,RA Jadeja,12,12,0,2.0,6.0
598003,AB Dinda,27,12,0,2.0,13.5
598003,AD Mathews,12,12,1,2.0,6.0
598003,Azhar Mahmood,19,24,3,4.0,4.75
598003,B Kumar,16,12,0,2.0,8.0
598003,MR Marsh,22,20,0,3.3333333333333335,6.6
598003,P Awana,16,24,2,4.0,4.0
598003,P Kumar,30,24,2,4.0,7.5
598003,PP Chawla,19,24,1,4.0,4.75
598003,R Sharma,20,18,1,3.0,6.67
598003,RJ Harris,12,24,1,4.0,3.0
598005,B Lee,19,24,1,4.0,4.75
598005,JH Kallis,26,24,1,4.0,6.5
598005,KK Cooper,14,24,3,4.0,3.5
598005,LR Shukla,14,12,1,2.0,7.0
598005,Mohammed Shami,26,18,0,3.0,8.67
598005,R Bhatia,21,18,1,3.0,7.0
598005,R Shukla,26,18,2,3.0,8.67
598005,S Sreesanth,24,24,1,4.0,6.0
598005,SK Trivedi,23,24,3,4.0,5.75
598005,SP Narine,28,24,2,4.0,7.0
598005,SW Tait,27,24,1,4.0,6.75
598006,A Nehra,49,24,3,4.0,12.25
598006,BMAJ Mendis,20,12,0,2.0,10.0
598006,Harbhajan Singh,25,24,1,4.0,6.25
598006,IK Pathan,37,24,1,4.0,9.25
598006,KA Pollard,33,24,2,4.0,8.25
598006,M Morkel,41,24,1,4.0,10.25
598006,MG Johnson,48,24,2,4.0,12.0
598006,PP Ojha,29,24,2,4.0,7.25
598006,S Nadeem,26,18,0,3.0,8.67
598006,SL Malinga,20,24,2,4.0,5.0
598006,UT Yadav,25,18,0,3.0,8.33
598007,AS Rajpoot,10,6,0,1.0,10.0
598007,Azhar Mahmood,33,24,0,4.0,8.25
598007,CH Morris,27,24,2,4.0,6.75
598007,DJ Bravo,25,24,3,4.0,6.25
598007,DP Nannes,17,23,3,3.8333333333333335,4.43
598007,P Awana,20,12,0,2.0,10.0
598007,P Kumar,17,14,0,2.3333333333333335,7.29
598007,PP Chawla,21,24,0,4.0,5.25
598007,R Ashwin,22,18,1,3.0,7.33
598007,R Sathish,15,6,0,1.0,15.0
598007,RA Jadeja,29,24,1,4.0,7.25
598007,RJ Harris,30,24,0,4.0,7.5
598008,JD Unadkat,34,24,0,4.0,8.5
598008,JH Kallis,22,24,0,4.0,5.5
598008,L Balaji,31,21,1,3.5,8.86
598008,M Muralitharan,29,24,0,4.0,7.25
598008,MC Henriques,23,24,2,4.0,5.75
598008,PJ Sangwan,30,12,0,2.0,15.0
598008,R Bhatia,9,6,0,1.0,9.0
598008,R McLaren,32,18,1,3.0,10.67
598008,R Vinay Kumar,36,24,2,4.0,9.0
598008,RP Singh,26,24,4,4.0,6.5
598008,SP Narine,17,24,0,4.0,4.25
598009,AB Dinda,21,18,0,3.0,7.0
598009,AD Mathews,27,24,0,4.0,6.75
598009,B Kumar,38,24,1,4.0,9.5
598009,Harmeet Singh,33,24,1,4.0,8.25
598009,JP Faulkner,16,24,2,4.0,4.0
598009,KK Cooper,26,24,0,4.0,6.5
598009,MR Marsh,10,6,0,1.0,10.0
598009,R Sharma,16,24,2,4.0,4.0
598009,S Sreesanth,33,16,0,2.6666666666666665,12.38
598009,SK Trivedi,30,24,0,4.0,7.5
598009,Yuvraj Singh,26,24,2,4.0,6.5
598010,A Mishra,15,24,1,4.0,3.75
598010,Anand Rajan,19,24,1,4.0,4.75
598010,DW Steyn,10,24,2,4.0,2.5
598010,I Sharma,28,24,2,4.0,7.0
598010,IK Pathan,18,20,1,3.3333333333333335,5.4
598010,J Botha,11,18,1,3.0,3.67
598010,M Morkel,26,24,2,4.0,6.5
598010,NLTC Perera,31,24,2,4.0,7.75
598010,S Kaul,8,12,1,2.0,4.0
598010,S Nadeem,17,24,2,4.0,4.25
598010,UT Yadav,32,18,0,3.0,10.67
598011,AB Dinda,55,24,0,4.0,13.75
598011,AD Mathews,29,24,0,4.0,7.25
598011,AJ Finch,11,12,1,2.0,5.5
598011,B Kumar,16,12,0,2.0,8.0
598011,Harbhajan Singh,20,18,1,3.0,6.67
598011,KA Pollard,18,18,1,3.0,6.0
598011,MG Johnson,32,24,3,4.0,8.0
598011,MR Marsh,23,12,1,2.0,11.5
598011,PP Ojha,18,12,2,2.0,9.0
598011,R Dhawan,27,24,0,4.0,6.75
598011,R Sharma,27,24,0,4.0,6.75
598011,SL Malinga,22,24,1,4.0,5.5
598011,Yuvraj Singh,13,12,1,2.0,6.5
598012,CH Morris,40,24,3,4.0,10.0
598012,DJ Bravo,28,24,1,4.0,7.0
598012,DP Nannes,28,24,1,4.0,7.0
598012,DT Christian,12,12,0,2.0,6.0
598012,J Syed Mohammad,14,18,2,3.0,4.67
598012,M Kartik,29,18,0,3.0,9.67
598012,MM Sharma,13,12,0,2.0,6.5
598012,R Ashwin,27,24,0,4.0,6.75
598012,R Rampaul,29,24,3,4.0,7.25
598012,R Vinay Kumar,35,24,1,4.0,8.75
598012,RA Jadeja,20,12,0,2.0,10.0
598012,RP Singh,37,23,0,3.8333333333333335,9.65
598013,A Ashish Reddy,15,12,1,2.0,7.5
598013,A Mishra,28,18,0,3.0,9.33
598013,DW Steyn,28,24,1,4.0,7.0
598013,GH Vihari,14,6,0,1.0,14.0
598013,I Sharma,32,24,1,4.0,8.0
598013,JH Kallis,12,24,3,4.0,3.0
598013,KV Sharma,13,12,1,2.0,6.5
598013,L Balaji,30,24,0,4.0,7.5
598013,NLTC Perera,42,24,0,4.0,10.5
598013,R Bhatia,30,24,2,4.0,7.5
598013,SMSM Senanayake,17,24,1,4.0,4.25
598013,SP Narine,31,24,1,4.0,7.75
598014,A Chandila,14,18,0,3.0,4.67
598014,Azhar Mahmood,23,24,0,4.0,5.75
598014,JP Faulkner,30,23,3,3.8333333333333335,7.83
598014,KK Cooper,28,18,2,3.0,9.33
598014,P Awana,35,24,1,4.0,8.75
598014,P Kumar,9,24,2,4.0,2.25
598014,PP Chawla,22,20,1,3.3333333333333335,6.6
598014,RJ Harris,28,24,0,4.0,7.0
598014,S Sreesanth,16,24,3,4.0,4.0
598014,SK Trivedi,21,24,2,4.0,5.25
598014,STR Binny,4,6,0,1.0,4.0
598015,AB Dinda,34,24,2,4.0,8.5
598015,AJ Finch,9,6,0,1.0,9.0
598015,AM Nayar,21,18,1,3.0,7.0
598015,B Kumar,11,24,2,4.0,2.75
598015,CH Morris,25,24,2,4.0,6.25
598015,DJ Bravo,34,24,2,4.0,8.5
598015,DP Nannes,41,24,0,4.0,10.25
598015,MR Marsh,34,24,2,4.0,8.5
598015,R Ashwin,24,24,0,4.0,6.0
598015,R Sharma,24,24,1,4.0,6.0
598015,RA Jadeja,27,24,1,4.0,6.75
598016,Azhar Mahmood,20,24,3,4.0,5.0
598016,DJ Hussey,14,6,0,1.0,14.0
598016,JH Kallis,24,24,3,4.0,6.0
598016,L Balaji,37,24,1,4.0,9.25
598016,MS Gony,16,24,1,4.0,4.0
598016,P Awana,39,24,2,4.0,9.75
598016,P Kumar,24,24,3,4.0,6.0
598016,PP Chawla,28,18,0,3.0,9.33
598016,R Bhatia,30,24,0,4.0,7.5
598016,SMSM Senanayake,28,24,2,4.0,7.0
598016,SP Narine,32,24,3,4.0,8.0
598018,A Mishra,19,24,4,4.0,4.75
598018,AB Dinda,23,24,2,4.0,5.75
598018,AD Mathews,29,24,0,4.0,7.25
598018,B Kumar,16,24,3,4.0,4.0
598018,DW Steyn,34,24,1,4.0,8.5
598018,I Sharma,22,24,1,4.0,5.5
598018,KV Sharma,13,18,1,3.0,4.33
598018,MR Marsh,25,24,1,4.0,6.25
598018,NLTC Perera,20,24,3,4.0,5.0
598018,R Sharma,21,24,2,4.0,5.25
598019,A Chandila,6,12,2,2.0,3.0
598019,AA Chavan,9,18,0,3.0,3.0
598019,Harbhajan Singh,25,24,1,4.0,6.25
598019,JP Faulkner,15,20,3,3.3333333333333335,4.5
598019,KA Pollard,22,12,1,2.0,11.0
598019,KK Cooper,24,18,1,3.0,8.0
598019,MG Johnson,39,24,0,4.0,9.75
598019,PP Ojha,31,24,1,4.0,7.75
598019,R Dhawan,16,12,0,2.0,8.0
598019,SK Trivedi,17,24,1,4.0,4.25
598019,SL Malinga,30,24,0,4.0,7.5
598019,STR Binny,14,18,3,3.0,4.67
598020,AB Agarkar,27,24,0,4.0,6.75
598020,CH Morris,12,12,1,2.0,6.0
598020,DJ Bravo,8,9,1,1.5,5.33
598020,IK Pathan,30,24,1,4.0,7.5
598020,JA Morkel,12,18,1,3.0,4.0
598020,M Morkel,41,24,1,4.0,10.25
598020,MM Sharma,8,18,3,3.0,2.67
598020,R Ashwin,18,24,2,4.0,4.5
598020,RA Jadeja,21,24,2,4.0,5.25
598020,S Nadeem,21,18,0,3.0,7.0
598020,UT Yadav,32,24,2,4.0,8.0
598020,V Sehwag,9,6,0,1.0,9.0
598021,A Mishra,29,24,3,4.0,7.25
598021,AD Mascarenhas,25,24,0,4.0,6.25
598021,Azhar Mahmood,35,23,1,3.8333333333333335,9.13
598021,DW Steyn,14,24,1,4.0,3.5
598021,GH Vihari,2,6,0,1.0,2.0
598021,I Sharma,27,24,2,4.0,6.75
598021,KV Sharma,19,18,2,3.0,6.33
598021,MS Gony,24,24,2,4.0,6.0
598021,NLTC Perera,25,24,1,4.0,6.25
598021,P Kumar,12,18,1,3.0,4.0
598021,PP Chawla,25,24,1,4.0,6.25
598022,CH Morris,12,18,1,3.0,4.0
598022,DJ Bravo,14,12,2,2.0,7.0
598022,JA Morkel,35,24,0,4.0,8.75
598022,JH Kallis,32,24,2,4.0,8.0
598022,L Balaji,27,24,1,4.0,6.75
598022,MM Sharma,13,18,1,3.0,4.33
598022,R Ashwin,21,24,2,4.0,5.25
598022,R Bhatia,12,12,0,2.0,6.0
598022,RA Jadeja,20,24,3,4.0,5.0
598022,SMSM Senanayake,18,24,1,4.0,4.5
598022,SP Narine,20,24,1,4.0,5.0
598022,YK Pathan,9,7,1,1.1666666666666667,7.71
598023,A Chandila,21,24,0,4.0,5.25
598023,JD Unadkat,32,24,1,4.0,8.0
598023,JP Faulkner,20,24,1,4.0,5.0
598023,M Kartik,35,24,1,4.0,8.75
598023,R Rampaul,19,22,2,3.6666666666666665,5.18
598023,R Vinay Kumar,18,24,3,4.0,4.5
598023,RP Singh,13,24,3,4.0,3.25
598023,S Sreesanth,9,6,0,1.0,9.0
598023,SK Trivedi,24,23,0,3.8333333333333335,6.26
598023,SR Watson,11,12,2,2.0,5.5
598023,SW Tait,22,18,0,3.0,7.33
598024,AB Agarkar,36,18,0,3.0,12.0
598024,AD Russell,13,6,0,1.0,13.0
598024,DR Smith,23,12,0,2.0,11.5
598024,Harbhajan Singh,30,18,0,3.0,10.0
598024,IK Pathan,24,24,0,4.0,6.0
598024,JJ Bumrah,35,18,0,3.0,11.67
598024,KA Pollard,11,6,0,1.0,11.0
598024,MM Patel,36,24,0,4.0,9.0
598024,RE van der Merwe,35,24,1,4.0,8.75
598024,S Nadeem,20,24,0,4.0,5.0
598024,SL Malinga,26,24,1,4.0,6.5
598024,UT Yadav,30,24,3,4.0,7.5
598025,AB Dinda,36,24,0,4.0,9.0
598025,Azhar Mahmood,42,24,2,4.0,10.5
598025,B Kumar,31,24,1,4.0,7.75
598025,BAW Mendis,38,24,1,4.0,9.5
598025,LJ Wright,35,17,0,2.8333333333333335,12.35
598025,MS Gony,32,24,1,4.0,8.0
598025,P Awana,37,24,1,4.0,9.25
598025,P Kumar,33,24,0,4.0,8.25
598025,PP Chawla,33,24,0,4.0,8.25
598025,R Sharma,28,18,0,3.0,9.33
598025,Yuvraj Singh,15,12,1,2.0,7.5
598026,A Chandila,16,18,1,3.0,5.33
598026,CH Morris,31,18,0,3.0,10.33
598026,DJ Bravo,34,24,2,4.0,8.5
598026,JO Holder,28,24,0,4.0,7.0
598026,JP Faulkner,20,24,4,4.0,5.0
598026,KK Cooper,49,24,0,4.0,12.25
598026,MM Sharma,19,12,0,2.0,9.5
598026,R Ashwin,20,24,2,4.0,5.0
598026,R Shukla,24,12,0,2.0,12.0
598026,RA Jadeja,43,18,0,3.0,14.33
598026,SK Trivedi,30,18,0,3.0,10.0
598026,SR Watson,21,11,0,1.8333333333333335,11.45
598026,STR Binny,19,12,0,2.0,9.5
598027,AB Dinda,45,24,3,4.0,11.25
598027,AG Murtaza,44,12,0,2.0,22.0
598027,AJ Finch,29,6,0,1.0,29.0
598027,B Kumar,22,24,0,4.0,5.5
598027,CH Gayle,5,6,2,1.0,5.0
598027,IC Pandey,28,12,0,2.0,14.0
598027,JD Unadkat,37,24,2,4.0,9.25
598027,LJ Wright,24,24,1,4.0,6.0
598027,M Kartik,23,18,1,3.0,7.67
598027,MR Marsh,55,18,1,3.0,18.33
598027,R Rampaul,20,24,2,4.0,5.0
598027,R Vinay Kumar,24,24,1,4.0,6.0
598027,RP Singh,20,24,1,4.0,5.0
598028,A Nehra,38,24,2,4.0,9.5
598028,Azhar Mahmood,40,24,0,4.0,10.0
598028,IK Pathan,26,24,1,4.0,6.5
598028,M Morkel,22,24,1,4.0,5.5
598028,P Awana,25,24,1,4.0,6.25
598028,P Kumar,19,24,1,4.0,4.75
598028,PP Chawla,44,24,2,4.0,11.0
598028,S Kaul,38,24,0,4.0,9.5
598028,Sandeep Sharma,23,24,3,4.0,5.75
598028,UT Yadav,38,24,0,4.0,9.5
598029,Harbhajan Singh,33,12,0,2.0,16.5
598029,Iqbal Abdulla,35,24,0,4.0,8.75
598029,KA Pollard,14,12,0,2.0,7.0
598029,L Balaji,24,24,0,4.0,6.0
598029,MG Johnson,25,24,2,4.0,6.25
598029,PP Ojha,21,24,2,4.0,5.25
598029,R Bhatia,32,23,1,3.8333333333333335,8.35
598029,SL Malinga,25,24,2,4.0,6.25
598029,SMSM Senanayake,50,24,1,4.0,12.5
598029,SP Narine,17,24,3,4.0,4.25
598029,YS Chahal,34,24,0,4.0,8.5
598030,A Ashish Reddy,14,4,0,0.6666666666666666,21.0
598030,A Mishra,26,24,3,4.0,6.5
598030,CH Morris,24,18,0,3.0,8.0
598030,DJ Bravo,37,24,2,4.0,9.25
598030,DJG Sammy,30,18,0,3.0,10.0
598030,DW Steyn,44,24,1,4.0,11.0
598030,I Sharma,32,24,1,4.0,8.0
598030,JO Holder,29,24,1,4.0,7.25
598030,KV Sharma,8,24,0,4.0,2.0
598030,MM Sharma,33,24,2,4.0,8.25
598030,R Ashwin,20,24,1,4.0,5.0
598030,RA Jadeja,8,6,0,1.0,8.0
598031,Azhar Mahmood,35,24,3,4.0,8.75
598031,BA Bhatt,20,18,0,3.0,6.67
598031,Harmeet Singh,23,20,1,3.3333333333333335,6.9
598031,JH Kallis,14,24,2,4.0,3.5
598031,L Balaji,44,24,1,4.0,11.0
598031,P Kumar,27,24,0,4.0,6.75
598031,PP Chawla,33,24,0,4.0,8.25
598031,R Bhatia,17,12,1,2.0,8.5
598031,S Ladda,18,12,1,2.0,9.0
598031,SMSM Senanayake,29,24,0,4.0,7.25
598031,SP Narine,22,24,1,4.0,5.5
598032,A Chandila,13,18,2,3.0,4.33
598032,A Mishra,20,12,0,2.0,10.0
598032,DJG Sammy,17,18,0,3.0,5.67
598032,DW Steyn,14,24,1,4.0,3.5
598032,I Sharma,35,18,0,3.0,11.67
598032,JP Faulkner,20,24,5,4.0,5.0
598032,KK Cooper,38,24,1,4.0,9.5
598032,KV Sharma,24,11,0,1.8333333333333335,13.09
598032,NLTC Perera,34,24,1,4.0,8.5
598032,SK Trivedi,24,18,0,3.0,8.0
598032,SR Watson,15,12,0,2.0,7.5
598032,STR Binny,23,24,1,4.0,5.75
598033,DR Smith,18,12,2,2.0,9.0
598033,DS Kulkarni,14,24,3,4.0,3.5
598033,Harbhajan Singh,21,24,2,4.0,5.25
598033,J Syed Mohammad,43,24,2,4.0,10.75
598033,JD Unadkat,32,24,0,4.0,8.0
598033,KA Pollard,19,12,0,2.0,9.5
598033,MG Johnson,27,24,0,4.0,6.75
598033,R Rampaul,35,24,1,4.0,8.75
598033,R Vinay Kumar,37,24,3,4.0,9.25
598033,RP Singh,38,24,1,4.0,9.5
598033,SL Malinga,25,24,0,4.0,6.25
598034,CH Morris,29,18,1,3.0,9.67
598034,DJ Bravo,34,24,2,4.0,8.5
598034,DP Nannes,41,24,0,4.0,10.25
598034,JH Kallis,50,24,0,4.0,12.5
598034,L Balaji,44,24,1,4.0,11.0
598034,MM Sharma,23,24,1,4.0,5.75
598034,Mohammed Shami,19,12,0,2.0,9.5
598034,R Ashwin,26,18,0,3.0,8.67
598034,R Bhatia,31,24,1,4.0,7.75
598034,RA Jadeja,13,12,0,2.0,6.5
598034,SP Narine,35,24,1,4.0,8.75
598034,YK Pathan,18,12,0,2.0,9.0
598035,A Nehra,26,24,0,4.0,6.5
598035,AB Dinda,31,24,3,4.0,7.75
598035,AM Nayar,14,12,1,2.0,7.0
598035,B Kumar,22,24,0,4.0,5.5
598035,IK Pathan,29,24,2,4.0,7.25
598035,KW Richardson,37,24,0,4.0,9.25
598035,LJ Wright,14,6,0,1.0,14.0
598035,M Morkel,35,24,0,4.0,8.75
598035,R Sharma,23,18,1,3.0,7.67
598035,S Nadeem,30,24,0,4.0,7.5
598035,UT Yadav,23,24,2,4.0,5.75
598035,Yuvraj Singh,9,12,0,2.0,4.5
598036,A Chandila,39,24,0,4.0,9.75
598036,JD Unadkat,30,18,0,3.0,10.0
598036,JP Faulkner,39,24,0,4.0,9.75
598036,M Kartik,32,18,0,3.0,10.67
598036,MC Henriques,5,12,1,2.0,2.5
598036,R Rampaul,28,24,2,4.0,7.0
598036,R Vinay Kumar,39,23,2,3.8333333333333335,10.17
598036,RP Singh,34,24,1,4.0,8.5
598036,S Sreesanth,32,24,1,4.0,8.0
598036,SK Trivedi,20,18,1,3.0,6.67
598036,SR Watson,22,24,4,4.0,5.5
598036,STR Binny,8,6,0,1.0,8.0
598037,Azhar Mahmood,32,24,0,4.0,8.0
598037,DJ Hussey,31,12,0,2.0,15.5
598037,DS Kulkarni,40,24,2,4.0,10.0
598037,Harbhajan Singh,14,24,3,4.0,3.5
598037,KA Pollard,15,6,0,1.0,15.0
598037,MG Johnson,26,24,2,4.0,6.5
598037,MS Gony,41,24,1,4.0,10.25
598037,P Awana,15,24,0,4.0,3.75
598037,P Kumar,23,24,1,4.0,5.75
598037,PP Chawla,24,12,1,2.0,12.0
598037,PP Ojha,22,18,2,3.0,7.33
598037,SL Malinga,38,24,1,4.0,9.5
598038,AB Dinda,41,24,0,4.0,10.25
598038,AM Nayar,21,18,0,3.0,7.0
598038,B Kumar,24,24,0,4.0,6.0
598038,CH Morris,19,18,2,3.0,6.33
598038,DJ Bravo,17,24,1,4.0,4.25
598038,JA Morkel,20,18,1,3.0,6.67
598038,KW Richardson,35,24,1,4.0,8.75
598038,LJ Wright,12,6,1,1.0,12.0
598038,MM Sharma,20,24,3,4.0,5.0
598038,R Ashwin,20,12,1,2.0,10.0
598038,R Sharma,27,24,1,4.0,6.75
598038,RA Jadeja,24,24,1,4.0,6.0
598039,A Mishra,24,24,2,4.0,6.0
598039,DR Smith,15,6,0,1.0,15.0
598039,DS Kulkarni,12,12,1,2.0,6.0
598039,DW Steyn,25,24,0,4.0,6.25
598039,Harbhajan Singh,32,24,1,4.0,8.0
598039,I Sharma,14,24,2,4.0,3.5
598039,KV Sharma,25,24,0,4.0,6.25
598039,MG Johnson,21,18,1,3.0,7.0
598039,NLTC Perera,33,24,0,4.0,8.25
598039,PP Ojha,18,24,0,4.0,4.5
598039,RG Sharma,4,6,0,1.0,4.0
598039,SL Malinga,23,18,0,3.0,7.67
598040,A Nehra,36,24,1,4.0,9.0
598040,B Lee,25,24,1,4.0,6.25
598040,IK Pathan,15,24,2,4.0,3.75
598040,JH Kallis,29,18,1,3.0,9.67
598040,L Balaji,35,24,1,4.0,8.75
598040,M Morkel,21,24,1,4.0,5.25
598040,R Bhatia,21,12,0,2.0,10.5
598040,S Nadeem,23,24,1,4.0,5.75
598040,SP Narine,14,24,0,4.0,3.5
598040,UT Yadav,34,24,2,4.0,8.5
598040,YK Pathan,11,5,0,0.8333333333333334,13.2
598041,CH Morris,31,18,0,3.0,10.33
598041,DJ Bravo,34,24,3,4.0,8.5
598041,DJ Hussey,30,24,0,4.0,7.5
598041,JA Morkel,20,24,0,4.0,5.0
598041,MM Sharma,31,24,2,4.0,7.75
598041,MS Gony,29,12,0,2.0,14.5
598041,P Awana,28,24,2,4.0,7.0
598041,P Kumar,38,24,0,4.0,9.5
598041,PP Chawla,32,24,1,4.0,8.0
598041,R Ashwin,33,24,1,4.0,8.25
598041,R Sathish,26,12,1,2.0,13.0
598041,SK Raina,19,6,0,1.0,19.0
598042,AB Dinda,52,24,2,4.0,13.0
598042,AD Mathews,13,12,0,2.0,6.5
598042,B Kumar,19,18,0,3.0,6.33
598042,BAW Mendis,25,24,0,4.0,6.25
598042,CH Gayle,5,6,1,1.0,5.0
598042,M Kartik,29,24,2,4.0,7.25
598042,M Muralitharan,31,18,0,3.0,10.33
598042,MC Henriques,44,24,2,4.0,11.0
598042,R Sharma,36,24,0,4.0,9.0
598042,R Vinay Kumar,30,24,3,4.0,7.5
598042,RP Singh,25,24,1,4.0,6.25
598042,TL Suman,15,12,1,2.0,7.5
598042,Yuvraj Singh,15,6,0,1.0,15.0
598043,AA Chavan,27,18,1,3.0,9.0
598043,GB Hogg,29,20,0,3.3333333333333335,8.7
598043,Iqbal Abdulla,22,18,1,3.0,7.33
598043,JH Kallis,22,18,1,3.0,7.33
598043,JP Faulkner,16,24,0,4.0,4.0
598043,R Bhatia,21,24,1,4.0,5.25
598043,S Narwal,15,12,0,2.0,7.5
598043,SK Trivedi,23,18,0,3.0,7.67
598043,SMSM Senanayake,24,24,2,4.0,6.0
598043,SP Narine,20,24,1,4.0,5.0
598043,SR Watson,20,18,1,3.0,6.67
598043,STR Binny,8,6,0,1.0,8.0
598044,A Mishra,16,24,1,4.0,4.0
598044,A Nehra,13,12,1,2.0,6.5
598044,BMAJ Mendis,16,18,1,3.0,5.33
598044,DJG Sammy,10,18,3,3.0,3.33
598044,DW Steyn,21,24,2,4.0,5.25
598044,I Sharma,8,18,1,3.0,2.67
598044,IK Pathan,6,6,0,1.0,6.0
598044,J Botha,10,18,2,3.0,3.33
598044,KV Sharma,9,12,1,2.0,4.5
598044,NLTC Perera,10,19,2,3.1666666666666665,3.16
598044,S Nadeem,7,12,0,2.0,3.5
598044,UT Yadav,26,17,0,2.8333333333333335,9.18
598045,Azhar Mahmood,23,24,2,4.0,5.75
598045,JD Unadkat,34,24,1,4.0,8.5
598045,M Muralitharan,44,24,1,4.0,11.0
598045,MC Henriques,28,13,0,2.1666666666666665,12.92
598045,MS Gony,44,24,0,4.0,11.0
598045,P Awana,32,24,3,4.0,8.0
598045,PP Chawla,27,24,0,4.0,6.75
598045,R Vinay Kumar,34,24,0,4.0,8.5
598045,Sandeep Sharma,34,24,0,4.0,8.5
598045,Z Khan,28,24,1,4.0,7.0
598046,B Laughlin,46,24,0,4.0,11.5
598046,CH Morris,12,18,0,3.0,4.0
598046,DJ Bravo,18,18,1,3.0,6.0
598046,Harbhajan Singh,13,24,1,4.0,3.25
598046,MG Johnson,21,18,3,3.0,7.0
598046,MM Sharma,19,24,0,4.0,4.75
598046,P Suyal,20,18,1,3.0,6.67
598046,PP Ojha,10,14,3,2.3333333333333335,4.29
598046,R Ashwin,11,12,1,2.0,5.5
598046,RA Jadeja,29,24,3,4.0,7.25
598046,SL Malinga,6,18,2,3.0,2.0
598047,A Chandila,23,12,0,2.0,11.5
598047,AD Mathews,34,18,1,3.0,11.33
598047,B Kumar,37,24,1,4.0,9.25
598047,JP Faulkner,33,24,2,4.0,8.25
598047,K Upadhyay,28,18,0,3.0,9.33
598047,KK Cooper,33,24,1,4.0,8.25
598047,R Sharma,37,24,0,4.0,9.25
598047,SK Trivedi,32,24,1,4.0,8.0
598047,SR Watson,28,24,0,4.0,7.0
598047,STR Binny,18,12,0,2.0,9.0
598047,WD Parnell,27,23,3,3.8333333333333335,7.04
598047,Yuvraj Singh,16,12,0,2.0,8.0
598048,A Ashish Reddy,12,6,0,1.0,12.0
598048,A Mishra,40,24,0,4.0,10.0
598048,CL White,14,6,1,1.0,14.0
598048,DW Steyn,16,24,0,4.0,4.0
598048,GH Vihari,12,6,0,1.0,12.0
598048,I Sharma,30,22,1,3.6666666666666665,8.18
598048,JD Unadkat,29,24,0,4.0,7.25
598048,M Kartik,20,18,1,3.0,6.67
598048,M Muralitharan,23,24,1,4.0,5.75
598048,MC Henriques,18,6,0,1.0,18.0
598048,NLTC Perera,33,18,1,3.0,11.0
598048,R Vinay Kumar,40,24,1,4.0,10.0
598048,RP Singh,25,24,3,4.0,6.25
598049,AB Agarkar,22,12,0,2.0,11.0
598049,BJ Rohrer,11,6,0,1.0,11.0
598049,JP Faulkner,37,24,1,4.0,9.25
598049,M Morkel,40,24,0,4.0,10.0
598049,P Negi,26,24,0,4.0,6.5
598049,PV Tambe,30,24,0,4.0,7.5
598049,S Kaul,23,23,1,3.8333333333333335,6.0
598049,SK Trivedi,21,24,1,4.0,5.25
598049,SR Watson,21,18,1,3.0,7.0
598049,STR Binny,3,12,1,2.0,1.5
598049,SW Tait,35,18,0,3.0,11.67
598049,UT Yadav,22,18,0,3.0,7.33
598050,AN Ahmed,18,18,1,3.0,6.0
598050,Harbhajan Singh,27,24,3,4.0,6.75
598050,Iqbal Abdulla,30,24,1,4.0,7.5
598050,JH Kallis,20,18,0,3.0,6.67
598050,L Balaji,5,18,0,3.0,1.67
598050,MG Johnson,13,24,2,4.0,3.25
598050,PP Ojha,23,24,2,4.0,5.75
598050,R Bhatia,22,12,1,2.0,11.0
598050,R McLaren,54,24,3,4.0,13.5
598050,SL Malinga,15,20,2,3.3333333333333335,4.5
598050,SP Narine,28,24,1,4.0,7.0
598051,A Mishra,39,24,0,4.0,9.75
598051,CH Morris,23,12,1,2.0,11.5
598051,DJ Bravo,25,24,1,4.0,6.25
598051,DJG Sammy,29,12,0,2.0,14.5
598051,DW Steyn,17,24,0,4.0,4.25
598051,I Sharma,63,24,0,4.0,15.75
598051,JO Holder,27,18,1,3.0,9.0
598051,KV Sharma,18,12,0,2.0,9.0
598051,MM Sharma,27,24,2,4.0,6.75
598051,NLTC Perera,42,24,3,4.0,10.5
598051,R Ashwin,22,24,1,4.0,5.5
598051,RA Jadeja,14,12,1,2.0,7.0
598051,SK Raina,4,6,1,1.0,4.0
598052,A Chandila,24,24,1,4.0,6.0
598052,Bipul Sharma,21,24,1,4.0,5.25
598052,JP Faulkner,36,24,1,4.0,9.0
598052,KK Cooper,21,24,3,4.0,5.25
598052,MS Gony,22,12,0,2.0,11.0
598052,P Awana,37,24,0,4.0,9.25
598052,P Kumar,24,24,0,4.0,6.0
598052,PP Chawla,27,24,1,4.0,6.75
598052,R Sathish,10,6,0,1.0,10.0
598052,S Sreesanth,18,12,0,2.0,9.0
598052,SK Trivedi,18,12,0,2.0,9.0
598052,SR Watson,19,24,1,4.0,4.75
598053,AD Mathews,31,24,0,4.0,7.75
598053,B Kumar,24,24,3,4.0,6.0
598053,Iqbal Abdulla,26,24,2,4.0,6.5
598053,JH Kallis,26,24,2,4.0,6.5
598053,K Upadhyay,18,12,0,2.0,9.0
598053,L Balaji,16,21,3,3.5,4.57
598053,MR Marsh,7,12,2,2.0,3.5
598053,Parvez Rasool,23,24,1,4.0,5.75
598053,R Bhatia,19,18,1,3.0,6.33
598053,RN ten Doeschate,3,6,0,1.0,3.0
598053,SP Narine,12,24,2,4.0,3.0
598053,WD Parnell,38,24,0,4.0,9.5
598054,CH Gayle,8,6,0,1.0,8.0
598054,IK Pathan,23,24,1,4.0,5.75
598054,J Syed Mohammad,19,6,0,1.0,19.0
598054,JD Unadkat,24,24,5,4.0,6.0
598054,M Kartik,21,24,0,4.0,5.25
598054,M Morkel,34,24,0,4.0,8.5
598054,MC Henriques,21,12,1,2.0,10.5
598054,R Rampaul,33,24,0,4.0,8.25
598054,R Vinay Kumar,42,24,1,4.0,10.5
598054,S Kaul,36,24,1,4.0,9.0
598054,S Nadeem,21,24,1,4.0,5.25
598054,UT Yadav,64,24,1,4.0,16.0
598055,AB Dinda,35,24,2,4.0,8.75
598055,AN Ahmed,27,24,2,4.0,6.75
598055,B Kumar,9,12,0,2.0,4.5
598055,BAW Mendis,15,24,1,4.0,3.75
598055,GJ Maxwell,5,6,0,1.0,5.0
598055,Harbhajan Singh,14,24,2,4.0,3.5
598055,KW Richardson,27,23,1,3.8333333333333335,7.04
598055,MG Johnson,8,24,2,4.0,2.0
598055,PP Ojha,28,18,0,3.0,9.33
598055,Parvez Rasool,5,6,0,1.0,5.0
598055,SL Malinga,26,24,2,4.0,6.5
598055,Yuvraj Singh,21,24,1,4.0,5.25
598056,A Mishra,20,12,0,2.0,10.0
598056,DJG Sammy,22,24,6,4.0,5.5
598056,DW Steyn,19,24,2,4.0,4.75
598056,GH Vihari,4,12,0,2.0,2.0
598056,Harmeet Singh,39,24,2,4.0,9.75
598056,I Sharma,22,18,0,3.0,7.33
598056,KV Sharma,6,6,0,1.0,6.0
598056,NLTC Perera,19,24,1,4.0,4.75
598056,P Awana,35,24,1,4.0,8.75
598056,P Kumar,31,24,0,4.0,7.75
598056,PP Chawla,20,24,1,4.0,5.0
598056,Sandeep Sharma,21,24,3,4.0,5.25
598057,A Mithun,36,24,1,4.0,9.0
598057,JD Unadkat,27,24,0,4.0,6.75
598057,JH Kallis,17,24,2,4.0,4.25
598057,L Balaji,21,24,2,4.0,5.25
598057,M Kartik,17,24,1,4.0,4.25
598057,R Bhatia,14,12,0,2.0,7.0
598057,R Rampaul,15,24,1,4.0,3.75
598057,R Vinay Kumar,16,20,2,3.3333333333333335,4.8
598057,RN ten Doeschate,14,6,0,1.0,14.0
598057,SMSM Senanayake,18,24,1,4.0,4.5
598057,SP Narine,22,24,4,4.0,5.5
598057,YK Pathan,6,6,0,1.0,6.0
598058,CH Morris,36,24,1,4.0,9.0
598058,DJ Bravo,35,18,1,3.0,11.67
598058,JO Holder,20,24,2,4.0,5.0
598058,JP Faulkner,23,24,0,4.0,5.75
598058,KK Cooper,32,24,2,4.0,8.0
598058,MM Sharma,21,24,1,4.0,5.25
598058,R Ashwin,22,6,0,1.0,22.0
598058,RA Jadeja,9,7,0,1.1666666666666667,7.71
598058,SK Trivedi,21,12,0,2.0,10.5
598058,SR Watson,22,24,1,4.0,5.5
598058,STR Binny,16,18,1,3.0,5.33
598058,VS Malik,19,18,0,3.0,6.33
598059,A Nehra,28,18,1,3.0,9.33
598059,AB Agarkar,4,6,0,1.0,4.0
598059,BA Bhatt,11,12,1,2.0,5.5
598059,DJ Hussey,14,24,0,4.0,3.5
598059,Harmeet Singh,22,24,3,4.0,5.5
598059,IK Pathan,24,12,1,2.0,12.0
598059,J Botha,23,24,1,4.0,5.75
598059,P Awana,21,24,1,4.0,5.25
598059,P Kumar,28,24,2,4.0,7.0
598059,PP Chawla,17,12,0,2.0,8.5
598059,RE van der Merwe,17,24,2,4.0,4.25
598059,UT Yadav,19,18,0,3.0,6.33
598060,A Mishra,29,18,0,3.0,9.67
598060,DJG Sammy,13,12,0,2.0,6.5
598060,DS Kulkarni,41,24,0,4.0,10.25
598060,DW Steyn,23,24,0,4.0,5.75
598060,Harbhajan Singh,16,18,0,3.0,5.33
598060,I Sharma,31,24,1,4.0,7.75
598060,KA Pollard,10,6,0,1.0,10.0
598060,KV Sharma,21,18,3,3.0,7.0
598060,MG Johnson,42,24,1,4.0,10.5
598060,NLTC Perera,54,21,0,3.5,15.43
598060,PP Ojha,37,24,0,4.0,9.25
598060,SL Malinga,25,24,2,4.0,6.25
598061,AD Mathews,25,18,1,3.0,8.33
598061,AG Murtaza,34,24,0,4.0,8.5
598061,B Kumar,17,24,1,4.0,4.25
598061,IC Pandey,17,12,1,2.0,8.5
598061,JH Kallis,47,24,2,4.0,11.75
598061,L Balaji,41,24,1,4.0,10.25
598061,LJ Wright,11,6,0,1.0,11.0
598061,R Bhatia,26,18,0,3.0,8.67
598061,RN ten Doeschate,7,6,0,1.0,7.0
598061,RV Gomez,5,6,1,1.0,5.0
598061,SMSM Senanayake,22,24,1,4.0,5.5
598061,SP Narine,26,24,0,4.0,6.5
598061,WD Parnell,28,24,3,4.0,7.0
598061,Yuvraj Singh,11,6,0,1.0,11.0
598062,A Nehra,37,24,1,4.0,9.25
598062,DJ Bravo,19,24,2,4.0,4.75
598062,IK Pathan,23,18,0,3.0,7.67
598062,J Botha,22,12,0,2.0,11.0
598062,JA Morkel,29,24,3,4.0,7.25
598062,JO Holder,39,24,0,4.0,9.75
598062,MM Sharma,21,24,2,4.0,5.25
598062,R Ashwin,18,24,2,4.0,4.5
598062,RE van der Merwe,18,18,1,3.0,6.0
598062,S Kaul,32,24,0,4.0,8.0
598062,UT Yadav,26,24,2,4.0,6.5
598063,AA Chavan,25,18,0,3.0,8.33
598063,DS Kulkarni,21,24,2,4.0,5.25
598063,Harbhajan Singh,23,24,1,4.0,5.75
598063,JP Faulkner,31,24,3,4.0,7.75
598063,KK Cooper,26,24,2,4.0,6.5
598063,MG Johnson,22,24,2,4.0,5.5
598063,PP Ojha,36,24,1,4.0,9.0
598063,PV Tambe,37,24,1,4.0,9.25
598063,SL Malinga,34,24,1,4.0,8.5
598063,SR Watson,29,24,2,4.0,7.25
598063,STR Binny,11,6,0,1.0,11.0
598064,CH Gayle,21,6,0,1.0,21.0
598064,M Kartik,23,18,2,3.0,7.67
598064,MC Henriques,28,18,0,3.0,9.33
598064,MG Neser,59,24,0,4.0,14.75
598064,MS Gony,41,24,2,4.0,10.25
598064,P Awana,27,24,1,4.0,6.75
598064,P Kumar,26,24,0,4.0,6.5
598064,PP Chawla,25,24,0,4.0,6.25
598064,R Rampaul,27,24,1,4.0,6.75
598064,R Vinay Kumar,46,24,1,4.0,11.5
598064,RP Singh,37,18,0,3.0,12.33
598065,A Mishra,8,24,3,4.0,2.0
598065,BJ Hodge,3,6,0,1.0,3.0
598065,DJG Sammy,4,6,0,1.0,4.0
598065,DW Steyn,17,24,2,4.0,4.25
598065,I Sharma,20,24,0,4.0,5.0
598065,JP Faulkner,14,24,5,4.0,3.5
598065,KK Cooper,39,24,2,4.0,9.75
598065,KV Sharma,33,24,2,4.0,8.25
598065,NLTC Perera,25,18,2,3.0,8.33
598065,PV Tambe,17,18,0,3.0,5.67
598065,SK Trivedi,20,24,1,4.0,5.0
598065,SR Watson,19,18,1,3.0,6.33
598065,STR Binny,9,6,0,1.0,9.0
598066,AC Gilchrist,0,1,1,0.16666666666666666,0.0
598066,Azhar Mahmood,24,24,2,4.0,6.0
598066,DS Kulkarni,12,4,0,0.6666666666666666,18.0
598066,GJ Maxwell,18,6,0,1.0,18.0
598066,Harbhajan Singh,33,24,1,4.0,8.25
598066,KA Pollard,22,12,1,2.0,11.0
598066,NM Coulter-Nile,28,24,1,4.0,7.0
598066,P Awana,29,24,1,4.0,7.25
598066,P Kumar,14,18,1,3.0,4.67
598066,PP Chawla,19,24,2,4.0,4.75
598066,R Dhawan,24,24,1,4.0,6.0
598066,RG Sharma,1,2,0,0.3333333333333333,3.0
598066,SL Malinga,38,24,4,4.0,9.5
598066,Sandeep Sharma,38,24,2,4.0,9.5
598067,AB Dinda,20,24,2,4.0,5.0
598067,AD Mathews,14,18,3,3.0,4.67
598067,AG Murtaza,14,24,3,4.0,3.5
598067,B Kumar,25,24,0,4.0,6.25
598067,IK Pathan,34,24,1,4.0,8.5
598067,M Morkel,36,24,0,4.0,9.0
598067,S Kaul,27,24,2,4.0,6.75
598067,S Nadeem,20,24,1,4.0,5.0
598067,UT Yadav,46,24,1,4.0,11.5
598067,WD Parnell,28,18,1,3.0,9.33
598067,Yuvraj Singh,17,12,0,2.0,8.5
598068,CH Morris,21,12,0,2.0,10.5
598068,DJ Bravo,26,12,1,2.0,13.0
598068,JD Unadkat,15,12,0,2.0,7.5
598068,JO Holder,20,6,0,1.0,20.0
598068,MM Sharma,13,6,1,1.0,13.0
598068,R Ashwin,21,12,0,2.0,10.5
598068,R Rampaul,19,12,1,2.0,9.5
598068,R Vinay Kumar,10,6,1,1.0,10.0
598068,RP Singh,19,6,0,1.0,19.0
598068,Z Khan,17,12,4,2.0,8.5
598069,A Mishra,20,24,2,4.0,5.0
598069,Anand Rajan,20,24,1,4.0,5.0
598069,DJG Sammy,9,6,0,1.0,9.0
598069,DW Steyn,19,24,2,4.0,4.75
598069,Iqbal Abdulla,29,23,3,3.8333333333333335,7.57
598069,JH Kallis,13,6,0,1.0,13.0
598069,KV Sharma,15,18,1,3.0,5.0
598069,Mohammed Shami,26,24,1,4.0,6.5
598069,NLTC Perera,33,24,1,4.0,8.25
598069,PJ Sangwan,17,12,0,2.0,8.5
598069,SP Narine,10,24,1,4.0,2.5
598069,YK Pathan,28,24,0,4.0,7.0
598070,CH Morris,25,18,1,3.0,8.33
598070,DJ Bravo,9,18,3,3.0,3.0
598070,Harbhajan Singh,26,24,0,4.0,6.5
598070,JA Morkel,25,18,1,3.0,8.33
598070,KA Pollard,28,18,1,3.0,9.33
598070,MG Johnson,40,24,0,4.0,10.0
598070,MM Patel,32,18,0,3.0,10.67
598070,MM Sharma,32,22,2,3.6666666666666665,8.73
598070,PP Ojha,20,12,0,2.0,10.0
598070,R Ashwin,17,12,0,2.0,8.5
598070,RA Jadeja,31,24,3,4.0,7.75
598070,SL Malinga,45,24,0,4.0,11.25
598071,A Mishra,16,24,1,4.0,4.0
598071,DJG Sammy,27,20,2,3.3333333333333335,8.1
598071,DW Steyn,19,24,1,4.0,4.75
598071,I Sharma,31,18,1,3.0,10.33
598071,JP Faulkner,27,24,2,4.0,6.75
598071,KK Cooper,34,24,0,4.0,8.5
598071,KV Sharma,24,12,1,2.0,12.0
598071,NLTC Perera,14,18,0,3.0,4.67
598071,SK Trivedi,18,24,1,4.0,4.5
598071,SR Watson,31,24,2,4.0,7.75
598071,STR Binny,2,6,0,1.0,2.0
598071,VS Malik,14,18,2,3.0,4.67
598072,Harbhajan Singh,22,24,3,4.0,5.5
598072,JP Faulkner,34,24,1,4.0,8.5
598072,KA Pollard,6,6,2,1.0,6.0
598072,KK Cooper,32,24,2,4.0,8.0
598072,MG Johnson,22,18,0,3.0,7.33
598072,PP Ojha,36,24,0,4.0,9.0
598072,R Dhawan,30,24,0,4.0,7.5
598072,SK Trivedi,23,24,1,4.0,5.75
598072,SL Malinga,35,24,1,4.0,8.75
598072,SR Watson,34,17,1,2.8333333333333335,12.0
598072,STR Binny,11,6,1,1.0,11.0
598072,VS Malik,25,24,0,4.0,6.25
598073,CH Morris,24,24,2,4.0,6.0
598073,DJ Bravo,41,24,4,4.0,10.25
598073,Harbhajan Singh,14,18,2,3.0,4.67
598073,JA Morkel,12,18,2,3.0,4.0
598073,KA Pollard,31,24,1,4.0,7.75
598073,MG Johnson,17,24,2,4.0,4.25
598073,MM Sharma,26,24,1,4.0,6.5
598073,PP Ojha,28,24,1,4.0,7.0
598073,R Ashwin,21,18,0,3.0,7.0
598073,R Dhawan,6,6,1,1.0,6.0
598073,RA Jadeja,19,12,0,2.0,9.5
598073,SL Malinga,20,24,2,4.0,5.0
729279,CJ Anderson,33,18,0,3.0,11.0
729279,Harbhajan Singh,25,18,0,3.0,8.33
729279,JH Kallis,23,18,0,3.0,7.67
729279,KA Pollard,19,12,0,2.0,9.5
729279,M Morkel,16,24,1,4.0,4.0
729279,PP Chawla,14,18,1,3.0,4.67
729279,PP Ojha,36,24,0,4.0,9.0
729279,R Vinay Kumar,15,12,0,2.0,7.5
729279,SL Malinga,22,24,4,4.0,5.5
729279,SP Narine,20,24,4,4.0,5.0
729279,Shakib Al Hasan,29,24,1,4.0,7.25
729279,Z Khan,20,24,1,4.0,5.0
729281,AB Dinda,50,24,0,4.0,12.5
729281,JA Morkel,18,18,1,3.0,6.0
729281,JDS Neesham,22,12,0,2.0,11.0
729281,JP Duminy,10,12,0,2.0,5.0
729281,MA Starc,31,24,1,4.0,7.75
729281,Mohammed Shami,28,24,1,4.0,7.0
729281,R Sharma,33,18,1,3.0,11.0
729281,S Nadeem,26,16,0,2.6666666666666665,9.75
729281,VR Aaron,6,18,1,3.0,2.0
729281,WD Parnell,19,18,0,3.0,6.33
729281,YS Chahal,14,24,1,4.0,3.5
729281,Yuvraj Singh,16,12,0,2.0,8.0
729283,A Nehra,24,18,1,3.0,8.0
729283,AR Patel,27,24,1,4.0,6.75
729283,DR Smith,25,12,1,2.0,12.5
729283,GJ Maxwell,23,12,0,2.0,11.5
729283,L Balaji,41,24,2,4.0,10.25
729283,MG Johnson,45,24,0,4.0,11.25
729283,MM Sharma,35,17,0,2.8333333333333335,12.35
729283,P Awana,33,18,1,3.0,11.0
729283,P Negi,36,18,0,3.0,12.0
729283,R Ashwin,37,24,2,4.0,9.25
729283,R Dhawan,21,18,0,3.0,7.0
729283,RA Jadeja,43,24,0,4.0,10.75
729285,A Mishra,26,24,2,4.0,6.5
729285,B Kumar,21,21,1,3.5,6.0
729285,DJG Sammy,18,12,0,2.0,9.0
729285,DS Kulkarni,22,24,2,4.0,5.5
729285,DW Steyn,29,24,2,4.0,7.25
729285,I Sharma,28,24,1,4.0,7.0
729285,JP Faulkner,22,18,0,3.0,7.33
729285,KV Sharma,8,12,0,2.0,4.0
729285,KW Richardson,23,24,2,4.0,5.75
729285,PV Tambe,22,24,0,4.0,5.5
729285,R Bhatia,22,24,2,4.0,5.5
729285,STR Binny,7,6,0,1.0,7.0
729287,AB Dinda,14,24,1,4.0,3.5
729287,Harbhajan Singh,14,24,0,4.0,3.5
729287,JA Morkel,17,18,1,3.0,5.67
729287,JJ Bumrah,14,12,0,2.0,7.0
729287,MA Starc,21,24,3,4.0,5.25
729287,PP Ojha,37,24,0,4.0,9.25
729287,SL Malinga,29,21,1,3.5,8.29
729287,VR Aaron,29,24,2,4.0,7.25
729287,YS Chahal,17,24,2,4.0,4.25
729287,Yuvraj Singh,5,6,0,1.0,5.0
729287,Z Khan,20,24,2,4.0,5.0
729289,JD Unadkat,25,24,1,4.0,6.25
729289,JDS Neesham,24,12,0,2.0,12.0
729289,JH Kallis,15,12,1,2.0,7.5
729289,JP Duminy,25,18,0,3.0,8.33
729289,M Morkel,38,24,2,4.0,9.5
729289,Mohammed Shami,24,24,1,4.0,6.0
729289,NM Coulter-Nile,21,24,2,4.0,5.25
729289,PP Chawla,27,15,1,2.5,10.8
729289,R Vinay Kumar,35,24,1,4.0,8.75
729289,S Nadeem,29,18,1,3.0,9.67
729289,SP Narine,18,24,1,4.0,4.5
729289,Shakib Al Hasan,23,18,0,3.0,7.67
729291,AR Patel,22,24,1,4.0,5.5
729291,DS Kulkarni,49,24,1,4.0,12.25
729291,JP Faulkner,44,22,1,3.6666666666666665,12.0
729291,KW Richardson,24,18,1,3.0,8.0
729291,L Balaji,46,24,0,4.0,11.5
729291,M Kartik,50,24,1,4.0,12.5
729291,MG Johnson,24,24,1,4.0,6.0
729291,P Awana,39,24,2,4.0,9.75
729291,PV Tambe,26,24,0,4.0,6.5
729291,R Bhatia,37,18,0,3.0,12.33
729291,STR Binny,4,6,0,1.0,4.0
729293,BW Hilfenhaus,9,12,1,2.0,4.5
729293,DR Smith,13,12,1,2.0,6.5
729293,IC Pandey,23,24,2,4.0,5.75
729293,JD Unadkat,32,24,3,4.0,8.0
729293,JDS Neesham,28,24,1,4.0,7.0
729293,JP Duminy,25,24,0,4.0,6.25
729293,M Vijay,13,6,0,1.0,13.0
729293,MM Sharma,17,18,1,3.0,5.67
729293,Mohammed Shami,44,24,2,4.0,11.0
729293,R Ashwin,2,12,2,2.0,1.0
729293,RA Jadeja,18,16,2,2.6666666666666665,6.75
729293,S Nadeem,29,18,1,3.0,9.67
729295,A Mishra,55,24,2,4.0,13.75
729295,AR Patel,20,24,2,4.0,5.0
729295,B Kumar,19,24,3,4.0,4.75
729295,DJG Sammy,21,12,1,2.0,10.5
729295,DW Steyn,25,24,0,4.0,6.25
729295,GJ Maxwell,10,6,0,1.0,10.0
729295,IK Pathan,28,12,0,2.0,14.0
729295,KV Sharma,36,24,0,4.0,9.0
729295,L Balaji,12,24,4,4.0,3.0
729295,MG Johnson,24,24,2,4.0,6.0
729295,R Dhawan,22,14,1,2.3333333333333335,9.43
729295,Sandeep Sharma,25,24,1,4.0,6.25
729297,BW Hilfenhaus,31,24,1,4.0,7.75
729297,DS Kulkarni,14,18,0,3.0,4.67
729297,IC Pandey,22,24,2,4.0,5.5
729297,JP Faulkner,37,18,1,3.0,12.33
729297,MM Sharma,13,12,1,2.0,6.5
729297,PV Tambe,22,24,1,4.0,5.5
729297,R Ashwin,26,23,2,3.8333333333333335,6.78
729297,R Bhatia,13,24,3,4.0,3.25
729297,RA Jadeja,33,24,4,4.0,8.25
729297,SK Raina,6,12,0,2.0,3.0
729297,SR Watson,5,6,0,1.0,5.0
729297,STR Binny,10,6,1,1.0,10.0
729297,TG Southee,26,24,0,4.0,6.5
729299,AB Dinda,25,24,0,4.0,6.25
729299,JA Morkel,20,12,1,2.0,10.0
729299,JH Kallis,26,24,1,4.0,6.5
729299,M Morkel,34,24,0,4.0,8.5
729299,M Muralitharan,25,12,0,2.0,12.5
729299,MA Starc,32,24,2,4.0,8.0
729299,R Vinay Kumar,25,24,2,4.0,6.25
729299,SP Narine,17,24,1,4.0,4.25
729299,UT Yadav,36,24,1,4.0,9.0
729299,VR Aaron,15,24,3,4.0,3.75
729299,YS Chahal,26,24,1,4.0,6.5
729301,A Mishra,36,24,0,4.0,9.0
729301,B Kumar,39,24,0,4.0,9.75
729301,DJG Sammy,34,18,1,3.0,11.33
729301,DW Steyn,33,24,2,4.0,8.25
729301,JD Unadkat,43,24,0,4.0,10.75
729301,JP Duminy,19,12,0,2.0,9.5
729301,KV Sharma,22,24,1,4.0,5.5
729301,LR Shukla,21,12,0,2.0,10.5
729301,Mohammed Shami,35,24,0,4.0,8.75
729301,S Nadeem,23,24,1,4.0,5.75
729301,WD Parnell,38,24,0,4.0,9.5
729301,Y Venugopal Rao,9,6,0,1.0,9.0
729303,BW Hilfenhaus,39,24,2,4.0,9.75
729303,CJ Anderson,23,12,0,2.0,11.5
729303,Harbhajan Singh,26,24,2,4.0,6.5
729303,IC Pandey,21,24,0,4.0,5.25
729303,KA Pollard,10,6,0,1.0,10.0
729303,MM Sharma,14,24,5,4.0,3.5
729303,PP Ojha,25,24,1,4.0,6.25
729303,R Ashwin,20,24,0,4.0,5.0
729303,RA Jadeja,14,6,0,1.0,14.0
729303,SK Raina,32,18,0,3.0,10.67
729303,SL Malinga,20,24,0,4.0,5.0
729303,Z Khan,31,24,0,4.0,7.75
729305,AB Dinda,8,12,0,2.0,4.0
729305,KW Richardson,18,24,2,4.0,4.5
729305,MA Starc,28,24,2,4.0,7.0
729305,PV Tambe,20,24,4,4.0,5.0
729305,R Bhatia,7,6,1,1.0,7.0
729305,R Rampaul,15,24,1,4.0,3.75
729305,SR Watson,4,12,1,2.0,2.0
729305,STR Binny,1,6,2,1.0,1.0
729305,TG Southee,16,18,0,3.0,5.33
729305,YS Chahal,17,18,1,3.0,5.67
729307,AR Patel,16,24,2,4.0,4.0
729307,JH Kallis,31,24,1,4.0,7.75
729307,L Balaji,20,18,1,3.0,6.67
729307,M Morkel,25,24,2,4.0,6.25
729307,MG Johnson,21,20,2,3.3333333333333335,6.3
729307,PP Chawla,19,24,3,4.0,4.75
729307,R Dhawan,22,24,2,4.0,5.5
729307,SP Narine,24,24,3,4.0,6.0
729307,Sandeep Sharma,20,24,3,4.0,5.0
729307,UT Yadav,28,24,0,4.0,7.0
729309,CJ Anderson,16,12,1,2.0,8.0
729309,Harbhajan Singh,23,24,0,4.0,5.75
729309,JD Unadkat,29,24,3,4.0,7.25
729309,JP Duminy,13,18,0,3.0,4.33
729309,LR Shukla,5,6,0,1.0,5.0
729309,Mohammed Shami,36,24,2,4.0,9.0
729309,PP Ojha,26,24,0,4.0,6.5
729309,RG Sharma,20,12,1,2.0,10.0
729309,S Nadeem,17,24,1,4.0,4.25
729309,SL Malinga,15,24,2,4.0,3.75
729309,WD Parnell,13,24,1,4.0,3.25
729309,Z Khan,17,17,0,2.8333333333333335,6.0
729311,A Mishra,27,21,0,3.5,7.71
729311,B Kumar,23,24,2,4.0,5.75
729311,BW Hilfenhaus,31,24,2,4.0,7.75
729311,DR Smith,11,12,1,2.0,5.5
729311,DW Steyn,20,24,0,4.0,5.0
729311,I Sharma,37,24,2,4.0,9.25
729311,IC Pandey,22,18,0,3.0,7.33
729311,KV Sharma,35,24,1,4.0,8.75
729311,MM Sharma,27,24,2,4.0,6.75
729311,R Ashwin,15,24,0,4.0,3.75
729311,RA Jadeja,23,18,0,3.0,7.67
729313,AB Dinda,19,18,1,3.0,6.33
729313,AR Patel,11,12,0,2.0,5.5
729313,GJ Maxwell,39,18,0,3.0,13.0
729313,JA Morkel,22,12,0,2.0,11.0
729313,L Balaji,17,24,1,4.0,4.25
729313,MA Starc,11,24,0,4.0,2.75
729313,MG Johnson,17,24,2,4.0,4.25
729313,R Dhawan,14,24,2,4.0,3.5
729313,Sandeep Sharma,15,18,3,3.0,5.0
729313,VR Aaron,26,23,2,3.8333333333333335,6.78
729313,YS Chahal,23,24,2,4.0,5.75
729313,Yuvraj Singh,13,12,0,2.0,6.5
729317,A Mishra,53,24,0,4.0,13.25
729317,B Kumar,14,24,2,4.0,3.5
729317,CJ Anderson,16,6,2,1.0,16.0
729317,DJG Sammy,20,12,1,2.0,10.0
729317,DW Steyn,19,24,2,4.0,4.75
729317,Harbhajan Singh,16,24,0,4.0,4.0
729317,IK Pathan,9,12,2,2.0,4.5
729317,KA Pollard,35,24,0,4.0,8.75
729317,KV Sharma,33,24,0,4.0,8.25
729317,PP Ojha,33,18,0,3.0,11.0
729317,SL Malinga,28,24,1,4.0,7.0
729317,Z Khan,26,24,2,4.0,6.5
733971,AD Russell,25,12,1,2.0,12.5
733971,BW Hilfenhaus,24,18,1,3.0,8.0
733971,IC Pandey,20,12,0,2.0,10.0
733971,JH Kallis,10,6,0,1.0,10.0
733971,MM Sharma,22,18,3,3.0,7.33
733971,PP Chawla,31,18,0,3.0,10.33
733971,R Ashwin,21,24,1,4.0,5.25
733971,R Vinay Kumar,26,18,0,3.0,8.67
733971,RA Jadeja,12,24,4,4.0,3.0
733971,SK Raina,10,6,0,1.0,10.0
733971,SP Narine,25,24,0,4.0,6.25
733971,Shakib Al Hasan,25,24,2,4.0,6.25
733973,AR Patel,40,24,0,4.0,10.0
733973,CJ Anderson,16,12,1,2.0,8.0
733973,Harbhajan Singh,34,24,2,4.0,8.5
733973,JJ Bumrah,21,24,0,4.0,5.25
733973,KA Pollard,31,15,0,2.5,12.4
733973,L Balaji,38,24,1,4.0,9.5
733973,MG Johnson,35,24,0,4.0,8.75
733973,R Dhawan,23,24,2,4.0,5.75
733973,SL Malinga,25,24,1,4.0,6.25
733973,Sandeep Sharma,28,19,2,3.1666666666666665,8.84
733973,Z Khan,28,21,1,3.5,8.0
733975,DS Kulkarni,18,18,0,3.0,6.0
733975,JD Unadkat,35,21,0,3.5,10.0
733975,JP Faulkner,26,24,2,4.0,6.5
733975,KW Richardson,38,24,1,4.0,9.5
733975,Mohammed Shami,22,24,1,4.0,5.5
733975,PV Tambe,25,24,2,4.0,6.25
733975,R Bhatia,21,18,0,3.0,7.0
733975,R Sharma,32,18,0,3.0,10.67
733975,S Nadeem,30,24,1,4.0,7.5
733975,SR Watson,11,6,0,1.0,11.0
733975,STR Binny,9,6,0,1.0,9.0
733975,WD Parnell,33,24,1,4.0,8.25
733977,AB Dinda,39,24,1,4.0,9.75
733977,B Kumar,15,24,2,4.0,3.75
733977,DJG Sammy,25,12,0,2.0,12.5
733977,DW Steyn,38,24,0,4.0,9.5
733977,HV Patel,28,24,1,4.0,7.0
733977,I Sharma,34,18,0,3.0,11.33
733977,IK Pathan,24,17,1,2.8333333333333335,8.47
733977,KV Sharma,17,24,3,4.0,4.25
733977,MA Starc,21,24,2,4.0,5.25
733977,VR Aaron,29,24,2,4.0,7.25
733977,YS Chahal,28,24,0,4.0,7.0
733979,AD Russell,25,18,1,3.0,8.33
733979,JP Faulkner,25,24,0,4.0,6.25
733979,PV Tambe,25,24,2,4.0,6.25
733979,R Bhatia,30,18,0,3.0,10.0
733979,R Tewatia,18,12,0,2.0,9.0
733979,R Vinay Kumar,42,24,2,4.0,10.5
733979,RN ten Doeschate,14,12,0,2.0,7.0
733979,SP Narine,28,24,2,4.0,7.0
733979,SR Watson,20,24,3,4.0,5.0
733979,Shakib Al Hasan,22,24,1,4.0,5.5
733979,TG Southee,31,18,0,3.0,10.33
733979,UT Yadav,31,18,0,3.0,10.33
733981,BW Hilfenhaus,33,24,1,4.0,8.25
733981,DR Smith,9,6,0,1.0,9.0
733981,IC Pandey,26,18,0,3.0,8.67
733981,JD Unadkat,47,22,0,3.6666666666666665,12.82
733981,LR Shukla,30,24,1,4.0,7.5
733981,MM Sharma,51,24,2,4.0,12.75
733981,Mohammed Shami,41,24,0,4.0,10.25
733981,R Ashwin,25,24,1,4.0,6.25
733981,RA Jadeja,23,24,1,4.0,5.75
733981,S Nadeem,27,24,0,4.0,6.75
733981,WD Parnell,25,24,1,4.0,6.25
733983,AB Dinda,32,18,1,3.0,10.67
733983,HV Patel,28,24,1,4.0,7.0
733983,Harbhajan Singh,33,24,2,4.0,8.25
733983,JJ Bumrah,22,24,2,4.0,5.5
733983,KA Pollard,36,24,1,4.0,9.0
733983,MA Starc,28,24,1,4.0,7.0
733983,P Suyal,32,18,1,3.0,10.67
733983,RG Sharma,6,6,0,1.0,6.0
733983,SL Malinga,29,24,2,4.0,7.25
733983,VR Aaron,36,24,1,4.0,9.0
733983,YS Chahal,30,24,1,4.0,7.5
733983,Yuvraj Singh,8,6,0,1.0,8.0
733985,JH Kallis,38,24,1,4.0,9.5
733985,JP Duminy,24,12,0,2.0,12.0
733985,LR Shukla,18,12,0,2.0,9.0
733985,Mohammed Shami,23,24,0,4.0,5.75
733985,R Vinay Kumar,31,18,0,3.0,10.33
733985,S Kaul,29,18,0,3.0,9.67
733985,S Nadeem,34,20,0,3.3333333333333335,10.2
733985,SA Yadav,8,6,0,1.0,8.0
733985,SP Narine,38,24,1,4.0,9.5
733985,Shakib Al Hasan,13,24,2,4.0,3.25
733985,UT Yadav,24,24,1,4.0,6.0
733985,WD Parnell,21,24,2,4.0,5.25
733987,AR Patel,28,24,0,4.0,7.0
733987,BW Hilfenhaus,34,24,1,4.0,8.5
733987,DR Smith,35,18,1,3.0,11.67
733987,GJ Maxwell,20,12,1,2.0,10.0
733987,IC Pandey,41,24,0,4.0,10.25
733987,M Kartik,40,24,1,4.0,10.0
733987,MG Johnson,37,24,2,4.0,9.25
733987,MM Sharma,38,24,2,4.0,9.5
733987,R Ashwin,36,12,0,2.0,18.0
733987,R Dhawan,22,12,1,2.0,11.0
733987,RA Jadeja,37,18,0,3.0,12.33
733987,Sandeep Sharma,36,24,1,4.0,9.0
733989,A Mishra,12,24,0,4.0,3.0
733989,B Kumar,12,24,4,4.0,3.0
733989,DS Kulkarni,19,12,0,2.0,9.5
733989,DW Steyn,29,24,2,4.0,7.25
733989,IK Pathan,8,11,2,1.8333333333333335,4.36
733989,JP Faulkner,19,24,1,4.0,4.75
733989,KV Sharma,20,24,1,4.0,5.0
733989,KW Richardson,28,24,0,4.0,7.0
733989,MC Henriques,11,12,1,2.0,5.5
733989,PV Tambe,20,24,1,4.0,5.0
733989,R Bhatia,23,24,3,4.0,5.75
733989,SR Watson,13,12,3,2.0,6.5
733991,AR Patel,22,24,1,4.0,5.5
733991,GJ Maxwell,21,6,0,1.0,21.0
733991,HV Patel,51,18,2,3.0,17.0
733991,JA Morkel,20,24,1,4.0,5.0
733991,L Balaji,35,18,2,3.0,11.67
733991,MA Starc,37,24,2,4.0,9.25
733991,MG Johnson,25,24,1,4.0,6.25
733991,Sandeep Sharma,25,24,3,4.0,6.25
733991,Shivam Sharma,26,24,2,4.0,6.5
733991,VR Aaron,34,24,1,4.0,8.5
733991,YS Chahal,23,24,2,4.0,5.75
733991,Yuvraj Singh,18,6,0,1.0,18.0
733993,A Mishra,23,18,2,3.0,7.67
733993,B Kumar,23,24,1,4.0,5.75
733993,DW Steyn,20,24,2,4.0,5.0
733993,IK Pathan,18,18,0,3.0,6.0
733993,Imran Tahir,5,6,0,1.0,5.0
733993,KV Sharma,28,18,0,3.0,9.33
733993,LR Shukla,7,2,0,0.3333333333333333,21.0
733993,MC Henriques,26,18,2,3.0,8.67
733993,Mohammed Shami,5,6,0,1.0,5.0
733993,R Shukla,13,6,1,1.0,13.0
733993,S Kaul,3,6,1,1.0,3.0
733995,CJ Anderson,11,6,0,1.0,11.0
733995,Harbhajan Singh,22,24,0,4.0,5.5
733995,IC Pandey,32,24,1,4.0,8.0
733995,JJ Bumrah,32,24,0,4.0,8.0
733995,KA Pollard,39,15,0,2.5,15.6
733995,MM Sharma,26,24,1,4.0,6.5
733995,P Kumar,31,24,2,4.0,7.75
733995,R Ashwin,28,24,3,4.0,7.0
733995,RA Jadeja,33,24,0,4.0,8.25
733995,S Badree,33,24,1,4.0,8.25
733995,SL Malinga,14,24,3,4.0,3.5
733997,AR Patel,20,24,0,4.0,5.0
733997,GJ Maxwell,10,6,0,1.0,10.0
733997,JH Kallis,37,18,0,3.0,12.33
733997,M Morkel,20,24,2,4.0,5.0
733997,MG Johnson,33,18,0,3.0,11.0
733997,P Awana,19,12,1,2.0,9.5
733997,PP Chawla,19,24,3,4.0,4.75
733997,R Dhawan,32,24,0,4.0,8.0
733997,RN ten Doeschate,6,6,0,1.0,6.0
733997,SP Narine,30,24,2,4.0,7.5
733997,Sandeep Sharma,31,24,0,4.0,7.75
733997,UT Yadav,33,24,1,4.0,8.25
733999,AB Dinda,29,18,0,3.0,9.67
733999,JA Morkel,20,12,0,2.0,10.0
733999,JP Faulkner,41,24,1,4.0,10.25
733999,KW Richardson,43,24,2,4.0,10.75
733999,MA Starc,31,18,0,3.0,10.33
733999,PV Tambe,37,24,1,4.0,9.25
733999,R Bhatia,13,6,0,1.0,13.0
733999,R Tewatia,17,18,1,3.0,5.67
733999,SR Watson,32,24,0,4.0,8.0
733999,VR Aaron,39,17,0,2.8333333333333335,13.76
733999,YS Chahal,24,24,1,4.0,6.0
733999,Yuvraj Singh,35,24,4,4.0,8.75
734001,A Mishra,33,18,0,3.0,11.0
734001,B Kumar,21,24,2,4.0,5.25
734001,CJ Anderson,14,12,0,2.0,7.0
734001,DW Steyn,29,24,0,4.0,7.25
734001,Harbhajan Singh,26,24,0,4.0,6.5
734001,IK Pathan,29,12,0,2.0,14.5
734001,JJ Bumrah,24,24,0,4.0,6.0
734001,KA Pollard,20,12,0,2.0,10.0
734001,KV Sharma,25,16,0,2.6666666666666665,9.38
734001,MC Henriques,20,18,1,3.0,6.67
734001,PP Ojha,32,24,1,4.0,8.0
734001,SL Malinga,35,24,2,4.0,8.75
734003,Ankit Sharma,20,24,2,4.0,5.0
734003,IC Pandey,18,18,0,3.0,6.0
734003,JP Faulkner,34,22,1,3.6666666666666665,9.27
734003,KK Cooper,25,24,1,4.0,6.25
734003,MM Sharma,31,24,3,4.0,7.75
734003,PV Tambe,33,24,0,4.0,8.25
734003,R Ashwin,36,24,1,4.0,9.0
734003,R Bhatia,29,24,1,4.0,7.25
734003,RA Jadeja,18,24,3,4.0,4.5
734003,S Badree,14,24,1,4.0,3.5
734003,V Shankar,19,6,0,1.0,19.0
734005,AN Ahmed,34,24,1,4.0,8.5
734005,Imran Tahir,48,24,1,4.0,12.0
734005,JP Duminy,25,24,0,4.0,6.25
734005,M Muralitharan,25,24,2,4.0,6.25
734005,MA Starc,25,24,3,4.0,6.25
734005,Mohammed Shami,30,24,1,4.0,7.5
734005,R Shukla,38,24,1,4.0,9.5
734005,S Kaul,36,24,1,4.0,9.0
734005,YS Chahal,45,24,1,4.0,11.25
734005,Yuvraj Singh,28,24,0,4.0,7.0
734007,A Mishra,31,24,1,4.0,7.75
734007,AR Patel,40,24,0,4.0,10.0
734007,B Kumar,38,22,2,3.6666666666666665,10.36
734007,DW Steyn,51,24,0,4.0,12.75
734007,IK Pathan,5,6,0,1.0,5.0
734007,KV Sharma,46,24,1,4.0,11.5
734007,MC Henriques,36,12,0,2.0,18.0
734007,MG Johnson,23,24,0,4.0,5.75
734007,R Dhawan,35,24,2,4.0,8.75
734007,Sandeep Sharma,50,24,2,4.0,12.5
734007,Shivam Sharma,31,24,1,4.0,7.75
734009,Harbhajan Singh,21,24,2,4.0,5.25
734009,JJ Bumrah,23,18,0,3.0,7.67
734009,KA Pollard,7,6,0,1.0,7.0
734009,LMP Simmons,34,18,1,3.0,11.33
734009,M Morkel,28,24,2,4.0,7.0
734009,PP Chawla,32,24,1,4.0,8.0
734009,PP Ojha,25,24,0,4.0,6.25
734009,SL Malinga,27,22,1,3.6666666666666665,7.36
734009,SP Narine,18,24,1,4.0,4.5
734009,Shakib Al Hasan,21,24,1,4.0,5.25
734009,UT Yadav,24,18,0,3.0,8.0
734009,YK Pathan,10,6,0,1.0,10.0
734011,BCJ Cutting,31,24,2,4.0,7.75
734011,DS Kulkarni,22,24,1,4.0,5.5
734011,Imran Tahir,25,24,2,4.0,6.25
734011,JP Duminy,23,18,1,3.0,7.67
734011,JP Faulkner,6,6,1,1.0,6.0
734011,KK Cooper,18,18,1,3.0,6.0
734011,MK Tiwary,28,12,0,2.0,14.0
734011,PV Tambe,22,18,1,3.0,7.33
734011,R Bhatia,17,18,2,3.0,5.67
734011,R Shukla,42,24,1,4.0,10.5
734011,S Kaul,34,18,0,3.0,11.33
734011,S Nadeem,33,24,2,4.0,8.25
734011,STR Binny,14,12,1,2.0,7.0
734013,AN Ahmed,18,24,1,4.0,4.5
734013,DJ Hussey,36,17,2,2.8333333333333335,12.71
734013,M Muralitharan,27,24,1,4.0,6.75
734013,MA Starc,23,24,0,4.0,5.75
734013,MM Sharma,13,12,0,2.0,6.5
734013,R Ashwin,16,24,2,4.0,4.0
734013,RA Jadeja,30,24,1,4.0,7.5
734013,S Badree,14,18,0,3.0,4.67
734013,S Rana,9,6,0,1.0,9.0
734013,SK Raina,20,24,0,4.0,5.0
734013,VR Aaron,28,18,2,3.0,9.33
734013,YS Chahal,27,24,0,4.0,6.75
734015,A Mishra,38,24,1,4.0,9.5
734015,B Kumar,37,22,0,3.6666666666666665,10.09
734015,DJG Sammy,7,6,0,1.0,7.0
734015,DW Steyn,24,24,1,4.0,6.0
734015,IK Pathan,20,18,0,3.0,6.67
734015,KV Sharma,19,24,1,4.0,4.75
734015,M Morkel,34,24,0,4.0,8.5
734015,PP Chawla,24,24,1,4.0,6.0
734015,RN ten Doeschate,8,6,0,1.0,8.0
734015,SP Narine,21,24,1,4.0,5.25
734015,Shakib Al Hasan,21,18,2,3.0,7.0
734015,UT Yadav,24,24,4,4.0,6.0
734017,Ankit Sharma,23,24,2,4.0,5.75
734017,DS Kulkarni,26,24,0,4.0,6.5
734017,Harbhajan Singh,12,24,2,4.0,3.0
734017,JJ Bumrah,21,18,0,3.0,7.0
734017,JP Faulkner,46,24,1,4.0,11.5
734017,K Santokie,47,24,2,4.0,11.75
734017,KA Pollard,11,6,0,1.0,11.0
734017,KK Cooper,26,18,0,3.0,8.67
734017,PP Ojha,30,24,2,4.0,7.5
734017,R Bhatia,39,24,0,4.0,9.75
734017,S Gopal,24,24,2,4.0,6.0
734017,STR Binny,12,6,0,1.0,12.0
734019,AR Patel,17,24,1,4.0,4.25
734019,BE Hendricks,36,24,3,4.0,9.0
734019,Imran Tahir,20,24,3,4.0,5.0
734019,JD Unadkat,30,24,0,4.0,7.5
734019,JP Duminy,25,24,2,4.0,6.25
734019,Mohammed Shami,36,24,1,4.0,9.0
734019,R Dhawan,42,24,0,4.0,10.5
734019,Sandeep Sharma,32,24,3,4.0,8.0
734019,Shivam Sharma,32,24,0,4.0,8.0
734019,WD Parnell,39,22,0,3.6666666666666665,10.64
734021,AN Ahmed,22,14,0,2.3333333333333335,9.43
734021,B Kumar,27,24,2,4.0,6.75
734021,DJG Sammy,18,6,0,1.0,18.0
734021,DW Steyn,23,24,1,4.0,5.75
734021,IK Pathan,28,18,1,3.0,9.33
734021,KV Sharma,27,18,1,3.0,9.0
734021,M Muralitharan,26,24,1,4.0,6.5
734021,MA Starc,30,22,0,3.6666666666666665,8.18
734021,Parvez Rasool,23,24,1,4.0,5.75
734021,VR Aaron,35,24,2,4.0,8.75
734021,Y Venugopal Rao,7,6,0,1.0,7.0
734021,YS Chahal,32,24,0,4.0,8.0
734021,Yuvraj Singh,9,10,0,1.6666666666666665,5.4
734023,BW Hilfenhaus,37,18,0,3.0,12.33
734023,IC Pandey,31,24,1,4.0,7.75
734023,MM Sharma,28,18,0,3.0,9.33
734023,PJ Cummins,29,24,2,4.0,7.25
734023,PP Chawla,42,24,1,4.0,10.5
734023,R Ashwin,24,24,0,4.0,6.0
734023,RA Jadeja,23,18,1,3.0,7.67
734023,SK Raina,9,6,0,1.0,9.0
734023,SP Narine,24,24,1,4.0,6.0
734023,Shakib Al Hasan,29,24,0,4.0,7.25
734023,UT Yadav,27,24,0,4.0,6.75
734025,AR Patel,26,24,1,4.0,6.5
734025,BE Hendricks,26,24,1,4.0,6.5
734025,JJ Bumrah,31,24,3,4.0,7.75
734025,K Santokie,40,24,1,4.0,10.0
734025,P Kumar,19,24,2,4.0,4.75
734025,PP Ojha,26,24,0,4.0,6.5
734025,R Dhawan,29,24,1,4.0,7.25
734025,S Gopal,32,24,2,4.0,8.0
734025,Sandeep Sharma,36,18,0,3.0,12.0
734025,Shivam Sharma,32,24,0,4.0,8.0
734027,AB Dinda,34,24,1,4.0,8.5
734027,AN Ahmed,33,24,1,4.0,8.25
734027,M Morkel,21,24,0,4.0,5.25
734027,M Muralitharan,18,12,0,2.0,9.0
734027,MA Starc,31,24,1,4.0,7.75
734027,R Vinay Kumar,44,24,0,4.0,11.0
734027,SP Narine,20,24,4,4.0,5.0
734027,Shakib Al Hasan,26,24,0,4.0,6.5
734027,UT Yadav,42,24,1,4.0,10.5
734027,YS Chahal,50,24,0,4.0,12.5
734027,Yuvraj Singh,21,12,1,2.0,10.5
734029,B Kumar,36,24,0,4.0,9.0
734029,DJG Sammy,10,6,0,1.0,10.0
734029,DW Steyn,43,24,0,4.0,10.75
734029,IK Pathan,34,18,0,3.0,11.33
734029,JW Hastings,28,18,1,3.0,9.33
734029,KV Sharma,19,24,3,4.0,4.75
734029,MM Sharma,33,18,0,3.0,11.0
734029,P Negi,38,24,1,4.0,9.5
734029,Parvez Rasool,35,24,0,4.0,8.75
734029,R Ashwin,29,24,0,4.0,7.25
734029,RA Jadeja,39,22,1,3.6666666666666665,10.64
734029,SK Raina,17,12,1,2.0,8.5
734031,Harbhajan Singh,30,24,1,4.0,7.5
734031,Imran Tahir,36,24,4,4.0,9.0
734031,JD Unadkat,24,12,2,2.0,12.0
734031,JJ Bumrah,36,24,0,4.0,9.0
734031,JP Duminy,31,24,0,4.0,7.75
734031,KA Pollard,4,6,0,1.0,4.0
734031,M de Lange,29,24,2,4.0,7.25
734031,PP Ojha,32,24,0,4.0,8.0
734031,S Gopal,20,18,1,3.0,6.67
734031,S Kaul,20,12,0,2.0,10.0
734031,S Nadeem,28,24,2,4.0,7.0
734031,WD Parnell,25,21,1,3.5,7.14
734033,AR Patel,24,24,3,4.0,6.0
734033,BE Hendricks,57,24,0,4.0,14.25
734033,JP Faulkner,36,18,1,3.0,12.0
734033,KK Cooper,25,24,0,4.0,6.25
734033,Karanveer Singh,15,24,2,4.0,3.75
734033,L Balaji,36,24,1,4.0,9.0
734033,PV Tambe,36,24,0,4.0,9.0
734033,R Dhawan,24,24,2,4.0,6.0
734033,R Tewatia,23,24,2,4.0,5.75
734033,SR Watson,15,12,0,2.0,7.5
734033,VS Malik,28,18,1,3.0,9.33
734035,A Nehra,32,24,3,4.0,8.0
734035,MA Starc,32,18,0,3.0,10.67
734035,MM Sharma,16,18,1,3.0,5.33
734035,R Ashwin,33,24,1,4.0,8.25
734035,R Rampaul,21,12,1,2.0,10.5
734035,RA Jadeja,12,12,1,2.0,6.0
734035,S Badree,29,18,0,3.0,9.67
734035,S Rana,7,6,0,1.0,7.0
734035,SB Jakati,41,22,0,3.6666666666666665,11.18
734035,SK Raina,26,24,0,4.0,6.5
734035,YS Chahal,24,24,0,4.0,6.0
734035,Yuvraj Singh,30,24,1,4.0,7.5
734037,B Kumar,21,14,0,2.3333333333333335,9.0
734037,DW Steyn,42,24,0,4.0,10.5
734037,JO Holder,23,18,1,3.0,7.67
734037,KV Sharma,38,24,5,4.0,9.5
734037,M Morkel,26,24,1,4.0,6.5
734037,Parvez Rasool,22,6,0,1.0,22.0
734037,R Vinay Kumar,31,24,2,4.0,7.75
734037,RN ten Doeschate,7,6,1,1.0,7.0
734037,SP Narine,19,24,0,4.0,4.75
734037,Shakib Al Hasan,25,24,3,4.0,6.25
734037,UT Yadav,31,18,0,3.0,10.33
734039,AR Patel,28,24,2,4.0,7.0
734039,Imran Tahir,30,23,1,3.8333333333333335,7.83
734039,JD Unadkat,3,12,1,2.0,1.5
734039,JDS Neesham,14,6,0,1.0,14.0
734039,JP Duminy,10,12,0,2.0,5.0
734039,Karanveer Singh,22,24,2,4.0,5.5
734039,MG Johnson,27,19,2,3.1666666666666665,8.53
734039,Mohammed Shami,24,18,1,3.0,8.0
734039,P Awana,15,18,2,3.0,5.0
734039,R Dhawan,16,24,2,4.0,4.0
734039,S Nadeem,23,12,0,2.0,11.5
734041,CJ Anderson,14,12,0,2.0,7.0
734041,DS Kulkarni,40,18,2,3.0,13.33
734041,Harbhajan Singh,43,24,1,4.0,10.75
734041,JJ Bumrah,29,24,1,4.0,7.25
734041,JP Faulkner,53,22,1,3.6666666666666665,14.45
734041,KA Pollard,32,18,1,3.0,10.67
734041,KK Cooper,38,24,2,4.0,9.5
734041,PP Ojha,30,24,0,4.0,7.5
734041,PV Tambe,24,12,0,2.0,12.0
734041,S Gopal,36,18,1,3.0,12.0
734041,SR Watson,33,12,0,2.0,16.5
734043,AR Patel,11,24,2,4.0,2.75
734043,Karanveer Singh,39,24,3,4.0,9.75
734043,M Morkel,22,24,2,4.0,5.5
734043,MG Johnson,29,24,2,4.0,7.25
734043,P Awana,33,24,1,4.0,8.25
734043,PP Chawla,23,24,1,4.0,5.75
734043,R Dhawan,44,24,0,4.0,11.0
734043,SP Narine,30,24,0,4.0,7.5
734043,Shakib Al Hasan,43,24,2,4.0,10.75
734043,UT Yadav,12,24,3,4.0,3.0
734045,A Nehra,34,24,2,4.0,8.5
734045,CJ Anderson,34,18,0,3.0,11.33
734045,Harbhajan Singh,25,24,2,4.0,6.25
734045,IC Pandey,25,18,0,3.0,8.33
734045,JJ Bumrah,39,22,0,3.6666666666666665,10.64
734045,KA Pollard,8,6,0,1.0,8.0
734045,MM Sharma,42,24,3,4.0,10.5
734045,P Kumar,27,24,0,4.0,6.75
734045,PP Ojha,34,18,1,3.0,11.33
734045,R Ashwin,26,24,1,4.0,6.5
734045,RA Jadeja,31,24,2,4.0,7.75
734045,SK Raina,13,6,0,1.0,13.0
734047,A Nehra,49,24,2,4.0,12.25
734047,AR Patel,22,24,2,4.0,5.5
734047,GJ Maxwell,4,6,0,1.0,4.0
734047,IC Pandey,34,24,1,4.0,8.5
734047,Karanveer Singh,31,24,1,4.0,7.75
734047,MG Johnson,40,24,1,4.0,10.0
734047,MM Sharma,45,24,2,4.0,11.25
734047,P Awana,54,24,2,4.0,13.5
734047,R Ashwin,40,24,1,4.0,10.0
734047,RA Jadeja,47,24,0,4.0,11.75
734047,Sandeep Sharma,31,18,1,3.0,10.33
734049,AR Patel,20,24,1,4.0,5.0
734049,Karanveer Singh,51,24,4,4.0,12.75
734049,L Balaji,41,24,0,4.0,10.25
734049,M Morkel,40,24,0,4.0,10.0
734049,MG Johnson,39,24,2,4.0,9.75
734049,P Awana,43,21,0,3.5,12.29
734049,PP Chawla,44,24,2,4.0,11.0
734049,SP Narine,45,24,1,4.0,11.25
734049,Shakib Al Hasan,26,24,0,4.0,6.5
734049,UT Yadav,36,24,1,4.0,9.0
829705,AD Russell,21,18,0,3.0,7.0
829705,CJ Anderson,21,12,1,2.0,10.5
829705,Harbhajan Singh,38,24,1,4.0,9.5
829705,JJ Bumrah,37,18,1,3.0,12.33
829705,M Morkel,18,24,2,4.0,4.5
829705,PP Chawla,16,12,0,2.0,8.0
829705,PP Ojha,23,12,0,2.0,11.5
829705,R Vinay Kumar,21,21,0,3.5,6.0
829705,SL Malinga,26,24,0,4.0,6.5
829705,SP Narine,28,24,0,4.0,7.0
829705,Shakib Al Hasan,46,24,1,4.0,11.5
829705,UT Yadav,36,18,0,3.0,12.0
829707,A Mishra,21,24,1,4.0,5.25
829707,A Nehra,24,24,3,4.0,6.0
829707,DJ Bravo,34,24,2,4.0,8.5
829707,DJ Muthuswami,18,18,1,3.0,6.0
829707,IC Pandey,30,24,1,4.0,7.5
829707,Imran Tahir,27,24,1,4.0,6.75
829707,JA Morkel,27,18,0,3.0,9.0
829707,JP Duminy,14,12,1,2.0,7.0
829707,MM Sharma,32,24,1,4.0,8.0
829707,NM Coulter-Nile,29,24,3,4.0,7.25
829707,R Ashwin,24,24,1,4.0,6.0
829709,AR Patel,32,24,1,4.0,8.0
829709,Anureet Singh,23,24,3,4.0,5.75
829709,CH Morris,20,24,0,4.0,5.0
829709,DS Kulkarni,20,18,1,3.0,6.67
829709,JP Faulkner,26,24,3,4.0,6.5
829709,Karanveer Singh,43,24,0,4.0,10.75
829709,MG Johnson,25,24,2,4.0,6.25
829709,PV Tambe,15,18,0,3.0,5.0
829709,STR Binny,13,12,1,2.0,6.5
829709,Sandeep Sharma,18,24,1,4.0,4.5
829709,TG Southee,33,24,3,4.0,8.25
829711,A Nehra,29,24,0,4.0,7.25
829711,B Kumar,28,24,0,4.0,7.0
829711,DJ Bravo,23,24,2,4.0,5.75
829711,I Sharma,38,18,0,3.0,12.67
829711,IC Pandey,26,18,1,3.0,8.67
829711,KV Sharma,51,24,0,4.0,12.75
829711,MM Sharma,36,24,2,4.0,9.0
829711,Parvez Rasool,11,6,0,1.0,11.0
829711,R Ashwin,22,24,1,4.0,5.5
829711,RA Jadeja,17,6,0,1.0,17.0
829711,RS Bopara,29,24,2,4.0,7.25
829711,TA Boult,33,24,2,4.0,8.25
829713,AD Russell,16,12,0,2.0,8.0
829713,AN Ahmed,28,24,1,4.0,7.0
829713,DJG Sammy,7,6,0,1.0,7.0
829713,HV Patel,36,24,2,4.0,9.0
829713,KC Cariappa,28,12,1,2.0,14.0
829713,M Morkel,35,24,2,4.0,8.75
829713,PP Chawla,10,6,0,1.0,10.0
829713,SA Abbott,36,18,0,3.0,12.0
829713,SP Narine,26,24,0,4.0,6.5
829713,Shakib Al Hasan,16,12,2,2.0,8.0
829713,VR Aaron,36,24,1,4.0,9.0
829713,YK Pathan,40,24,2,4.0,10.0
829713,YS Chahal,28,24,1,4.0,7.0
829715,A Mishra,30,24,2,4.0,7.5
829715,AD Mathews,41,24,1,4.0,10.25
829715,CH Morris,33,24,2,4.0,8.25
829715,DJ Hooda,17,24,0,4.0,4.25
829715,DS Kulkarni,18,6,0,1.0,18.0
829715,Imran Tahir,27,24,4,4.0,6.75
829715,JD Unadkat,30,18,0,3.0,10.0
829715,JP Faulkner,54,24,0,4.0,13.5
829715,NM Coulter-Nile,41,24,0,4.0,10.25
829715,PV Tambe,18,18,1,3.0,6.0
829715,TG Southee,35,24,0,4.0,8.75
829715,Yuvraj Singh,11,6,0,1.0,11.0
829717,AR Patel,30,24,2,4.0,7.5
829717,Anureet Singh,39,24,2,4.0,9.75
829717,Harbhajan Singh,20,24,2,4.0,5.0
829717,J Suchith,40,24,1,4.0,10.0
829717,KA Pollard,11,6,0,1.0,11.0
829717,MG Johnson,23,24,2,4.0,5.75
829717,P Suyal,21,18,0,3.0,7.0
829717,R Dhawan,46,24,0,4.0,11.5
829717,R Vinay Kumar,46,24,0,4.0,11.5
829717,SL Malinga,33,24,2,4.0,8.25
829717,Sandeep Sharma,12,24,1,4.0,3.0
829719,A Ashish Reddy,11,6,1,1.0,11.0
829719,AN Ahmed,27,24,0,4.0,6.75
829719,B Kumar,29,23,2,3.8333333333333335,7.57
829719,DJG Sammy,18,12,0,2.0,9.0
829719,HV Patel,22,12,0,2.0,11.0
829719,KV Sharma,20,24,1,4.0,5.0
829719,P Kumar,34,24,1,4.0,8.5
829719,RS Bopara,26,18,2,3.0,8.67
829719,SA Abbott,19,12,0,2.0,9.5
829719,TA Boult,30,24,3,4.0,7.5
829719,VR Aaron,35,20,0,3.3333333333333335,10.5
829719,YS Chahal,28,24,2,4.0,7.0
829721,CH Morris,34,24,1,4.0,8.5
829721,CJ Anderson,12,12,0,2.0,6.0
829721,DJ Hooda,3,6,0,1.0,3.0
829721,DS Kulkarni,14,18,1,3.0,4.67
829721,J Suchith,31,24,0,4.0,7.75
829721,JP Faulkner,29,18,0,3.0,9.67
829721,P Suyal,40,24,0,4.0,10.0
829721,PV Tambe,25,18,1,3.0,8.33
829721,R Vinay Kumar,13,18,1,3.0,4.33
829721,S Gopal,23,13,1,2.1666666666666665,10.62
829721,SL Malinga,40,24,1,4.0,10.0
829721,STR Binny,8,12,2,2.0,4.0
829721,TG Southee,46,24,1,4.0,11.5
829723,A Nehra,33,24,0,4.0,8.25
829723,AD Russell,20,24,2,4.0,5.0
829723,DJ Bravo,27,12,0,2.0,13.5
829723,GB Hogg,29,24,4,4.0,7.25
829723,MM Sharma,22,24,1,4.0,5.5
829723,P Negi,22,24,1,4.0,5.5
829723,PJ Cummins,48,24,1,4.0,12.0
829723,PP Chawla,21,24,1,4.0,5.25
829723,RA Jadeja,25,12,0,2.0,12.5
829723,RG More,30,23,1,3.8333333333333335,7.83
829723,UT Yadav,16,12,1,2.0,8.0
829723,YK Pathan,11,12,0,2.0,5.5
829725,A Mishra,33,24,1,4.0,8.25
829725,AD Mathews,22,18,1,3.0,7.33
829725,AR Patel,28,23,2,3.8333333333333335,7.3
829725,Anureet Singh,30,24,2,4.0,7.5
829725,DJ Muthuswami,24,18,0,3.0,8.0
829725,GJ Maxwell,10,6,0,1.0,10.0
829725,Imran Tahir,43,24,3,4.0,10.75
829725,JP Duminy,14,12,2,2.0,7.0
829725,MG Johnson,41,24,0,4.0,10.25
829725,NM Coulter-Nile,13,18,0,3.0,4.33
829725,R Dhawan,21,18,0,3.0,7.0
829725,Sandeep Sharma,27,24,1,4.0,6.75
829725,Yuvraj Singh,8,6,0,1.0,8.0
829727,A Ashish Reddy,5,6,0,1.0,5.0
829727,B Kumar,25,24,0,4.0,6.25
829727,CH Morris,23,18,0,3.0,7.67
829727,DJ Hooda,10,12,0,2.0,5.0
829727,DS Kulkarni,8,18,2,3.0,2.67
829727,JP Faulkner,18,12,0,2.0,9.0
829727,KV Sharma,19,18,1,3.0,6.33
829727,P Kumar,28,24,0,4.0,7.0
829727,PV Tambe,21,24,2,4.0,5.25
829727,RS Bopara,18,24,2,4.0,4.5
829727,STR Binny,12,12,0,2.0,6.0
829727,TA Boult,29,24,1,4.0,7.25
829727,TG Southee,29,24,1,4.0,7.25
829729,A Nehra,22,24,3,4.0,5.5
829729,DJ Bravo,30,24,2,4.0,7.5
829729,Harbhajan Singh,44,24,2,4.0,11.0
829729,IC Pandey,21,18,1,3.0,7.0
829729,J Suchith,32,12,0,2.0,16.0
829729,KA Pollard,23,10,1,1.6666666666666665,13.8
829729,MM Sharma,43,24,1,4.0,10.75
829729,P Suyal,24,18,0,3.0,8.0
829729,R Ashwin,13,6,0,1.0,13.0
829729,R Vinay Kumar,18,12,0,2.0,9.0
829729,RA Jadeja,47,24,0,4.0,11.75
829729,SL Malinga,36,24,1,4.0,9.0
829731,A Ashish Reddy,14,12,1,2.0,7.0
829731,A Mishra,14,12,0,2.0,7.0
829731,AD Mathews,38,24,1,4.0,9.5
829731,B Kumar,20,24,1,4.0,5.0
829731,DJ Muthuswami,20,12,0,2.0,10.0
829731,DW Steyn,27,24,1,4.0,6.75
829731,Imran Tahir,35,24,1,4.0,8.75
829731,JP Duminy,16,18,4,3.0,5.33
829731,KV Sharma,25,12,0,2.0,12.5
829731,NM Coulter-Nile,26,24,2,4.0,6.5
829731,P Kumar,36,24,1,4.0,9.0
829731,RS Bopara,36,24,0,4.0,9.0
829731,Yuvraj Singh,10,6,0,1.0,10.0
829733,AD Russell,37,24,2,4.0,9.25
829733,AR Patel,22,12,0,2.0,11.0
829733,Anureet Singh,37,24,0,4.0,9.25
829733,M Morkel,27,24,3,4.0,6.75
829733,MG Johnson,41,23,1,3.8333333333333335,10.7
829733,NLTC Perera,32,24,1,4.0,8.0
829733,PP Chawla,29,24,0,4.0,7.25
829733,SP Narine,17,24,1,4.0,4.25
829733,Sandeep Sharma,25,24,4,4.0,6.25
829733,UT Yadav,32,24,3,4.0,8.0
829735,A Nehra,31,24,0,4.0,7.75
829735,Ankit Sharma,26,18,1,3.0,8.67
829735,CH Morris,19,24,1,4.0,4.75
829735,DJ Bravo,30,14,1,2.3333333333333335,12.86
829735,DJ Hooda,20,12,0,2.0,10.0
829735,IC Pandey,12,12,0,2.0,6.0
829735,JP Faulkner,25,24,1,4.0,6.25
829735,MM Sharma,33,24,0,4.0,8.25
829735,PV Tambe,36,24,1,4.0,9.0
829735,R Ashwin,21,12,0,2.0,10.5
829735,RA Jadeja,29,24,1,4.0,7.25
829735,SR Watson,19,12,0,2.0,9.5
829735,STR Binny,5,6,0,1.0,5.0
829737,AN Ahmed,58,24,1,4.0,14.5
829737,D Wiese,32,24,4,4.0,8.0
829737,HH Pandya,35,18,0,3.0,11.67
829737,Harbhajan Singh,27,24,3,4.0,6.75
829737,Iqbal Abdulla,32,24,0,4.0,8.0
829737,JJ Bumrah,34,24,1,4.0,8.5
829737,KA Pollard,9,6,1,1.0,9.0
829737,MJ McClenaghan,38,24,1,4.0,9.5
829737,SL Malinga,32,24,1,4.0,8.0
829737,VR Aaron,43,24,0,4.0,10.75
829737,YS Chahal,27,24,2,4.0,6.75
829739,A Mishra,22,19,0,3.1666666666666665,6.95
829739,AD Mathews,31,18,0,3.0,10.33
829739,AD Russell,21,18,0,3.0,7.0
829739,DJ Muthuswami,18,18,2,3.0,6.0
829739,Imran Tahir,30,24,1,4.0,7.5
829739,JP Duminy,10,6,0,1.0,10.0
829739,M Morkel,28,24,2,4.0,7.0
829739,NM Coulter-Nile,29,24,1,4.0,7.25
829739,PP Chawla,22,24,2,4.0,5.5
829739,SP Narine,38,24,1,4.0,9.5
829739,UT Yadav,15,24,3,4.0,3.75
829739,YK Pathan,9,6,0,1.0,9.0
829743,AD Russell,6,6,1,1.0,6.0
829743,B Kumar,22,18,1,3.0,7.33
829743,Bipul Sharma,14,6,0,1.0,14.0
829743,DW Steyn,24,18,0,3.0,8.0
829743,J Botha,25,24,0,4.0,6.25
829743,KV Sharma,5,6,0,1.0,5.0
829743,M Morkel,31,24,2,4.0,7.75
829743,MC Henriques,8,6,1,1.0,8.0
829743,P Kumar,18,12,1,2.0,9.0
829743,PP Chawla,15,6,0,1.0,15.0
829743,RS Bopara,7,6,1,1.0,7.0
829743,SP Narine,38,24,0,4.0,9.5
829743,UT Yadav,39,24,1,4.0,9.75
829743,YK Pathan,18,12,0,2.0,9.0
829745,A Nehra,10,24,4,4.0,2.5
829745,D Wiese,45,24,1,4.0,11.25
829745,DJ Bravo,25,18,1,3.0,8.33
829745,HV Patel,28,24,1,4.0,7.0
829745,IC Pandey,21,24,1,4.0,5.25
829745,Iqbal Abdulla,34,24,2,4.0,8.5
829745,MA Starc,24,24,1,4.0,6.0
829745,MM Sharma,39,24,0,4.0,9.75
829745,R Ashwin,16,6,0,1.0,16.0
829745,RA Jadeja,37,24,2,4.0,9.25
829745,YS Chahal,40,24,3,4.0,10.0
829747,A Mishra,30,24,2,4.0,7.5
829747,AD Mathews,15,12,2,2.0,7.5
829747,DJ Muthuswami,7,12,1,2.0,3.5
829747,HH Pandya,14,12,0,2.0,7.0
829747,Harbhajan Singh,34,24,0,4.0,8.5
829747,Imran Tahir,20,24,3,4.0,5.0
829747,JJ Bumrah,55,24,1,4.0,13.75
829747,JP Duminy,14,6,0,1.0,14.0
829747,KA Pollard,24,12,0,2.0,12.0
829747,MJ McClenaghan,35,24,2,4.0,8.75
829747,NM Coulter-Nile,33,24,1,4.0,8.25
829747,S Nadeem,23,18,0,3.0,7.67
829747,SL Malinga,19,24,1,4.0,4.75
829749,CH Morris,23,18,0,3.0,7.67
829749,D Wiese,27,24,0,4.0,6.75
829749,DJ Hooda,4,1,0,0.16666666666666666,24.0
829749,DS Kulkarni,26,24,0,4.0,6.5
829749,HV Patel,23,24,2,4.0,5.75
829749,Iqbal Abdulla,27,24,1,4.0,6.75
829749,JP Faulkner,17,12,0,2.0,8.5
829749,MA Starc,20,24,3,4.0,5.0
829749,PV Tambe,36,24,0,4.0,9.0
829749,SR Watson,23,18,1,3.0,7.67
829749,V Kohli,4,5,1,0.8333333333333334,4.8
829749,YS Chahal,25,19,2,3.1666666666666665,7.89
829751,B Kumar,22,24,3,4.0,5.5
829751,DW Steyn,38,24,2,4.0,9.5
829751,Harbhajan Singh,36,24,0,4.0,9.0
829751,J Suchith,25,24,1,4.0,6.25
829751,KV Sharma,30,24,1,4.0,7.5
829751,MJ McClenaghan,19,24,3,4.0,4.75
829751,P Kumar,32,24,2,4.0,8.0
829751,R Vinay Kumar,30,24,0,4.0,7.5
829751,SL Malinga,21,24,4,4.0,5.25
829751,TA Boult,25,24,0,4.0,6.25
829753,A Nehra,16,24,2,4.0,4.0
829753,AR Patel,34,24,1,4.0,8.5
829753,Anureet Singh,34,24,1,4.0,8.5
829753,DJ Bravo,13,18,0,3.0,4.33
829753,IC Pandey,16,12,1,2.0,8.0
829753,Karanveer Singh,42,24,1,4.0,10.5
829753,MG Johnson,38,24,0,4.0,9.5
829753,MM Sharma,10,18,1,3.0,3.33
829753,R Ashwin,10,24,2,4.0,2.5
829753,RA Jadeja,22,24,3,4.0,5.5
829753,Sandeep Sharma,32,24,0,4.0,8.0
829757,A Mishra,24,12,0,2.0,12.0
829757,AD Mathews,3,6,0,1.0,3.0
829757,D Wiese,17,20,3,3.3333333333333335,5.1
829757,DJ Muthuswami,14,6,0,1.0,14.0
829757,HV Patel,14,18,1,3.0,4.67
829757,Imran Tahir,20,12,0,2.0,10.0
829757,Iqbal Abdulla,16,24,1,4.0,4.0
829757,JP Duminy,7,6,0,1.0,7.0
829757,MA Starc,19,24,3,4.0,4.75
829757,NM Coulter-Nile,29,21,0,3.5,8.29
829757,VR Aaron,21,24,2,4.0,5.25
829759,AR Patel,25,24,2,4.0,6.25
829759,Anureet Singh,27,24,1,4.0,6.75
829759,B Kumar,22,24,2,4.0,5.5
829759,KV Sharma,22,24,2,4.0,5.5
829759,M Vijay,16,18,0,3.0,5.33
829759,MC Henriques,30,24,1,4.0,7.5
829759,MG Johnson,39,24,2,4.0,9.75
829759,P Kumar,32,24,1,4.0,8.0
829759,R Dhawan,7,6,0,1.0,7.0
829759,Sandeep Sharma,35,24,1,4.0,8.75
829759,TA Boult,17,24,3,4.0,4.25
829761,A Mishra,20,24,1,4.0,5.0
829761,AD Mathews,13,12,0,2.0,6.5
829761,AD Russell,23,24,1,4.0,5.75
829761,GB Hogg,27,18,1,3.0,9.0
829761,Imran Tahir,40,24,2,4.0,10.0
829761,J Botha,14,6,0,1.0,14.0
829761,JA Morkel,24,18,1,3.0,8.0
829761,JP Duminy,16,6,0,1.0,16.0
829761,PP Chawla,32,24,4,4.0,8.0
829761,SP Narine,29,24,0,4.0,7.25
829761,UT Yadav,26,24,0,4.0,6.5
829761,Yuvraj Singh,14,12,1,2.0,7.0
829761,Z Khan,32,24,2,4.0,8.0
829765,A Nehra,38,24,2,4.0,9.5
829765,AD Russell,20,24,2,4.0,5.0
829765,DJ Bravo,22,18,3,3.0,7.33
829765,GB Hogg,18,24,2,4.0,4.5
829765,IC Pandey,17,12,1,2.0,8.5
829765,MM Sharma,23,18,1,3.0,7.67
829765,PJ Cummins,23,24,0,4.0,5.75
829765,PP Chawla,26,24,2,4.0,6.5
829765,R Ashwin,5,12,2,2.0,2.5
829765,RA Jadeja,11,18,0,3.0,3.67
829765,SK Raina,11,18,0,3.0,3.67
829765,UT Yadav,35,24,0,4.0,8.75
829767,A Mishra,10,12,1,2.0,5.0
829767,AD Mathews,18,18,0,3.0,6.0
829767,AR Patel,22,17,0,2.8333333333333335,7.76
829767,Anureet Singh,21,18,0,3.0,7.0
829767,Imran Tahir,31,18,0,3.0,10.33
829767,JP Duminy,15,24,1,4.0,3.75
829767,NLTC Perera,22,12,0,2.0,11.0
829767,NM Coulter-Nile,19,24,4,4.0,4.75
829767,SN Thakur,36,18,1,3.0,12.0
829767,Sandeep Sharma,10,18,0,3.0,3.33
829767,Z Khan,17,24,2,4.0,4.25
829769,Ankit Sharma,28,24,1,4.0,7.0
829769,DS Kulkarni,24,18,2,3.0,8.0
829769,Harbhajan Singh,33,24,0,4.0,8.25
829769,J Suchith,35,24,1,4.0,8.75
829769,J Theron,38,24,1,4.0,9.5
829769,MJ McClenaghan,27,24,3,4.0,6.75
829769,R Vinay Kumar,37,24,1,4.0,9.25
829769,SL Malinga,34,24,1,4.0,8.5
829769,SR Watson,31,18,0,3.0,10.33
829769,STR Binny,17,12,0,2.0,8.5
829769,TG Southee,36,24,1,4.0,9.0
829771,AD Russell,21,10,1,1.6666666666666665,12.6
829771,D Wiese,20,12,1,2.0,10.0
829771,GB Hogg,23,12,1,2.0,11.5
829771,HV Patel,21,12,1,2.0,10.5
829771,MA Starc,9,12,1,2.0,4.5
829771,PJ Cummins,16,12,0,2.0,8.0
829771,PP Chawla,21,12,1,2.0,10.5
829771,UT Yadav,30,12,0,2.0,15.0
829771,VR Aaron,29,12,0,2.0,14.5
829771,YS Chahal,22,12,1,2.0,11.0
829773,A Ashish Reddy,19,12,2,2.0,9.5
829773,A Nehra,31,24,1,4.0,7.75
829773,B Kumar,31,24,2,4.0,7.75
829773,DJ Bravo,25,24,3,4.0,6.25
829773,KV Sharma,19,12,0,2.0,9.5
829773,MC Henriques,19,24,2,4.0,4.75
829773,MM Sharma,51,24,0,4.0,12.75
829773,P Kumar,31,24,0,4.0,7.75
829773,P Negi,20,12,1,2.0,10.0
829773,RG More,27,12,0,2.0,13.5
829773,SK Raina,27,24,2,4.0,6.75
829773,TA Boult,44,24,0,4.0,11.0
829775,AR Patel,24,18,0,3.0,8.0
829775,Anureet Singh,28,24,1,4.0,7.0
829775,GJ Maxwell,8,6,0,1.0,8.0
829775,Harbhajan Singh,27,24,1,4.0,6.75
829775,J Suchith,32,24,1,4.0,8.0
829775,KA Pollard,7,6,0,1.0,7.0
829775,Karanveer Singh,30,24,1,4.0,7.5
829775,M Vijay,12,6,0,1.0,12.0
829775,MG Johnson,41,24,1,4.0,10.25
829775,MJ McClenaghan,24,24,0,4.0,6.0
829775,R Vinay Kumar,17,18,1,3.0,5.67
829775,SL Malinga,30,24,3,4.0,7.5
829775,Sandeep Sharma,24,18,0,3.0,8.0
829777,A Mishra,40,24,0,4.0,10.0
829777,AD Mathews,27,24,1,4.0,6.75
829777,DS Kulkarni,40,24,2,4.0,10.0
829777,GS Sandhu,49,24,0,4.0,12.25
829777,JP Faulkner,21,24,2,4.0,5.25
829777,NM Coulter-Nile,38,24,1,4.0,9.5
829777,R Bhatia,23,12,0,2.0,11.5
829777,SR Watson,22,24,1,4.0,5.5
829777,STR Binny,24,12,2,2.0,12.0
829777,TG Southee,30,24,0,4.0,7.5
829777,Z Khan,27,24,0,4.0,6.75
829779,A Nehra,18,24,3,4.0,4.5
829779,D Wiese,29,24,2,4.0,7.25
829779,DJ Bravo,17,22,3,3.6666666666666665,4.64
829779,HV Patel,16,24,2,4.0,4.0
829779,IC Pandey,28,24,2,4.0,7.0
829779,Iqbal Abdulla,33,18,0,3.0,11.0
829779,MA Starc,23,24,4,4.0,5.75
829779,MM Sharma,29,24,2,4.0,7.25
829779,P Negi,19,12,0,2.0,9.5
829779,RA Jadeja,11,12,0,2.0,5.5
829779,V Kohli,6,6,0,1.0,6.0
829779,YS Chahal,36,24,1,4.0,9.0
829781,AD Russell,10,12,1,2.0,5.0
829781,B Kumar,42,24,2,4.0,10.5
829781,Bipul Sharma,23,24,2,4.0,5.75
829781,DW Steyn,36,24,0,4.0,9.0
829781,GB Hogg,17,24,2,4.0,4.25
829781,J Botha,31,24,1,4.0,7.75
829781,KV Sharma,29,24,2,4.0,7.25
829781,MC Henriques,20,18,1,3.0,6.67
829781,P Kumar,10,6,0,1.0,10.0
829781,PP Chawla,16,24,2,4.0,4.0
829781,RN ten Doeschate,3,6,1,1.0,3.0
829781,UT Yadav,32,24,2,4.0,8.0
829781,YK Pathan,19,6,0,1.0,19.0
829783,A Mishra,23,24,1,4.0,5.75
829783,AD Mathews,33,24,1,4.0,8.25
829783,HH Pandya,13,12,1,2.0,6.5
829783,Harbhajan Singh,11,24,2,4.0,2.75
829783,Imran Tahir,24,15,0,2.5,9.6
829783,J Suchith,24,18,1,3.0,8.0
829783,MJ McClenaghan,36,24,0,4.0,9.0
829783,NM Coulter-Nile,30,24,2,4.0,7.5
829783,R Vinay Kumar,31,18,0,3.0,10.33
829783,SL Malinga,33,24,2,4.0,8.25
829783,Yuvraj Singh,5,6,0,1.0,5.0
829783,Z Khan,29,24,1,4.0,7.25
829785,AR Patel,48,24,1,4.0,12.0
829785,Anureet Singh,25,24,0,4.0,6.25
829785,D Wiese,4,6,0,1.0,4.0
829785,GJ Maxwell,22,12,0,2.0,11.0
829785,HV Patel,13,12,1,2.0,6.5
829785,Karanveer Singh,39,12,0,2.0,19.5
829785,MA Starc,11,24,4,4.0,2.75
829785,MG Johnson,41,24,0,4.0,10.25
829785,S Aravind,27,24,4,4.0,6.75
829785,Sandeep Sharma,39,24,2,4.0,9.75
829785,YS Chahal,24,16,1,2.6666666666666665,9.0
829787,B Kumar,44,24,3,4.0,11.0
829787,CH Morris,31,24,0,4.0,7.75
829787,DJ Hooda,33,18,0,3.0,11.0
829787,DS Kulkarni,18,12,0,2.0,9.0
829787,I Sharma,25,18,1,3.0,8.33
829787,JP Faulkner,36,24,1,4.0,9.0
829787,KV Sharma,28,18,1,3.0,9.33
829787,MC Henriques,28,18,1,3.0,9.33
829787,P Kumar,40,24,0,4.0,10.0
829787,PV Tambe,32,24,1,4.0,8.0
829787,RS Bopara,22,18,1,3.0,7.33
829787,SR Watson,36,18,2,3.0,12.0
829789,A Nehra,45,18,0,3.0,15.0
829789,DJ Bravo,16,14,1,2.3333333333333335,6.86
829789,HH Pandya,4,6,0,1.0,4.0
829789,Harbhajan Singh,36,24,1,4.0,9.0
829789,J Suchith,21,24,1,4.0,5.25
829789,M de Lange,24,24,1,4.0,6.0
829789,MJ McClenaghan,34,24,1,4.0,8.5
829789,MM Sharma,19,12,0,2.0,9.5
829789,P Negi,34,24,1,4.0,8.5
829789,R Ashwin,16,24,2,4.0,4.0
829789,R Vinay Kumar,33,18,1,3.0,11.0
829789,RA Jadeja,27,24,0,4.0,6.75
829791,AD Russell,49,24,1,4.0,12.25
829791,AR Patel,32,24,1,4.0,8.0
829791,Anureet Singh,56,23,3,3.8333333333333335,14.61
829791,BE Hendricks,35,24,2,4.0,8.75
829791,GB Hogg,28,24,0,4.0,7.0
829791,GJ Maxwell,5,6,1,1.0,5.0
829791,Gurkeerat Singh,15,18,2,3.0,5.0
829791,J Botha,9,6,0,1.0,9.0
829791,PP Chawla,35,18,0,3.0,11.67
829791,SP Narine,19,24,4,4.0,4.75
829791,Sandeep Sharma,34,24,0,4.0,8.5
829791,UT Yadav,34,24,0,4.0,8.5
829793,A Mishra,34,18,0,3.0,11.33
829793,B Kumar,20,24,1,4.0,5.0
829793,I Sharma,39,24,0,4.0,9.75
829793,J Yadav,19,24,1,4.0,4.75
829793,JA Morkel,35,18,0,3.0,11.67
829793,JP Duminy,15,12,0,2.0,7.5
829793,KV Sharma,12,18,2,3.0,4.0
829793,MC Henriques,14,12,0,2.0,7.0
829793,NM Coulter-Nile,25,24,2,4.0,6.25
829793,P Kumar,33,12,0,2.0,16.5
829793,Parvez Rasool,20,24,1,4.0,5.0
829793,RS Bopara,15,6,0,1.0,15.0
829793,Z Khan,31,24,1,4.0,7.75
829795,D Wiese,37,24,0,4.0,9.25
829795,HH Pandya,51,18,0,3.0,17.0
829795,HV Patel,35,24,2,4.0,8.75
829795,Harbhajan Singh,27,12,0,2.0,13.5
829795,J Suchith,35,18,0,3.0,11.67
829795,JJ Bumrah,49,24,0,4.0,12.25
829795,MA Starc,40,24,1,4.0,10.0
829795,MJ McClenaghan,39,24,0,4.0,9.75
829795,S Aravind,29,24,2,4.0,7.25
829795,SL Malinga,26,24,1,4.0,6.5
829795,YS Chahal,51,24,2,4.0,12.75
829797,A Nehra,29,24,0,4.0,7.25
829797,Ankit Sharma,26,24,1,4.0,6.5
829797,CH Morris,18,24,3,4.0,4.5
829797,DJ Bravo,36,24,2,4.0,9.0
829797,JP Faulkner,40,24,0,4.0,10.0
829797,MM Sharma,22,24,3,4.0,5.5
829797,P Negi,34,24,0,4.0,8.5
829797,PV Tambe,24,18,0,3.0,8.0
829797,R Bhatia,23,18,0,3.0,7.67
829797,RA Jadeja,11,24,4,4.0,2.75
829797,SR Watson,18,12,1,2.0,9.0
829799,AR Patel,19,12,0,2.0,9.5
829799,Anureet Singh,37,24,0,4.0,9.25
829799,B Kumar,34,24,1,4.0,8.5
829799,BE Hendricks,36,24,3,4.0,9.0
829799,Bipul Sharma,13,12,2,2.0,6.5
829799,GJ Maxwell,27,18,1,3.0,9.0
829799,Gurkeerat Singh,27,18,1,3.0,9.0
829799,I Sharma,48,24,0,4.0,12.0
829799,KV Sharma,20,12,0,2.0,10.0
829799,MC Henriques,14,24,3,4.0,3.5
829799,Sandeep Sharma,33,24,0,4.0,8.25
829799,TA Boult,44,24,1,4.0,11.0
829801,GS Sandhu,33,24,1,4.0,8.25
829801,IC Pandey,27,24,2,4.0,6.75
829801,J Yadav,8,12,1,2.0,4.0
829801,JA Morkel,21,18,2,3.0,7.0
829801,MM Sharma,17,12,0,2.0,8.5
829801,P Negi,28,18,2,3.0,9.33
829801,R Ashwin,24,24,0,4.0,6.0
829801,RA Jadeja,16,16,0,2.6666666666666665,6.0
829801,S Nadeem,18,24,0,4.0,4.5
829801,SK Raina,8,6,0,1.0,8.0
829801,Yuvraj Singh,23,18,0,3.0,7.67
829801,Z Khan,9,24,2,4.0,2.25
829803,AR Patel,11,12,2,2.0,5.5
829803,Anureet Singh,19,12,2,2.0,9.5
829803,BE Hendricks,9,12,1,2.0,4.5
829803,D Wiese,17,12,1,2.0,8.5
829803,HV Patel,12,12,2,2.0,6.0
829803,MA Starc,19,12,1,2.0,9.5
829803,R Dhawan,18,12,0,2.0,9.0
829803,S Aravind,30,12,0,2.0,15.0
829803,Sandeep Sharma,18,12,1,2.0,9.0
829803,YS Chahal,24,12,1,2.0,12.0
829805,AD Russell,36,24,0,4.0,9.0
829805,HH Pandya,10,6,0,1.0,10.0
829805,Harbhajan Singh,28,24,2,4.0,7.0
829805,J Suchith,23,12,1,2.0,11.5
829805,KA Pollard,5,6,1,1.0,5.0
829805,M Morkel,24,24,1,4.0,6.0
829805,MJ McClenaghan,28,24,1,4.0,7.0
829805,PP Chawla,9,6,0,1.0,9.0
829805,R Vinay Kumar,33,24,1,4.0,8.25
829805,SL Malinga,31,24,1,4.0,7.75
829805,SP Narine,35,24,1,4.0,8.75
829805,Shakib Al Hasan,21,24,2,4.0,5.25
829805,UT Yadav,34,18,0,3.0,11.33
829807,AB Dinda,16,12,0,2.0,8.0
829807,B Kumar,39,11,1,1.8333333333333335,21.27
829807,D Wiese,18,12,2,2.0,9.0
829807,DW Steyn,17,6,0,1.0,17.0
829807,HV Patel,29,12,0,2.0,14.5
829807,KV Sharma,14,6,0,1.0,14.0
829807,MA Starc,26,18,1,3.0,8.67
829807,MC Henriques,2,6,2,1.0,2.0
829807,P Kumar,10,6,1,1.0,10.0
829807,YS Chahal,34,12,0,2.0,17.0
829809,A Nehra,17,18,1,3.0,5.67
829809,AR Patel,27,18,0,3.0,9.0
829809,Anureet Singh,30,17,0,2.8333333333333335,10.59
829809,BE Hendricks,24,18,1,3.0,8.0
829809,DJ Bravo,20,12,1,2.0,10.0
829809,GJ Maxwell,6,6,0,1.0,6.0
829809,Gurkeerat Singh,22,18,0,3.0,7.33
829809,IC Pandey,22,18,1,3.0,7.33
829809,P Negi,24,24,2,4.0,6.0
829809,R Ashwin,13,24,1,4.0,3.25
829809,R Dhawan,10,12,1,2.0,5.0
829809,RA Jadeja,18,18,1,3.0,6.0
829809,SK Raina,7,6,0,1.0,7.0
829809,Sandeep Sharma,9,12,1,2.0,4.5
829811,AD Russell,32,24,3,4.0,8.0
829811,Azhar Mahmood,35,18,1,3.0,11.67
829811,BB Sran,29,18,0,3.0,9.67
829811,CH Morris,20,24,4,4.0,5.0
829811,DS Kulkarni,31,24,2,4.0,7.75
829811,JP Faulkner,41,24,1,4.0,10.25
829811,M Morkel,37,24,0,4.0,9.25
829811,PP Chawla,10,6,0,1.0,10.0
829811,SR Watson,33,24,2,4.0,8.25
829811,STR Binny,10,6,0,1.0,10.0
829811,Shakib Al Hasan,35,24,0,4.0,8.75
829811,UT Yadav,36,24,2,4.0,9.0
829815,B Kumar,15,18,0,3.0,5.0
829815,DW Steyn,26,18,0,3.0,8.67
829815,HH Pandya,9,6,0,1.0,9.0
829815,Harbhajan Singh,18,18,1,3.0,6.0
829815,J Suchith,14,18,2,3.0,4.67
829815,KA Pollard,14,12,2,2.0,7.0
829815,KV Sharma,38,17,1,2.8333333333333335,13.41
829815,MC Henriques,16,18,0,3.0,5.33
829815,MJ McClenaghan,15,24,3,4.0,3.75
829815,P Kumar,11,12,0,2.0,5.5
829815,R Vinay Kumar,21,18,0,3.0,7.0
829815,SL Malinga,16,24,2,4.0,4.0
829817,A Nehra,25,24,1,4.0,6.25
829817,DJ Bravo,37,24,3,4.0,9.25
829817,Harbhajan Singh,24,24,2,4.0,6.0
829817,J Suchith,18,12,1,2.0,9.0
829817,KA Pollard,22,18,1,3.0,7.33
829817,MJ McClenaghan,43,18,1,3.0,14.33
829817,MM Sharma,30,18,1,3.0,10.0
829817,P Negi,46,24,0,4.0,11.5
829817,R Ashwin,22,18,0,3.0,7.33
829817,R Vinay Kumar,24,18,2,3.0,8.0
829817,RA Jadeja,18,12,1,2.0,9.0
829817,SL Malinga,23,24,3,4.0,5.75
829819,Ankit Sharma,28,18,0,3.0,9.33
829819,CH Morris,41,24,1,4.0,10.25
829819,D Wiese,31,24,2,4.0,7.75
829819,DS Kulkarni,28,24,2,4.0,7.0
829819,HV Patel,15,18,2,3.0,5.0
829819,JP Faulkner,42,24,1,4.0,10.5
829819,MA Starc,21,24,1,4.0,5.25
829819,S Aravind,19,24,3,4.0,4.75
829819,SR Watson,28,24,0,4.0,7.0
829819,STR Binny,1,6,0,1.0,1.0
829819,YS Chahal,20,24,2,4.0,5.0
829821,A Nehra,27,24,3,4.0,6.75
829821,D Wiese,28,24,1,4.0,7.0
829821,DJ Bravo,19,18,1,3.0,6.33
829821,HV Patel,25,23,1,3.8333333333333335,6.52
829821,MA Starc,27,24,2,4.0,6.75
829821,MM Sharma,22,24,1,4.0,5.5
829821,P Negi,4,6,0,1.0,4.0
829821,R Ashwin,13,24,1,4.0,3.25
829821,RA Jadeja,13,6,0,1.0,13.0
829821,S Aravind,25,24,1,4.0,6.25
829821,SK Raina,34,18,1,3.0,11.33
829821,YS Chahal,28,24,2,4.0,7.0
829823,A Nehra,41,24,1,4.0,10.25
829823,DJ Bravo,36,24,2,4.0,9.0
829823,DR Smith,17,12,1,2.0,8.5
829823,HH Pandya,35,24,0,4.0,8.75
829823,Harbhajan Singh,33,24,2,4.0,8.25
829823,MJ McClenaghan,25,24,3,4.0,6.25
829823,MM Sharma,38,24,1,4.0,9.5
829823,P Negi,18,12,0,2.0,9.0
829823,R Ashwin,20,12,0,2.0,10.0
829823,R Vinay Kumar,38,24,1,4.0,9.5
829823,RA Jadeja,26,12,0,2.0,13.0
829823,SL Malinga,22,24,2,4.0,5.5
980901,HH Pandya,12,4,0,0.6666666666666666,18.0
980901,Harbhajan Singh,24,18,1,3.0,8.0
980901,I Sharma,26,24,2,4.0,6.5
980901,JJ Bumrah,28,18,0,3.0,9.33
980901,M Ashwin,16,24,1,4.0,4.0
980901,MJ McClenaghan,27,18,0,3.0,9.0
980901,MR Marsh,20,24,2,4.0,5.0
980901,R Ashwin,7,6,1,1.0,7.0
980901,R Bhatia,10,24,1,4.0,2.5
980901,R Vinay Kumar,11,12,0,2.0,5.5
980901,RP Singh,29,18,1,3.0,9.67
980901,S Gopal,18,18,0,3.0,6.0
980903,A Mishra,6,12,1,2.0,3.0
980903,AD Russell,22,18,3,3.0,7.33
980903,C Munro,7,6,0,1.0,7.0
980903,CH Morris,20,24,0,4.0,5.0
980903,CR Brathwaite,8,12,0,2.0,4.0
980903,GB Hogg,14,24,3,4.0,3.5
980903,JW Hastings,6,16,2,2.6666666666666665,2.25
980903,NM Coulter-Nile,32,24,0,4.0,8.0
980903,PP Chawla,16,24,2,4.0,4.0
980903,UT Yadav,21,18,0,3.0,7.0
980903,Z Khan,22,13,0,2.1666666666666665,10.15
980905,AR Patel,16,12,0,2.0,8.0
980905,DJ Bravo,21,24,4,4.0,5.25
980905,JP Faulkner,37,24,0,4.0,9.25
980905,MG Johnson,33,24,2,4.0,8.25
980905,MM Sharma,24,16,0,2.6666666666666665,9.0
980905,MP Stoinis,27,12,1,2.0,13.5
980905,P Kumar,25,24,0,4.0,6.25
980905,P Sahu,35,24,1,4.0,8.75
980905,PJ Sangwan,21,12,0,2.0,10.5
980905,RA Jadeja,29,24,2,4.0,7.25
980905,S Ladda,21,12,0,2.0,10.5
980905,Sandeep Sharma,21,18,1,3.0,7.0
980907,A Ashish Reddy,25,11,0,1.8333333333333335,13.64
980907,A Nehra,20,13,0,2.1666666666666665,9.23
980907,AF Milne,38,24,1,4.0,9.5
980907,B Kumar,48,24,2,4.0,12.0
980907,HV Patel,32,24,0,4.0,8.0
980907,KV Sharma,56,24,0,4.0,14.0
980907,MC Henriques,41,24,0,4.0,10.25
980907,Mustafizur Rahman,26,24,2,4.0,6.5
980907,Parvez Rasool,31,24,1,4.0,7.75
980907,SR Watson,29,24,2,4.0,7.25
980907,YS Chahal,41,24,2,4.0,10.25
980909,AD Russell,52,24,1,4.0,13.0
980909,GB Hogg,36,24,1,4.0,9.0
980909,HH Pandya,21,12,1,2.0,10.5
980909,Harbhajan Singh,31,24,1,4.0,7.75
980909,J Suchith,29,12,0,2.0,14.5
980909,JJ Bumrah,32,24,1,4.0,8.0
980909,JW Hastings,29,24,0,4.0,7.25
980909,Kuldeep Yadav,32,24,1,4.0,8.0
980909,MJ McClenaghan,24,24,2,4.0,6.0
980909,PP Chawla,29,19,1,3.1666666666666665,9.16
980909,TG Southee,40,24,0,4.0,10.0
980911,DJ Bravo,43,24,1,4.0,10.75
980911,I Sharma,39,24,1,4.0,9.75
980911,JP Faulkner,15,12,0,2.0,7.5
980911,M Ashwin,27,24,2,4.0,6.75
980911,MR Marsh,10,6,0,1.0,10.0
980911,P Kumar,12,12,0,2.0,6.0
980911,PV Tambe,33,24,2,4.0,8.25
980911,R Ashwin,24,24,0,4.0,6.0
980911,R Bhatia,28,18,0,3.0,9.33
980911,RA Jadeja,18,24,2,4.0,4.5
980911,RP Singh,20,12,0,2.0,10.0
980911,SB Jakati,40,24,0,4.0,10.0
980913,A Mishra,10,18,4,3.0,3.33
980913,AR Patel,25,18,1,3.0,8.33
980913,CH Morris,18,24,1,4.0,4.5
980913,CR Brathwaite,33,24,1,4.0,8.25
980913,GJ Maxwell,9,6,0,1.0,9.0
980913,J Yadav,22,24,1,4.0,5.5
980913,MG Johnson,28,18,0,3.0,9.33
980913,MM Sharma,9,12,0,2.0,4.5
980913,P Negi,10,6,1,1.0,10.0
980913,P Sahu,26,15,0,2.5,10.4
980913,Sandeep Sharma,6,12,1,2.0,3.0
980913,Z Khan,14,24,1,4.0,3.5
980915,A Ashish Reddy,14,12,1,2.0,7.0
980915,AD Russell,19,24,2,4.0,4.75
980915,B Kumar,28,24,0,4.0,7.0
980915,BB Sran,29,24,0,4.0,7.25
980915,KV Sharma,24,14,0,2.3333333333333335,10.29
980915,M Morkel,31,24,2,4.0,7.75
980915,MC Henriques,18,12,0,2.0,9.0
980915,Mustafizur Rahman,28,24,1,4.0,7.0
980915,PP Chawla,13,6,0,1.0,13.0
980915,SP Narine,26,24,0,4.0,6.5
980915,Shakib Al Hasan,18,18,0,3.0,6.0
980915,UT Yadav,27,24,3,4.0,6.75
980917,DJ Bravo,38,24,2,4.0,9.5
980917,DS Kulkarni,19,24,2,4.0,4.75
980917,HH Pandya,14,12,0,2.0,7.0
980917,Harbhajan Singh,20,12,0,2.0,10.0
980917,JJ Bumrah,30,24,2,4.0,7.5
980917,JP Faulkner,35,24,1,4.0,8.75
980917,KH Pandya,20,24,1,4.0,5.0
980917,MJ McClenaghan,21,24,4,4.0,5.25
980917,P Kumar,17,18,0,3.0,5.67
980917,PV Tambe,12,12,2,2.0,6.0
980917,SB Jakati,12,18,0,3.0,4.0
980917,TG Southee,31,24,0,4.0,7.75
980919,AR Patel,26,18,0,3.0,8.67
980919,Ankit Sharma,25,24,1,4.0,6.25
980919,GJ Maxwell,3,6,0,1.0,3.0
980919,I Sharma,26,18,0,3.0,8.67
980919,IK Pathan,7,6,0,1.0,7.0
980919,KJ Abbott,37,24,1,4.0,9.25
980919,M Ashwin,36,24,3,4.0,9.0
980919,MM Sharma,23,24,4,4.0,5.75
980919,NLTC Perera,30,16,0,2.6666666666666665,11.25
980919,P Sahu,30,24,0,4.0,7.5
980919,R Ashwin,27,24,0,4.0,6.75
980919,Sandeep Sharma,22,24,2,4.0,5.5
980921,A Mishra,26,18,0,3.0,8.67
980921,CH Morris,29,24,0,4.0,7.25
980921,CR Brathwaite,18,12,1,2.0,9.0
980921,D Wiese,45,24,0,4.0,11.25
980921,HV Patel,32,18,0,3.0,10.67
980921,Mohammed Shami,33,24,3,4.0,8.25
980921,P Negi,26,18,0,3.0,8.67
980921,Parvez Rasool,28,18,0,3.0,9.33
980921,S Aravind,26,18,1,3.0,8.67
980921,SR Watson,24,24,2,4.0,6.0
980921,YS Chahal,22,13,0,2.1666666666666665,10.15
980921,Z Khan,50,24,1,4.0,12.5
980923,B Kumar,17,24,1,4.0,4.25
980923,BB Sran,24,24,3,4.0,6.0
980923,Bipul Sharma,40,24,1,4.0,10.0
980923,HH Pandya,29,18,0,3.0,9.67
980923,Harbhajan Singh,37,24,0,4.0,9.25
980923,JJ Bumrah,18,18,0,3.0,6.0
980923,MC Henriques,22,24,0,4.0,5.5
980923,MJ McClenaghan,33,21,0,3.5,9.43
980923,Mustafizur Rahman,31,24,1,4.0,7.75
980923,TG Southee,23,24,3,4.0,5.75
980925,AD Russell,18,6,0,1.0,18.0
980925,AR Patel,19,18,2,3.0,6.33
980925,GJ Maxwell,17,12,0,2.0,8.5
980925,KJ Abbott,30,18,0,3.0,10.0
980925,M Morkel,27,24,2,4.0,6.75
980925,MM Sharma,28,19,0,3.1666666666666665,8.84
980925,P Sahu,18,24,2,4.0,4.5
980925,PP Chawla,17,18,1,3.0,5.67
980925,SP Narine,21,24,2,4.0,5.25
980925,Sandeep Sharma,21,12,0,2.0,10.5
980925,Shakib Al Hasan,27,24,0,4.0,6.75
980925,UT Yadav,17,18,2,3.0,5.67
980925,YK Pathan,4,6,1,1.0,4.0
980927,HH Pandya,18,12,0,2.0,9.0
980927,HV Patel,20,12,0,2.0,10.0
980927,Harbhajan Singh,18,12,0,2.0,9.0
980927,Iqbal Abdulla,39,24,3,4.0,9.75
980927,JJ Bumrah,31,24,4,4.0,7.75
980927,KH Pandya,19,24,2,4.0,4.75
980927,KW Richardson,25,18,1,3.0,8.33
980927,MJ McClenaghan,46,24,1,4.0,11.5
980927,SR Watson,39,24,0,4.0,9.75
980927,STR Binny,8,6,0,1.0,8.0
980927,TG Southee,25,24,0,4.0,6.25
980927,VR Aaron,35,24,0,4.0,8.75
980929,B Kumar,27,24,4,4.0,6.75
980929,BB Sran,36,24,1,4.0,9.0
980929,Bipul Sharma,10,12,1,2.0,5.0
980929,DJ Bravo,26,18,0,3.0,8.67
980929,DJ Hooda,22,18,1,3.0,7.33
980929,DS Kulkarni,9,6,0,1.0,9.0
980929,DW Steyn,16,12,0,2.0,8.0
980929,MC Henriques,16,18,0,3.0,5.33
980929,Mustafizur Rahman,19,24,1,4.0,4.75
980929,P Kumar,25,12,0,2.0,12.5
980929,PV Tambe,16,12,0,2.0,8.0
980929,RA Jadeja,20,17,0,2.8333333333333335,7.06
980929,SK Raina,15,12,0,2.0,7.5
980931,Ankit Sharma,30,24,0,4.0,7.5
980931,HV Patel,43,24,2,4.0,10.75
980931,I Sharma,44,24,0,4.0,11.0
980931,Iqbal Abdulla,21,18,0,3.0,7.0
980931,KW Richardson,13,18,4,3.0,4.33
980931,M Ashwin,29,12,0,2.0,14.5
980931,NLTC Perera,32,24,3,4.0,8.0
980931,R Ashwin,16,18,0,3.0,5.33
980931,R Bhatia,22,18,0,3.0,7.33
980931,SR Watson,29,24,2,4.0,7.25
980931,STR Binny,23,12,0,2.0,11.5
980931,T Shamsi,36,24,1,4.0,9.0
980933,A Mishra,24,24,2,4.0,6.0
980933,CH Morris,26,24,2,4.0,6.5
980933,HH Pandya,7,6,1,1.0,7.0
980933,Harbhajan Singh,24,18,1,3.0,8.0
980933,Imran Tahir,29,24,0,4.0,7.25
980933,JJ Bumrah,40,24,0,4.0,10.0
980933,KA Pollard,11,6,0,1.0,11.0
980933,KH Pandya,24,24,0,4.0,6.0
980933,MJ McClenaghan,28,24,2,4.0,7.0
980933,Mohammed Shami,24,18,1,3.0,8.0
980933,P Negi,19,6,0,1.0,19.0
980933,TG Southee,18,18,0,3.0,6.0
980933,Z Khan,29,24,2,4.0,7.25
980935,AR Patel,11,11,0,1.8333333333333335,6.0
980935,B Kumar,37,24,1,4.0,9.25
980935,BB Sran,33,24,0,4.0,8.25
980935,DJ Hooda,27,24,0,4.0,6.75
980935,GJ Maxwell,16,12,0,2.0,8.0
980935,KJ Abbott,34,18,0,3.0,11.33
980935,MC Henriques,32,24,2,4.0,8.0
980935,MM Sharma,17,18,2,3.0,5.67
980935,Mustafizur Rahman,9,24,3,4.0,2.25
980935,R Dhawan,33,24,1,4.0,8.25
980935,Sandeep Sharma,30,24,2,4.0,7.5
980937,DJ Bravo,41,24,0,4.0,10.25
980937,DS Kulkarni,39,24,1,4.0,9.75
980937,Iqbal Abdulla,40,24,0,4.0,10.0
980937,KW Richardson,47,24,1,4.0,11.75
980937,P Kumar,28,18,0,3.0,9.33
980937,PV Tambe,24,18,1,3.0,8.0
980937,RA Jadeja,17,18,0,3.0,5.67
980937,SB Jakati,28,18,0,3.0,9.33
980937,SR Watson,28,21,1,3.5,8.0
980937,T Shamsi,21,24,1,4.0,5.25
980937,YS Chahal,27,24,1,4.0,6.75
980939,AD Russell,16,12,0,2.0,8.0
980939,Ankit Sharma,23,18,0,3.0,7.67
980939,JA Morkel,33,18,3,3.0,11.0
980939,M Ashwin,31,24,1,4.0,7.75
980939,M Morkel,30,18,0,3.0,10.0
980939,NLTC Perera,28,21,2,3.5,8.0
980939,PP Chawla,26,18,0,3.0,8.67
980939,R Ashwin,18,12,0,2.0,9.0
980939,R Bhatia,19,24,2,4.0,4.75
980939,R Sathish,20,18,2,3.0,6.67
980939,SP Narine,32,24,1,4.0,8.0
980939,Shakib Al Hasan,14,18,1,3.0,4.67
980939,UT Yadav,16,12,1,2.0,8.0
980941,AR Patel,41,24,1,4.0,10.25
980941,GJ Maxwell,11,6,0,1.0,11.0
980941,Harbhajan Singh,31,24,0,4.0,7.75
980941,JJ Bumrah,26,24,3,4.0,6.5
980941,KA Pollard,25,12,0,2.0,12.5
980941,KH Pandya,20,12,0,2.0,10.0
980941,MG Johnson,42,24,1,4.0,10.5
980941,MJ McClenaghan,25,24,2,4.0,6.25
980941,MM Sharma,36,24,3,4.0,9.0
980941,P Sahu,35,18,0,3.0,11.67
980941,Sandeep Sharma,19,24,1,4.0,4.75
980941,TG Southee,28,24,2,4.0,7.0
980943,A Nehra,15,18,1,3.0,5.0
980943,AB Dinda,21,24,4,4.0,5.25
980943,B Kumar,14,18,1,3.0,4.67
980943,Bipul Sharma,17,6,0,1.0,17.0
980943,M Ashwin,6,6,0,1.0,6.0
980943,MC Henriques,16,12,1,2.0,8.0
980943,MR Marsh,14,24,2,4.0,3.5
980943,Mustafizur Rahman,19,12,0,2.0,9.5
980943,NLTC Perera,32,24,1,4.0,8.0
980943,R Ashwin,14,24,1,4.0,3.5
980943,R Bhatia,23,18,0,3.0,7.67
980945,A Mishra,27,18,0,3.0,9.0
980945,CH Morris,34,24,2,4.0,8.5
980945,DJ Bravo,39,24,1,4.0,9.75
980945,DR Smith,26,12,0,2.0,13.0
980945,DS Kulkarni,19,24,3,4.0,4.75
980945,Imran Tahir,24,24,3,4.0,6.0
980945,JP Duminy,4,6,1,1.0,4.0
980945,JP Faulkner,23,12,1,2.0,11.5
980945,P Kumar,13,24,0,4.0,3.25
980945,PV Tambe,17,6,0,1.0,17.0
980945,RA Jadeja,14,6,0,1.0,14.0
980945,S Nadeem,32,24,0,4.0,8.0
980945,SK Raina,17,12,0,2.0,8.5
980945,Z Khan,48,24,0,4.0,12.0
980947,AD Russell,28,18,0,3.0,9.33
980947,HH Pandya,15,12,1,2.0,7.5
980947,Harbhajan Singh,32,24,1,4.0,8.0
980947,JD Unadkat,48,18,0,3.0,16.0
980947,JJ Bumrah,34,24,0,4.0,8.5
980947,KH Pandya,21,12,0,2.0,10.5
980947,MJ McClenaghan,33,24,1,4.0,8.25
980947,R Sathish,28,12,0,2.0,14.0
980947,SP Narine,22,24,2,4.0,5.5
980947,Shakib Al Hasan,30,24,1,4.0,7.5
980947,TG Southee,38,24,2,4.0,9.5
980947,UT Yadav,17,12,1,2.0,8.5
980949,AB Dinda,37,24,3,4.0,9.25
980949,DJ Bravo,39,24,2,4.0,9.75
980949,DS Kulkarni,24,18,0,3.0,8.0
980949,JA Morkel,28,12,0,2.0,14.0
980949,JP Faulkner,22,12,0,2.0,11.0
980949,M Ashwin,22,18,0,3.0,7.33
980949,NLTC Perera,40,24,3,4.0,10.0
980949,P Kumar,37,24,1,4.0,9.25
980949,R Ashwin,36,24,0,4.0,9.0
980949,R Bhatia,26,18,1,3.0,8.67
980949,RA Jadeja,35,24,0,4.0,8.75
980949,S Kaushik,31,18,0,3.0,10.33
980951,A Mishra,34,24,1,4.0,8.5
980951,AD Russell,26,24,4,4.0,6.5
980951,CH Morris,19,18,2,3.0,6.33
980951,CR Brathwaite,39,24,3,4.0,9.75
980951,GB Hogg,39,24,0,4.0,9.75
980951,JO Holder,34,24,0,4.0,8.5
980951,Mohammed Shami,32,24,0,4.0,8.0
980951,PP Chawla,23,12,0,2.0,11.5
980951,SP Narine,21,18,1,3.0,7.0
980951,UT Yadav,33,18,3,3.0,11.0
980951,Z Khan,20,21,4,3.5,5.71
980953,A Nehra,32,24,1,4.0,8.0
980953,B Kumar,35,24,1,4.0,8.75
980953,BB Sran,35,24,1,4.0,8.75
980953,HV Patel,10,6,0,1.0,10.0
980953,KW Richardson,45,24,2,4.0,11.25
980953,MC Henriques,40,24,2,4.0,10.0
980953,Mustafizur Rahman,34,24,1,4.0,8.5
980953,Parvez Rasool,33,24,0,4.0,8.25
980953,SR Watson,32,24,2,4.0,8.0
980953,T Shamsi,39,24,1,4.0,9.75
980953,VR Aaron,26,18,0,3.0,8.67
980955,AR Patel,20,24,4,4.0,5.0
980955,DJ Bravo,33,24,2,4.0,8.25
980955,DS Kulkarni,28,24,1,4.0,7.0
980955,Gurkeerat Singh,7,6,0,1.0,7.0
980955,JP Faulkner,19,12,0,2.0,9.5
980955,KC Cariappa,15,18,0,3.0,5.0
980955,MM Sharma,32,24,3,4.0,8.0
980955,MP Stoinis,23,24,1,4.0,5.75
980955,P Kumar,25,17,2,2.8333333333333335,8.82
980955,RA Jadeja,26,18,2,3.0,8.67
980955,S Kaushik,19,24,3,4.0,4.75
980955,Sandeep Sharma,30,24,1,4.0,7.5
980957,AB Dinda,32,18,1,3.0,10.67
980957,HH Pandya,12,12,0,2.0,6.0
980957,Harbhajan Singh,23,24,1,4.0,5.75
980957,JJ Bumrah,29,24,3,4.0,7.25
980957,KH Pandya,27,12,0,2.0,13.5
980957,M Ashwin,25,15,0,2.5,10.0
980957,MJ McClenaghan,26,24,1,4.0,6.5
980957,NLTC Perera,35,24,0,4.0,8.75
980957,R Ashwin,21,18,1,3.0,7.0
980957,R Bhatia,20,18,0,3.0,6.67
980957,SM Boland,22,18,0,3.0,7.33
980957,TG Southee,34,24,0,4.0,8.5
980959,AD Russell,23,24,1,4.0,5.75
980959,M Morkel,28,24,2,4.0,7.0
980959,PP Chawla,32,24,2,4.0,8.0
980959,S Aravind,13,13,1,2.1666666666666665,6.0
980959,SP Narine,45,24,0,4.0,11.25
980959,SR Watson,38,18,1,3.0,12.67
980959,STR Binny,17,12,1,2.0,8.5
980959,T Shamsi,51,24,0,4.0,12.75
980959,UT Yadav,52,24,2,4.0,13.0
980959,VR Aaron,30,24,0,4.0,7.5
980959,YS Chahal,21,24,2,4.0,5.25
980961,A Mishra,19,18,1,3.0,6.33
980961,CH Morris,31,24,1,4.0,7.75
980961,DR Smith,12,12,0,2.0,6.0
980961,DS Kulkarni,24,12,0,2.0,12.0
980961,JP Duminy,14,12,0,2.0,7.0
980961,JP Faulkner,9,6,0,1.0,9.0
980961,Mohammed Shami,31,24,2,4.0,7.75
980961,P Kumar,19,12,0,2.0,9.5
980961,RA Jadeja,20,14,1,2.3333333333333335,8.57
980961,S Kaushik,29,24,1,4.0,7.25
980961,S Nadeem,22,18,2,3.0,7.33
980961,SK Raina,34,24,0,4.0,8.5
980961,Z Khan,26,24,1,4.0,6.5
980963,AD Russell,19,24,6,4.0,4.75
980963,AR Patel,24,24,0,4.0,6.0
980963,GB Hogg,28,12,0,2.0,14.0
980963,GJ Maxwell,11,6,0,1.0,11.0
980963,Gurkeerat Singh,8,6,0,1.0,8.0
980963,M Morkel,26,24,1,4.0,6.5
980963,MM Sharma,39,24,1,4.0,9.75
980963,MP Stoinis,26,18,0,3.0,8.67
980963,PP Chawla,26,24,2,4.0,6.5
980963,Sandeep Sharma,22,24,2,4.0,5.5
980963,Shakib Al Hasan,21,18,0,3.0,7.0
980963,Swapnil Singh,29,18,0,3.0,9.67
980963,UT Yadav,25,18,0,3.0,8.33
980965,A Mishra,24,24,1,4.0,6.0
980965,AB Dinda,28,24,1,4.0,7.0
980965,CR Brathwaite,17,12,0,2.0,8.5
980965,Imran Tahir,25,24,2,4.0,6.25
980965,J Yadav,25,24,0,4.0,6.25
980965,JP Duminy,9,6,0,1.0,9.0
980965,M Ashwin,31,18,0,3.0,10.33
980965,Mohammed Shami,43,19,0,3.1666666666666665,13.58
980965,NLTC Perera,9,6,0,1.0,9.0
980965,P Negi,10,6,0,1.0,10.0
980965,R Ashwin,31,24,1,4.0,7.75
980965,R Bhatia,20,24,2,4.0,5.0
980965,SM Boland,31,24,3,4.0,7.75
980967,A Nehra,23,24,0,4.0,5.75
980967,B Kumar,28,24,2,4.0,7.0
980967,BB Sran,19,18,1,3.0,6.33
980967,DJ Bravo,14,18,2,3.0,4.67
980967,DS Kulkarni,17,24,2,4.0,4.25
980967,MC Henriques,22,18,1,3.0,7.33
980967,Mustafizur Rahman,17,24,2,4.0,4.25
980967,P Kumar,27,24,1,4.0,6.75
980967,PJ Sangwan,27,12,0,2.0,13.5
980967,RA Jadeja,14,12,0,2.0,7.0
980967,S Kaushik,24,24,0,4.0,6.0
980967,Yuvraj Singh,12,12,0,2.0,6.0
980969,A Zampa,35,24,2,4.0,8.75
980969,AB Dinda,26,21,0,3.5,7.43
980969,CJ Jordan,42,24,2,4.0,10.5
980969,NLTC Perera,40,18,0,3.0,13.33
980969,Parvez Rasool,37,18,0,3.0,12.33
980969,R Ashwin,7,6,0,1.0,7.0
980969,R Bhatia,45,24,0,4.0,11.25
980969,RP Singh,35,24,1,4.0,8.75
980969,SR Watson,22,24,3,4.0,5.5
980969,STR Binny,17,12,0,2.0,8.5
980969,VR Aaron,31,18,0,3.0,10.33
980969,YS Chahal,35,24,0,4.0,8.75
980971,A Mishra,36,24,0,4.0,9.0
980971,AR Patel,32,24,0,4.0,8.0
980971,CH Morris,29,24,2,4.0,7.25
980971,CR Brathwaite,20,12,0,2.0,10.0
980971,KC Cariappa,36,24,1,4.0,9.0
980971,MM Sharma,21,24,0,4.0,5.25
980971,MP Stoinis,38,24,3,4.0,9.5
980971,Mohammed Shami,33,18,1,3.0,11.0
980971,S Nadeem,30,24,1,4.0,7.5
980971,Sandeep Sharma,36,24,1,4.0,9.0
980971,Z Khan,25,18,1,3.0,8.33
980973,A Nehra,15,18,3,3.0,5.0
980973,B Kumar,22,18,1,3.0,7.33
980973,BB Sran,17,21,2,3.5,4.86
980973,HH Pandya,10,6,0,1.0,10.0
980973,Harbhajan Singh,28,24,2,4.0,7.0
980973,JJ Bumrah,35,24,0,4.0,8.75
980973,KA Pollard,22,12,0,2.0,11.0
980973,KH Pandya,5,6,0,1.0,5.0
980973,MC Henriques,18,24,1,4.0,4.5
980973,MJ McClenaghan,37,24,1,4.0,9.25
980973,Mustafizur Rahman,14,18,3,3.0,4.67
980973,TG Southee,35,24,0,4.0,8.75
980975,AD Russell,16,18,1,3.0,5.33
980975,DJ Bravo,37,24,0,4.0,9.25
980975,DR Smith,13,12,1,2.0,6.5
980975,DS Kulkarni,29,24,1,4.0,7.25
980975,GB Hogg,19,12,1,2.0,9.5
980975,M Morkel,38,24,0,4.0,9.5
980975,P Kumar,19,24,2,4.0,4.75
980975,PP Chawla,30,24,2,4.0,7.5
980975,PV Tambe,15,12,0,2.0,7.5
980975,RA Jadeja,25,18,0,3.0,8.33
980975,S Kaushik,14,6,0,1.0,14.0
980975,Shakib Al Hasan,38,18,1,3.0,12.67
980975,UT Yadav,18,12,0,2.0,9.0
980977,AR Patel,27,24,1,4.0,6.75
980977,Anureet Singh,15,18,0,3.0,5.0
980977,CJ Jordan,51,24,0,4.0,12.75
980977,Iqbal Abdulla,26,18,0,3.0,8.67
980977,KC Cariappa,16,18,2,3.0,5.33
980977,MM Sharma,30,18,0,3.0,10.0
980977,MP Stoinis,35,18,0,3.0,11.67
980977,SR Watson,22,24,2,4.0,5.5
980977,STR Binny,15,12,0,2.0,7.5
980977,Sandeep Sharma,48,24,3,4.0,12.0
980977,VR Aaron,25,18,0,3.0,8.33
980977,YS Chahal,30,24,2,4.0,7.5
980979,A Nehra,29,24,5,4.0,7.25
980979,A Zampa,19,24,6,4.0,4.75
980979,AB Dinda,25,24,0,4.0,6.25
980979,B Kumar,19,24,1,4.0,4.75
980979,BB Sran,26,24,1,4.0,6.5
980979,MC Henriques,20,18,1,3.0,6.67
980979,Mustafizur Rahman,26,24,0,4.0,6.5
980979,NLTC Perera,26,12,0,2.0,13.0
980979,R Ashwin,14,24,1,4.0,3.5
980979,R Bhatia,26,18,0,3.0,8.67
980979,RP Singh,22,18,1,3.0,7.33
980979,Yuvraj Singh,10,6,0,1.0,10.0
980981,CJ Jordan,33,18,0,3.0,11.0
980981,Harbhajan Singh,19,18,0,3.0,6.33
980981,JJ Bumrah,28,24,1,4.0,7.0
980981,KA Pollard,22,6,0,1.0,22.0
980981,KH Pandya,15,24,1,4.0,3.75
980981,MJ McClenaghan,34,24,1,4.0,8.5
980981,S Aravind,23,24,1,4.0,5.75
980981,SR Watson,35,18,0,3.0,11.67
980981,STR Binny,2,6,0,1.0,2.0
980981,TG Southee,26,24,1,4.0,6.5
980981,VR Aaron,32,22,2,3.6666666666666665,8.73
980981,YS Chahal,16,24,1,4.0,4.0
980983,A Mishra,19,18,2,3.0,6.33
980983,A Nehra,23,18,1,3.0,7.67
980983,B Kumar,30,24,0,4.0,7.5
980983,BB Sran,21,12,0,2.0,10.5
980983,CH Morris,18,24,2,4.0,4.5
980983,DJ Hooda,5,6,0,1.0,5.0
980983,J Yadav,31,24,1,4.0,7.75
980983,JP Duminy,18,12,0,2.0,9.0
980983,MC Henriques,19,18,2,3.0,6.33
980983,Mohammed Shami,26,18,1,3.0,8.67
980983,Mustafizur Rahman,38,24,0,4.0,9.5
980983,NM Coulter-Nile,18,24,2,4.0,4.5
980983,Yuvraj Singh,11,7,0,1.1666666666666667,9.43
980985,AR Patel,30,24,1,4.0,7.5
980985,Harbhajan Singh,29,24,0,4.0,7.25
980985,JJ Bumrah,12,12,0,2.0,6.0
980985,KC Cariappa,35,24,0,4.0,8.75
980985,KH Pandya,32,24,0,4.0,8.0
980985,MJ McClenaghan,22,18,2,3.0,7.33
980985,MM Sharma,25,24,2,4.0,6.25
980985,MP Stoinis,15,24,4,4.0,3.75
980985,Sandeep Sharma,11,24,2,4.0,2.75
980985,TG Southee,21,24,1,4.0,5.25
980987,CH Gayle,2,12,0,2.0,1.0
980987,CJ Jordan,9,18,4,3.0,3.0
980987,DJ Bravo,41,18,0,3.0,13.67
980987,DR Smith,13,6,0,1.0,13.0
980987,DS Kulkarni,33,18,1,3.0,11.0
980987,P Kumar,45,24,2,4.0,11.25
980987,PV Tambe,25,12,0,2.0,12.5
980987,RA Jadeja,34,24,0,4.0,8.5
980987,S Aravind,15,18,1,3.0,5.0
980987,S Kaushik,49,18,0,3.0,16.33
980987,SR Watson,2,6,0,1.0,2.0
980987,STR Binny,13,12,0,2.0,6.5
980987,Sachin Baby,4,4,2,0.6666666666666666,6.0
980987,V Kohli,10,6,0,1.0,10.0
980987,VR Aaron,17,12,0,2.0,8.5
980987,YS Chahal,19,24,3,4.0,4.75
980989,A Zampa,3,6,0,1.0,3.0
980989,AB Dinda,13,6,0,1.0,13.0
980989,AD Russell,11,12,1,2.0,5.5
980989,AS Rajpoot,13,12,1,2.0,6.5
980989,M Ashwin,11,6,0,1.0,11.0
980989,M Morkel,21,18,0,3.0,7.0
980989,PP Chawla,21,24,2,4.0,5.25
980989,R Ashwin,29,12,1,2.0,14.5
980989,SP Narine,10,22,1,3.6666666666666665,2.73
980989,Shakib Al Hasan,21,18,1,3.0,7.0
980991,A Nehra,35,17,0,2.8333333333333335,12.35
980991,AR Patel,26,24,1,4.0,6.5
980991,Anureet Singh,20,18,1,3.0,6.67
980991,B Kumar,32,24,2,4.0,8.0
980991,BCJ Cutting,11,7,0,1.1666666666666667,9.43
980991,GJ Maxwell,11,6,0,1.0,11.0
980991,KV Sharma,26,24,0,4.0,6.5
980991,M Vijay,7,6,0,1.0,7.0
980991,MC Henriques,29,18,1,3.0,9.67
980991,MM Sharma,39,22,0,3.6666666666666665,10.64
980991,MP Stoinis,27,18,0,3.0,9.0
980991,Mustafizur Rahman,32,24,1,4.0,8.0
980991,Sandeep Sharma,35,24,1,4.0,8.75
980991,Yuvraj Singh,11,6,0,1.0,11.0
980993,A Mishra,42,24,1,4.0,10.5
980993,CH Morris,34,24,2,4.0,8.5
980993,Harbhajan Singh,34,24,1,4.0,8.5
980993,Imran Tahir,59,24,0,4.0,14.75
980993,JJ Bumrah,13,24,3,4.0,3.25
980993,KH Pandya,14,13,3,2.1666666666666665,6.46
980993,MJ McClenaghan,26,24,1,4.0,6.5
980993,N Rana,3,6,0,1.0,3.0
980993,R Vinay Kumar,33,24,2,4.0,8.25
980993,S Nadeem,42,24,0,4.0,10.5
980993,Z Khan,22,24,1,4.0,5.5
980995,AD Russell,32,15,0,2.5,12.8
980995,AS Rajpoot,26,18,0,3.0,8.67
980995,CJ Jordan,21,18,0,3.0,7.0
980995,Iqbal Abdulla,21,24,2,4.0,5.25
980995,M Morkel,20,12,0,2.0,10.0
980995,PP Chawla,32,19,0,3.1666666666666665,10.11
980995,S Aravind,41,24,2,4.0,10.25
980995,SP Narine,34,24,1,4.0,8.5
980995,SR Watson,44,24,0,4.0,11.0
980995,STR Binny,8,6,0,1.0,8.0
980995,Shakib Al Hasan,38,24,0,4.0,9.5
980995,YS Chahal,36,24,1,4.0,9.0
980997,A Mishra,10,12,0,2.0,5.0
980997,A Zampa,21,24,3,4.0,5.25
980997,AB Dinda,20,24,3,4.0,5.0
980997,CH Morris,10,12,1,2.0,5.0
980997,DL Chahar,13,12,0,2.0,6.5
980997,IK Pathan,17,18,0,3.0,5.67
980997,Mohammed Shami,12,6,0,1.0,12.0
980997,NLTC Perera,27,18,0,3.0,9.0
980997,NM Coulter-Nile,20,18,0,3.0,6.67
980997,R Ashwin,21,24,0,4.0,5.25
980997,Z Khan,17,18,0,3.0,5.67
980999,AR Patel,43,18,1,3.0,14.33
980999,CH Gayle,25,18,0,3.0,8.33
980999,CJ Jordan,12,6,0,1.0,12.0
980999,KC Cariappa,48,18,0,3.0,16.0
980999,KJ Abbott,43,18,1,3.0,14.33
980999,MM Sharma,33,18,0,3.0,11.0
980999,S Aravind,16,12,2,2.0,8.0
980999,SR Watson,5,12,2,2.0,2.5
980999,STR Binny,11,6,0,1.0,11.0
980999,Sachin Baby,4,6,1,1.0,4.0
980999,Sandeep Sharma,29,18,1,3.0,9.67
980999,VR Aaron,16,6,0,1.0,16.0
980999,YS Chahal,25,18,4,3.0,8.33
981001,AS Rajpoot,27,18,1,3.0,9.0
981001,DJ Bravo,28,24,1,4.0,7.0
981001,DR Smith,7,24,4,4.0,1.75
981001,DS Kulkarni,33,24,2,4.0,8.25
981001,JO Holder,13,12,0,2.0,6.5
981001,M Morkel,38,21,1,3.5,10.86
981001,P Kumar,10,12,0,2.0,5.0
981001,RA Jadeja,17,12,0,2.0,8.5
981001,SB Jakati,22,24,1,4.0,5.5
981001,SP Narine,24,24,2,4.0,6.0
981001,YK Pathan,6,6,0,1.0,6.0
981003,A Mishra,21,18,1,3.0,7.0
981003,B Kumar,26,24,0,4.0,6.5
981003,BB Sran,33,24,2,4.0,8.25
981003,CR Brathwaite,26,24,3,4.0,6.5
981003,DJ Hooda,16,12,0,2.0,8.0
981003,J Yadav,37,24,0,4.0,9.25
981003,JP Duminy,9,6,1,1.0,9.0
981003,KV Sharma,25,18,1,3.0,8.33
981003,MC Henriques,18,12,0,2.0,9.0
981003,Mustafizur Rahman,22,24,1,4.0,5.5
981003,NM Coulter-Nile,36,24,2,4.0,9.0
981003,Yuvraj Singh,7,6,0,1.0,7.0
981003,Z Khan,26,24,0,4.0,6.5
981005,A Zampa,32,24,1,4.0,8.0
981005,AB Dinda,16,18,1,3.0,5.33
981005,AR Patel,41,24,1,4.0,10.25
981005,DL Chahar,25,18,0,3.0,8.33
981005,Gurkeerat Singh,14,12,2,2.0,7.0
981005,IK Pathan,37,24,0,4.0,9.25
981005,KJ Abbott,25,18,0,3.0,8.33
981005,MM Sharma,38,24,1,4.0,9.5
981005,NLTC Perera,24,12,1,2.0,12.0
981005,R Ashwin,34,24,4,4.0,8.5
981005,R Dhawan,20,18,1,3.0,6.67
981005,Sandeep Sharma,27,24,1,4.0,6.75
981007,DJ Bravo,20,24,2,4.0,5.0
981007,DR Smith,30,24,2,4.0,7.5
981007,DS Kulkarni,41,24,2,4.0,10.25
981007,HH Pandya,9,6,0,1.0,9.0
981007,Harbhajan Singh,36,24,1,4.0,9.0
981007,JJ Bumrah,39,24,1,4.0,9.75
981007,KH Pandya,28,12,0,2.0,14.0
981007,MJ McClenaghan,38,23,0,3.8333333333333335,9.91
981007,P Kumar,24,24,2,4.0,6.0
981007,R Vinay Kumar,17,18,2,3.0,5.67
981007,RA Jadeja,15,6,0,1.0,15.0
981007,SB Jakati,30,18,0,3.0,10.0
981009,AS Rajpoot,21,18,1,3.0,7.0
981009,B Kumar,31,24,2,4.0,7.75
981009,BB Sran,30,24,1,4.0,7.5
981009,C Munro,8,6,0,1.0,8.0
981009,DJ Hooda,16,12,2,2.0,8.0
981009,JO Holder,20,18,0,3.0,6.67
981009,KS Williamson,7,6,0,1.0,7.0
981009,KV Sharma,38,18,0,3.0,12.67
981009,Kuldeep Yadav,27,24,3,4.0,6.75
981009,MC Henriques,14,12,0,2.0,7.0
981009,Mustafizur Rahman,31,24,1,4.0,7.75
981009,SP Narine,26,24,3,4.0,6.5
981009,Shakib Al Hasan,32,24,1,4.0,8.0
981009,YK Pathan,4,6,0,1.0,4.0
981011,A Mishra,33,24,0,4.0,8.25
981011,CH Gayle,9,12,2,2.0,4.5
981011,CH Morris,26,18,1,3.0,8.67
981011,CJ Jordan,8,12,1,2.0,4.0
981011,CR Brathwaite,18,19,1,3.1666666666666665,5.68
981011,Iqbal Abdulla,14,12,0,2.0,7.0
981011,J Yadav,8,6,0,1.0,8.0
981011,P Negi,19,18,1,3.0,6.33
981011,S Aravind,28,24,1,4.0,7.0
981011,SR Watson,27,24,1,4.0,6.75
981011,STR Binny,14,12,0,2.0,7.0
981011,YS Chahal,31,24,3,4.0,7.75
981011,Z Khan,25,24,1,4.0,6.25
981013,CJ Jordan,24,24,3,4.0,6.0
981013,DJ Bravo,25,18,0,3.0,8.33
981013,DR Smith,14,6,0,1.0,14.0
981013,DS Kulkarni,14,24,4,4.0,3.5
981013,Iqbal Abdulla,37,24,2,4.0,9.25
981013,P Kumar,26,20,0,3.3333333333333335,7.8
981013,RA Jadeja,21,24,2,4.0,5.25
981013,S Aravind,13,18,0,3.0,4.33
981013,SB Jakati,42,18,0,3.0,14.0
981013,SR Watson,27,24,4,4.0,6.75
981013,STR Binny,4,6,0,1.0,4.0
981013,YS Chahal,42,24,1,4.0,10.5
981015,B Kumar,19,24,3,4.0,4.75
981015,BB Sran,29,18,1,3.0,9.67
981015,BCJ Cutting,14,18,1,3.0,4.67
981015,Bipul Sharma,16,12,0,2.0,8.0
981015,DJ Hooda,8,6,0,1.0,8.0
981015,JO Holder,31,24,3,4.0,7.75
981015,Kuldeep Yadav,35,24,3,4.0,8.75
981015,M Morkel,31,24,2,4.0,7.75
981015,MC Henriques,17,18,3,3.0,5.67
981015,Mustafizur Rahman,28,24,0,4.0,7.0
981015,R Sathish,9,6,0,1.0,9.0
981015,SP Narine,33,24,0,4.0,8.25
981015,YK Pathan,17,18,0,3.0,5.67
981017,B Kumar,25,24,2,4.0,6.25
981017,BB Sran,27,18,0,3.0,9.0
981017,BCJ Cutting,20,18,2,3.0,6.67
981017,Bipul Sharma,21,18,2,3.0,7.0
981017,DJ Bravo,32,24,2,4.0,8.0
981017,DR Smith,29,12,1,2.0,14.5
981017,DS Kulkarni,32,24,1,4.0,8.0
981017,MC Henriques,27,18,0,3.0,9.0
981017,P Kumar,31,20,0,3.3333333333333335,9.3
981017,S Kaushik,22,24,2,4.0,5.5
981017,SK Raina,15,12,0,2.0,7.5
981017,TA Boult,37,24,1,4.0,9.25
981019,B Kumar,24,24,1,4.0,6.0
981019,BB Sran,39,18,1,3.0,13.0
981019,BCJ Cutting,34,24,2,4.0,8.5
981019,Bipul Sharma,17,12,1,2.0,8.5
981019,CH Gayle,21,18,0,3.0,7.0
981019,CJ Jordan,39,24,3,4.0,9.75
981019,Iqbal Abdulla,10,6,0,1.0,10.0
981019,MC Henriques,40,18,0,3.0,13.33
981019,Mustafizur Rahman,37,24,2,4.0,9.25
981019,S Aravind,30,24,2,4.0,7.5
981019,SR Watson,59,24,1,4.0,14.75
981019,YS Chahal,35,24,1,4.0,8.75
1082591,A Choudhary,51,24,1,4.0,12.75
1082591,A Nehra,41,24,2,4.0,10.25
1082591,B Kumar,26,24,2,4.0,6.5
1082591,BCJ Cutting,33,22,1,3.6666666666666665,9.0
1082591,Bipul Sharma,4,6,1,1.0,4.0
1082591,DJ Hooda,7,6,1,1.0,7.0
1082591,MC Henriques,18,12,1,2.0,9.0
1082591,Rashid Khan,36,24,2,4.0,9.0
1082591,S Aravind,36,18,0,3.0,12.0
1082591,SR Watson,41,18,0,3.0,13.67
1082591,STR Binny,10,6,1,1.0,10.0
1082591,TM Head,11,6,0,1.0,11.0
1082591,TS Mills,29,24,1,4.0,7.25
1082591,YS Chahal,22,24,1,4.0,5.5
1082592,A Zampa,25,18,1,3.0,8.33
1082592,AB Dinda,54,24,0,4.0,13.5
1082592,BA Stokes,34,24,1,4.0,8.5
1082592,DL Chahar,21,12,0,2.0,10.5
1082592,HH Pandya,36,24,1,4.0,9.0
1082592,Imran Tahir,28,24,3,4.0,7.0
1082592,JJ Bumrah,29,24,0,4.0,7.25
1082592,KA Pollard,29,11,0,1.8333333333333335,15.82
1082592,KH Pandya,21,12,0,2.0,10.5
1082592,MJ McClenaghan,36,24,1,4.0,9.0
1082592,R Bhatia,14,18,2,3.0,4.67
1082592,TG Southee,32,24,1,4.0,8.0
1082593,CR Woakes,35,18,0,3.0,11.67
1082593,DR Smith,23,6,0,1.0,23.0
1082593,DS Kulkarni,40,17,0,2.8333333333333335,14.12
1082593,Kuldeep Yadav,25,24,2,4.0,6.25
1082593,MS Gony,29,12,0,2.0,14.5
1082593,P Kumar,13,12,0,2.0,6.5
1082593,PP Chawla,32,24,1,4.0,8.0
1082593,S Kaushik,40,24,0,4.0,10.0
1082593,SB Jakati,24,18,0,3.0,8.0
1082593,SP Narine,33,24,0,4.0,8.25
1082593,TA Boult,39,24,1,4.0,9.75
1082593,YK Pathan,15,6,0,1.0,15.0
1082594,AB Dinda,26,18,1,3.0,8.67
1082594,AR Patel,25,24,1,4.0,6.25
1082594,BA Stokes,31,24,0,4.0,7.75
1082594,DT Christian,22,12,0,2.0,11.0
1082594,Imran Tahir,29,24,2,4.0,7.25
1082594,MM Sharma,34,24,0,4.0,8.5
1082594,MP Stoinis,25,18,1,3.0,8.33
1082594,R Bhatia,18,12,0,2.0,9.0
1082594,RD Chahar,28,24,1,4.0,7.0
1082594,Sandeep Sharma,33,24,2,4.0,8.25
1082594,Swapnil Singh,14,12,1,2.0,7.0
1082594,T Natarajan,26,18,1,3.0,8.67
1082595,A Mishra,32,12,0,2.0,16.0
1082595,B Stanlake,28,24,2,4.0,7.0
1082595,CH Morris,21,24,3,4.0,5.25
1082595,CR Brathwaite,28,12,0,2.0,14.0
1082595,Iqbal Abdulla,33,18,2,3.0,11.0
1082595,P Negi,3,6,2,1.0,3.0
1082595,PJ Cummins,28,24,1,4.0,7.0
1082595,S Nadeem,12,24,1,4.0,3.0
1082595,SR Watson,21,24,1,4.0,5.25
1082595,TS Mills,33,24,1,4.0,8.25
1082595,YS Chahal,19,24,1,4.0,4.75
1082595,Z Khan,30,24,3,4.0,7.5
1082596,A Nehra,27,24,2,4.0,6.75
1082596,B Kumar,21,24,2,4.0,5.25
1082596,BCJ Cutting,29,18,0,3.0,9.67
1082596,Basil Thampi,19,12,0,2.0,9.5
1082596,Bipul Sharma,24,24,0,4.0,6.0
1082596,DS Kulkarni,17,12,0,2.0,8.5
1082596,MC Henriques,12,6,0,1.0,12.0
1082596,P Kumar,16,12,1,2.0,8.0
1082596,Rashid Khan,19,24,3,4.0,4.75
1082596,S Kaushik,28,24,0,4.0,7.0
1082596,SK Raina,24,12,0,2.0,12.0
1082596,Tejas Baroka,33,21,0,3.5,9.43
1082597,AS Rajpoot,36,24,3,4.0,9.0
1082597,CR Woakes,30,24,1,4.0,7.5
1082597,Harbhajan Singh,27,24,0,4.0,6.75
1082597,JJ Bumrah,35,24,1,4.0,8.75
1082597,KH Pandya,24,24,3,4.0,6.0
1082597,Kuldeep Yadav,34,24,1,4.0,8.5
1082597,MJ McClenaghan,43,24,1,4.0,10.75
1082597,SL Malinga,34,24,2,4.0,8.5
1082597,SP Narine,22,24,1,4.0,5.5
1082597,TA Boult,46,23,0,3.8333333333333335,12.0
1082598,AR Patel,12,24,1,4.0,3.0
1082598,B Stanlake,40,24,0,4.0,10.0
1082598,Iqbal Abdulla,18,12,0,2.0,9.0
1082598,MM Sharma,47,24,0,4.0,11.75
1082598,MP Stoinis,27,18,0,3.0,9.0
1082598,P Negi,7,6,0,1.0,7.0
1082598,SR Watson,28,12,0,2.0,14.0
1082598,Sandeep Sharma,25,24,1,4.0,6.25
1082598,T Natarajan,12,6,0,1.0,12.0
1082598,TS Mills,22,12,1,2.0,11.0
1082598,VR Aaron,21,24,2,4.0,5.25
1082598,YS Chahal,29,21,1,3.5,8.29
1082599,A Mishra,11,18,3,3.0,3.67
1082599,A Zampa,45,24,1,4.0,11.25
1082599,AB Dinda,34,18,0,3.0,11.33
1082599,BA Stokes,41,24,1,4.0,10.25
1082599,CH Morris,18,12,1,2.0,9.0
1082599,CJ Anderson,10,6,0,1.0,10.0
1082599,DL Chahar,33,18,1,3.0,11.0
1082599,Imran Tahir,23,24,1,4.0,5.75
1082599,PJ Cummins,23,19,2,3.1666666666666665,7.26
1082599,R Bhatia,21,12,0,2.0,10.5
1082599,S Nadeem,22,24,1,4.0,5.5
1082599,Z Khan,19,18,3,3.0,6.33
1082600,A Nehra,46,24,1,4.0,11.5
1082600,B Kumar,21,24,3,4.0,5.25
1082600,BCJ Cutting,18,12,0,2.0,9.0
1082600,DJ Hooda,18,12,1,2.0,9.0
1082600,HH Pandya,19,18,1,3.0,6.33
1082600,Harbhajan Singh,23,24,2,4.0,5.75
1082600,JJ Bumrah,24,24,3,4.0,6.0
1082600,KH Pandya,9,6,0,1.0,9.0
1082600,MJ McClenaghan,42,24,1,4.0,10.5
1082600,Mustafizur Rahman,33,16,0,2.6666666666666665,12.38
1082600,Rashid Khan,19,24,1,4.0,4.75
1082600,SL Malinga,29,24,1,4.0,7.25
1082601,AR Patel,36,24,1,4.0,9.0
1082601,C de Grandhomme,7,12,1,2.0,3.5
1082601,CR Woakes,28,18,2,3.0,9.33
1082601,GJ Maxwell,18,6,0,1.0,18.0
1082601,I Sharma,14,12,0,2.0,7.0
1082601,MM Sharma,30,18,0,3.0,10.0
1082601,MP Stoinis,14,9,0,1.5,9.33
1082601,PP Chawla,36,18,1,3.0,12.0
1082601,SP Narine,11,24,1,4.0,2.75
1082601,Sandeep Sharma,27,18,0,3.0,9.0
1082601,TA Boult,36,24,0,4.0,9.0
1082601,UT Yadav,30,24,4,4.0,7.5
1082601,VR Aaron,21,12,1,2.0,10.5
1082602,HH Pandya,9,12,1,2.0,4.5
1082602,Harbhajan Singh,23,24,0,4.0,5.75
1082602,JJ Bumrah,37,24,1,4.0,9.25
1082602,KH Pandya,21,24,1,4.0,5.25
1082602,MJ McClenaghan,19,24,2,4.0,4.75
1082602,P Negi,26,12,0,2.0,13.0
1082602,S Aravind,20,24,0,4.0,5.0
1082602,S Badree,7,24,4,4.0,1.75
1082602,STR Binny,13,12,1,2.0,6.5
1082602,TG Southee,21,12,0,2.0,10.5
1082602,TS Mills,35,23,0,3.8333333333333335,9.13
1082602,YS Chahal,31,18,1,3.0,10.33
1082603,AJ Tye,16,24,5,4.0,4.0
1082603,Ankit Sharma,16,6,0,1.0,16.0
1082603,BA Stokes,17,18,0,3.0,5.67
1082603,Basil Thampi,21,18,0,3.0,7.0
1082603,DR Smith,10,12,1,2.0,5.0
1082603,Imran Tahir,53,24,1,4.0,13.25
1082603,LH Ferguson,42,24,0,4.0,10.5
1082603,P Kumar,48,24,1,4.0,12.0
1082603,RA Jadeja,40,24,1,4.0,10.0
1082603,RD Chahar,26,18,1,3.0,8.67
1082603,SB Jakati,22,12,0,2.0,11.0
1082603,SK Raina,9,6,0,1.0,9.0
1082603,SN Thakur,13,18,1,3.0,4.33
1082604,A Nehra,32,24,1,4.0,8.0
1082604,B Kumar,20,24,3,4.0,5.0
1082604,BCJ Cutting,40,24,1,4.0,10.0
1082604,Bipul Sharma,19,12,0,2.0,9.5
1082604,CR Woakes,46,24,2,4.0,11.5
1082604,Kuldeep Yadav,23,24,1,4.0,5.75
1082604,MC Henriques,21,12,0,2.0,10.5
1082604,Rashid Khan,29,24,1,4.0,7.25
1082604,SP Narine,18,24,1,4.0,4.5
1082604,TA Boult,33,24,1,4.0,8.25
1082604,UT Yadav,26,18,0,3.0,8.67
1082604,YK Pathan,2,6,1,1.0,2.0
1082605,A Mishra,16,18,1,3.0,5.33
1082605,AR Patel,33,24,1,4.0,8.25
1082605,CH Morris,22,24,3,4.0,5.5
1082605,CJ Anderson,23,18,1,3.0,7.67
1082605,GJ Maxwell,7,6,0,1.0,7.0
1082605,KC Cariappa,22,18,1,3.0,7.33
1082605,MM Sharma,35,24,1,4.0,8.75
1082605,PJ Cummins,23,24,2,4.0,5.75
1082605,S Nadeem,13,12,2,2.0,6.5
1082605,Sandeep Sharma,41,24,1,4.0,10.25
1082605,VR Aaron,39,24,2,4.0,9.75
1082605,Z Khan,38,24,0,4.0,9.5
1082606,AJ Tye,33,24,2,4.0,8.25
1082606,Basil Thampi,33,24,0,4.0,8.25
1082606,DR Smith,11,6,0,1.0,11.0
1082606,HH Pandya,15,6,0,1.0,15.0
1082606,Harbhajan Singh,22,24,1,4.0,5.5
1082606,JJ Bumrah,40,24,0,4.0,10.0
1082606,KH Pandya,18,18,0,3.0,6.0
1082606,MJ McClenaghan,22,24,2,4.0,5.5
1082606,MM Patel,35,24,1,4.0,8.75
1082606,P Kumar,18,15,1,2.5,7.2
1082606,RA Jadeja,34,24,0,4.0,8.5
1082606,SL Malinga,40,24,1,4.0,10.0
1082607,AF Milne,27,24,3,4.0,6.75
1082607,BA Stokes,17,24,3,4.0,4.25
1082607,DT Christian,25,24,0,4.0,6.25
1082607,Imran Tahir,25,24,1,4.0,6.25
1082607,JD Unadkat,24,24,2,4.0,6.0
1082607,P Negi,11,18,1,3.0,3.67
1082607,S Aravind,28,24,2,4.0,7.0
1082607,S Badree,32,24,1,4.0,8.0
1082607,SN Thakur,35,24,3,4.0,8.75
1082607,SR Watson,42,24,1,4.0,10.5
1082607,YS Chahal,8,6,0,1.0,8.0
1082608,A Mishra,25,17,1,2.8333333333333335,8.82
1082608,AD Mathews,15,12,0,2.0,7.5
1082608,C de Grandhomme,12,6,0,1.0,12.0
1082608,CH Morris,30,24,1,4.0,7.5
1082608,CR Woakes,31,24,1,4.0,7.75
1082608,Kuldeep Yadav,29,18,0,3.0,9.67
1082608,Mohammed Shami,22,18,0,3.0,7.33
1082608,NM Coulter-Nile,21,24,3,4.0,5.25
1082608,PJ Cummins,38,24,2,4.0,9.5
1082608,SP Narine,19,24,2,4.0,4.75
1082608,UT Yadav,53,24,1,4.0,13.25
1082608,Z Khan,28,24,2,4.0,7.0
1082609,AR Patel,32,24,2,4.0,8.0
1082609,B Kumar,17,24,5,4.0,4.25
1082609,BB Sran,28,12,0,2.0,14.0
1082609,I Sharma,19,24,0,4.0,4.75
1082609,KC Cariappa,37,24,1,4.0,9.25
1082609,MC Henriques,6,12,1,2.0,3.0
1082609,MM Sharma,25,24,2,4.0,6.25
1082609,Mohammad Nabi,28,24,1,4.0,7.0
1082609,Rashid Khan,41,24,2,4.0,10.25
1082609,S Kaul,23,22,1,3.6666666666666665,6.27
1082609,Sandeep Sharma,35,24,1,4.0,8.75
1082610,AF Milne,40,24,1,4.0,10.0
1082610,AJ Tye,34,24,0,4.0,8.5
1082610,Basil Thampi,31,24,1,4.0,7.75
1082610,DR Smith,16,6,0,1.0,16.0
1082610,DS Kulkarni,36,24,1,4.0,9.0
1082610,P Negi,20,24,1,4.0,5.0
1082610,RA Jadeja,57,24,0,4.0,14.25
1082610,S Aravind,52,24,1,4.0,13.0
1082610,S Kaushik,35,18,0,3.0,11.67
1082610,SR Watson,24,12,0,2.0,12.0
1082610,TM Head,18,12,1,2.0,9.0
1082610,YS Chahal,30,24,3,4.0,7.5
1082611,A Mishra,33,18,0,3.0,11.0
1082611,AD Mathews,40,18,0,3.0,13.33
1082611,B Kumar,28,24,0,4.0,7.0
1082611,CH Morris,26,24,4,4.0,6.5
1082611,J Yadav,14,12,0,2.0,7.0
1082611,MC Henriques,31,18,0,3.0,10.33
1082611,Mohammed Siraj,39,24,2,4.0,9.75
1082611,PJ Cummins,36,24,0,4.0,9.0
1082611,Rashid Khan,33,24,0,4.0,8.25
1082611,S Kaul,32,24,1,4.0,8.0
1082611,Yuvraj Singh,6,6,2,1.0,6.0
1082611,Z Khan,37,24,0,4.0,9.25
1082612,AR Patel,19,12,0,2.0,9.5
1082612,HH Pandya,18,12,0,2.0,9.0
1082612,Harbhajan Singh,12,12,0,2.0,6.0
1082612,I Sharma,58,24,0,4.0,14.5
1082612,JJ Bumrah,26,24,1,4.0,6.5
1082612,KH Pandya,27,24,1,4.0,6.75
1082612,MJ McClenaghan,41,24,2,4.0,10.25
1082612,MM Sharma,28,15,1,2.5,11.2
1082612,MP Stoinis,27,12,1,2.0,13.5
1082612,SL Malinga,56,24,0,4.0,14.0
1082612,Sandeep Sharma,37,18,0,3.0,12.33
1082612,Swapnil Singh,22,12,0,2.0,11.0
1082613,Basil Thampi,44,24,2,4.0,11.0
1082613,CR Woakes,20,12,1,2.0,10.0
1082613,DR Smith,13,12,0,2.0,6.5
1082613,DS Kulkarni,23,12,0,2.0,11.5
1082613,JP Faulkner,38,24,1,4.0,9.5
1082613,Kuldeep Yadav,33,24,2,4.0,8.25
1082613,NM Coulter-Nile,40,20,2,3.3333333333333335,12.0
1082613,P Kumar,24,12,1,2.0,12.0
1082613,RA Jadeja,31,24,0,4.0,7.75
1082613,SK Raina,11,12,1,2.0,5.5
1082613,SP Narine,42,24,0,4.0,10.5
1082613,Shakib Al Hasan,31,18,0,3.0,10.33
1082613,UT Yadav,17,12,1,2.0,8.5
1082614,A Mishra,17,24,2,4.0,4.25
1082614,CH Morris,32,24,2,4.0,8.0
1082614,HH Pandya,21,18,1,3.0,7.0
1082614,Harbhajan Singh,26,24,0,4.0,6.5
1082614,JJ Bumrah,20,24,2,4.0,5.0
1082614,K Rabada,23,24,2,4.0,5.75
1082614,KH Pandya,8,6,0,1.0,8.0
1082614,MG Johnson,22,24,1,4.0,5.5
1082614,MJ McClenaghan,23,24,3,4.0,5.75
1082614,PJ Cummins,19,24,2,4.0,4.75
1082614,Z Khan,35,24,0,4.0,8.75
1082615,B Kumar,38,24,1,4.0,9.5
1082615,BA Stokes,19,12,0,2.0,9.5
1082615,Bipul Sharma,30,24,1,4.0,7.5
1082615,DT Christian,20,24,1,4.0,5.0
1082615,Imran Tahir,16,18,1,3.0,5.33
1082615,JD Unadkat,41,24,1,4.0,10.25
1082615,MC Henriques,4,6,0,1.0,4.0
1082615,Mohammed Siraj,42,24,0,4.0,10.5
1082615,Rashid Khan,17,24,2,4.0,4.25
1082615,S Kaul,45,18,0,3.0,15.0
1082615,SN Thakur,49,24,0,4.0,12.25
1082615,Washington Sundar,17,18,0,3.0,5.67
1082616,AJ Tye,35,24,2,4.0,8.75
1082616,AR Patel,36,24,2,4.0,9.0
1082616,Basil Thampi,43,24,1,4.0,10.75
1082616,DR Smith,18,6,1,1.0,18.0
1082616,KC Cariappa,24,24,2,4.0,6.0
1082616,MM Sharma,24,24,1,4.0,6.0
1082616,MP Stoinis,11,6,0,1.0,11.0
1082616,NB Singh,7,12,1,2.0,3.5
1082616,RA Jadeja,32,24,1,4.0,8.0
1082616,SK Raina,6,6,0,1.0,6.0
1082616,SS Agarwal,42,24,1,4.0,10.5
1082616,Sandeep Sharma,40,24,2,4.0,10.0
1082616,T Natarajan,20,18,0,3.0,6.67
1082617,C de Grandhomme,4,10,3,1.6666666666666665,2.4
1082617,CR Woakes,5,12,3,2.0,2.5
1082617,NM Coulter-Nile,18,18,3,3.0,6.0
1082617,P Negi,14,18,2,3.0,4.67
1082617,S Aravind,27,21,1,3.5,7.71
1082617,S Badree,33,24,1,4.0,8.25
1082617,STR Binny,9,6,1,1.0,9.0
1082617,TS Mills,25,24,2,4.0,6.25
1082617,UT Yadav,15,18,1,3.0,5.0
1082617,YS Chahal,15,24,2,4.0,3.75
1082618,BA Stokes,20,24,2,4.0,5.0
1082618,DT Christian,6,6,1,1.0,6.0
1082618,Harbhajan Singh,20,24,1,4.0,5.0
1082618,Imran Tahir,32,24,1,4.0,8.0
1082618,JD Unadkat,39,24,3,4.0,9.75
1082618,JJ Bumrah,29,24,2,4.0,7.25
1082618,KV Sharma,39,24,2,4.0,9.75
1082618,MG Johnson,33,24,1,4.0,8.25
1082618,MJ McClenaghan,35,24,0,4.0,8.75
1082618,SN Thakur,28,18,0,3.0,9.33
1082618,Washington Sundar,26,24,1,4.0,6.5
1082620,C de Grandhomme,14,12,0,2.0,7.0
1082620,CR Woakes,37,18,0,3.0,12.33
1082620,DT Christian,29,24,1,4.0,7.25
1082620,Imran Tahir,48,24,0,4.0,12.0
1082620,JD Unadkat,25,18,1,3.0,8.33
1082620,Kuldeep Yadav,31,24,2,4.0,7.75
1082620,PP Chawla,36,24,1,4.0,9.0
1082620,RA Tripathi,12,6,0,1.0,12.0
1082620,SN Thakur,25,19,0,3.1666666666666665,7.89
1082620,SP Narine,33,24,1,4.0,8.25
1082620,UT Yadav,24,18,1,3.0,8.0
1082620,Washington Sundar,32,18,1,3.0,10.67
1082621,A Choudhary,19,12,0,2.0,9.5
1082621,AJ Tye,12,24,3,4.0,3.0
1082621,Ankit Soni,27,18,2,3.0,9.0
1082621,Basil Thampi,33,24,1,4.0,8.25
1082621,JP Faulkner,15,18,2,3.0,5.0
1082621,NB Singh,7,12,0,2.0,3.5
1082621,P Negi,23,12,1,2.0,11.5
1082621,RA Jadeja,28,24,2,4.0,7.0
1082621,S Aravind,17,18,0,3.0,5.67
1082621,S Badree,29,18,2,3.0,9.67
1082621,TM Head,11,5,0,0.8333333333333334,13.2
1082621,YS Chahal,28,18,0,3.0,9.33
1082622,A Mishra,36,18,0,3.0,12.0
1082622,C de Grandhomme,15,6,0,1.0,15.0
1082622,CH Morris,39,18,0,3.0,13.0
1082622,CJ Anderson,27,17,1,2.8333333333333335,9.53
1082622,CR Woakes,20,18,0,3.0,6.67
1082622,K Rabada,19,20,2,3.3333333333333335,5.7
1082622,Kuldeep Yadav,27,24,0,4.0,6.75
1082622,NM Coulter-Nile,34,24,3,4.0,8.5
1082622,PJ Cummins,22,18,0,3.0,7.33
1082622,SP Narine,20,24,2,4.0,5.0
1082622,UT Yadav,37,24,1,4.0,9.25
1082622,Z Khan,8,7,0,1.1666666666666667,6.86
1082623,A Nehra,42,24,3,4.0,10.5
1082623,AR Patel,34,18,0,3.0,11.33
1082623,Anureet Singh,26,12,0,2.0,13.0
1082623,B Kumar,27,24,2,4.0,6.75
1082623,DJ Hooda,17,6,0,1.0,17.0
1082623,GJ Maxwell,29,24,2,4.0,7.25
1082623,I Sharma,41,24,0,4.0,10.25
1082623,KC Cariappa,40,24,0,4.0,10.0
1082623,MC Henriques,39,18,0,3.0,13.0
1082623,MM Sharma,34,18,1,3.0,11.33
1082623,Rashid Khan,16,24,1,4.0,4.0
1082623,S Kaul,35,24,3,4.0,8.75
1082624,AF Milne,33,24,0,4.0,8.25
1082624,DL Chahar,18,12,0,2.0,9.0
1082624,DT Christian,25,24,1,4.0,6.25
1082624,Imran Tahir,18,24,3,4.0,4.5
1082624,JD Unadkat,18,24,1,4.0,4.5
1082624,LH Ferguson,6,24,3,4.0,1.5
1082624,P Negi,17,24,1,4.0,4.25
1082624,S Aravind,30,24,0,4.0,7.5
1082624,S Badree,31,24,1,4.0,7.75
1082624,STR Binny,17,12,1,2.0,8.5
1082624,Washington Sundar,7,12,1,2.0,3.5
1082624,YS Chahal,25,12,0,2.0,12.5
1082626,A Mishra,9,6,0,1.0,9.0
1082626,AR Patel,20,24,2,4.0,5.0
1082626,CH Morris,13,12,0,2.0,6.5
1082626,GJ Maxwell,12,24,1,4.0,3.0
1082626,K Rabada,17,12,0,2.0,8.5
1082626,MM Sharma,3,7,1,1.1666666666666667,2.57
1082626,Mohammed Shami,18,12,0,2.0,9.0
1082626,S Nadeem,9,5,0,0.8333333333333334,10.8
1082626,Sandeep Sharma,18,24,4,4.0,4.5
1082626,T Natarajan,6,12,0,2.0,3.0
1082626,VR Aaron,3,12,2,2.0,1.5
1082627,B Kumar,29,24,2,4.0,7.25
1082627,Bipul Sharma,9,6,0,1.0,9.0
1082627,CR Woakes,45,24,2,4.0,11.25
1082627,Kuldeep Yadav,40,24,0,4.0,10.0
1082627,MC Henriques,31,18,0,3.0,10.33
1082627,Mohammed Siraj,26,24,2,4.0,6.5
1082627,NM Coulter-Nile,33,24,1,4.0,8.25
1082627,Rashid Khan,35,24,1,4.0,8.75
1082627,S Kaul,26,24,2,4.0,6.5
1082627,SP Narine,36,18,0,3.0,12.0
1082627,UT Yadav,30,24,0,4.0,7.5
1082627,YK Pathan,17,6,0,1.0,17.0
1082628,A Choudhary,31,24,1,4.0,7.75
1082628,AF Milne,28,12,0,2.0,14.0
1082628,HH Pandya,5,6,0,1.0,5.0
1082628,JJ Bumrah,33,24,1,4.0,8.25
1082628,KH Pandya,33,24,2,4.0,8.25
1082628,KV Sharma,22,18,1,3.0,7.33
1082628,MJ McClenaghan,34,24,4,4.0,8.5
1082628,P Negi,17,24,3,4.0,4.25
1082628,S Aravind,21,12,0,2.0,10.5
1082628,SL Malinga,31,24,0,4.0,7.75
1082628,SR Watson,27,23,1,3.8333333333333335,7.04
1082628,YS Chahal,34,24,1,4.0,8.5
1082629,Ankit Soni,15,24,0,4.0,3.75
1082629,BA Stokes,36,24,0,4.0,9.0
1082629,Basil Thampi,34,24,2,4.0,8.5
1082629,DR Smith,25,18,0,3.0,8.33
1082629,DT Christian,26,18,1,3.0,8.67
1082629,Imran Tahir,27,24,4,4.0,6.75
1082629,JD Unadkat,29,23,4,3.8333333333333335,7.57
1082629,JP Faulkner,30,17,1,2.8333333333333335,10.59
1082629,PJ Sangwan,37,24,2,4.0,9.25
1082629,RA Jadeja,19,12,0,2.0,9.5
1082629,SN Thakur,24,18,1,3.0,8.0
1082629,Washington Sundar,12,12,0,2.0,6.0
1082630,A Mishra,22,24,1,4.0,5.5
1082630,B Kumar,33,24,1,4.0,8.25
1082630,CH Morris,36,24,0,4.0,9.0
1082630,J Yadav,26,24,0,4.0,6.5
1082630,K Rabada,54,24,0,4.0,13.5
1082630,MC Henriques,35,13,0,2.1666666666666665,16.15
1082630,Mohammed Shami,35,24,2,4.0,8.75
1082630,Mohammed Siraj,41,24,2,4.0,10.25
1082630,Rashid Khan,24,24,0,4.0,6.0
1082630,S Kaul,37,24,1,4.0,9.25
1082630,Yuvraj Singh,16,6,0,1.0,16.0
1082631,BA Stokes,24,24,1,4.0,6.0
1082631,C de Grandhomme,7,2,0,0.3333333333333333,21.0
1082631,CR Woakes,18,24,3,4.0,4.5
1082631,DT Christian,23,18,2,3.0,7.67
1082631,Imran Tahir,36,24,1,4.0,9.0
1082631,JD Unadkat,28,24,2,4.0,7.0
1082631,Kuldeep Yadav,35,24,1,4.0,8.75
1082631,NM Coulter-Nile,39,18,0,3.0,13.0
1082631,SN Thakur,21,18,0,3.0,7.0
1082631,SP Narine,28,24,1,4.0,7.0
1082631,UT Yadav,23,24,1,4.0,5.75
1082631,Washington Sundar,18,12,2,2.0,9.0
1082632,A Mishra,23,12,0,2.0,11.5
1082632,Ankit Soni,26,12,0,2.0,13.0
1082632,Basil Thampi,37,24,1,4.0,9.25
1082632,CJ Anderson,32,18,1,3.0,10.67
1082632,DR Smith,11,6,0,1.0,11.0
1082632,JP Faulkner,34,15,0,2.5,13.6
1082632,K Rabada,28,24,3,4.0,7.0
1082632,MN Samuels,22,12,0,2.0,11.0
1082632,Mohammed Shami,40,18,1,3.0,13.33
1082632,PJ Cummins,30,24,2,4.0,7.5
1082632,PJ Sangwan,42,24,1,4.0,10.5
1082632,RA Jadeja,28,12,1,2.0,14.0
1082632,S Nadeem,28,12,0,2.0,14.0
1082632,SK Raina,24,12,0,2.0,12.0
1082633,A Choudhary,17,24,2,4.0,4.25
1082633,AR Patel,11,18,3,3.0,3.67
1082633,GJ Maxwell,14,18,2,3.0,4.67
1082633,MM Sharma,24,24,2,4.0,6.0
1082633,P Negi,21,18,1,3.0,7.0
1082633,S Aravind,13,12,1,2.0,6.5
1082633,S Badree,14,18,0,3.0,4.67
1082633,SR Watson,42,24,1,4.0,10.5
1082633,Sandeep Sharma,22,24,3,4.0,5.5
1082633,T Natarajan,15,6,0,1.0,15.0
1082633,VR Aaron,26,24,0,4.0,6.5
1082633,YS Chahal,19,24,2,4.0,4.75
1082634,A Nehra,4,7,1,1.1666666666666667,3.43
1082634,B Kumar,37,24,1,4.0,9.25
1082634,BA Stokes,29,24,3,4.0,7.25
1082634,Bipul Sharma,39,24,1,4.0,9.75
1082634,DT Christian,21,18,0,3.0,7.0
1082634,Imran Tahir,23,24,1,4.0,5.75
1082634,JD Unadkat,30,24,5,4.0,7.5
1082634,MC Henriques,15,17,0,2.8333333333333335,5.29
1082634,Rashid Khan,18,24,1,4.0,4.5
1082634,S Kaul,28,24,4,4.0,7.0
1082634,SN Thakur,12,12,0,2.0,6.0
1082634,Washington Sundar,19,18,0,3.0,6.33
1082635,A Mishra,37,24,1,4.0,9.25
1082635,CJ Anderson,27,12,1,2.0,13.5
1082635,HH Pandya,2,6,0,1.0,2.0
1082635,Harbhajan Singh,22,24,3,4.0,5.5
1082635,JJ Bumrah,6,6,1,1.0,6.0
1082635,K Rabada,29,24,1,4.0,7.25
1082635,KV Sharma,10,22,3,3.6666666666666665,2.73
1082635,MJ McClenaghan,18,12,1,2.0,9.0
1082635,Mohammed Shami,16,12,0,2.0,8.0
1082635,PJ Cummins,55,24,0,4.0,13.75
1082635,SL Malinga,5,12,2,2.0,2.5
1082635,Z Khan,29,24,0,4.0,7.25
1082636,A Choudhary,19,17,1,2.8333333333333335,6.71
1082636,AS Rajpoot,25,24,0,4.0,6.25
1082636,C de Grandhomme,15,12,0,2.0,7.5
1082636,CR Woakes,38,24,1,4.0,9.5
1082636,P Negi,21,19,2,3.1666666666666665,6.63
1082636,PP Chawla,13,12,0,2.0,6.5
1082636,S Aravind,24,6,0,1.0,24.0
1082636,S Badree,40,18,0,3.0,13.33
1082636,SP Narine,29,24,2,4.0,7.25
1082636,TM Head,11,7,0,1.1666666666666667,9.43
1082636,UT Yadav,35,24,3,4.0,8.75
1082636,YS Chahal,38,24,1,4.0,9.5
1082637,AR Patel,29,18,0,3.0,9.67
1082637,Ankit Soni,27,18,0,3.0,9.0
1082637,Basil Thampi,48,24,1,4.0,12.0
1082637,DS Kulkarni,22,24,1,4.0,5.5
1082637,GJ Maxwell,21,12,1,2.0,10.5
1082637,JP Faulkner,43,24,0,4.0,10.75
1082637,MM Sharma,35,24,0,4.0,8.75
1082637,PJ Sangwan,28,18,1,3.0,9.33
1082637,RA Jadeja,18,12,0,2.0,9.0
1082637,Sandeep Sharma,28,24,2,4.0,7.0
1082637,T Natarajan,30,16,1,2.6666666666666665,11.25
1082637,VR Aaron,43,24,0,4.0,10.75
1082638,B Kumar,25,24,2,4.0,6.25
1082638,HH Pandya,13,6,0,1.0,13.0
1082638,Harbhajan Singh,23,24,0,4.0,5.75
1082638,JJ Bumrah,23,20,1,3.3333333333333335,6.9
1082638,KV Sharma,19,12,0,2.0,9.5
1082638,MC Henriques,15,6,0,1.0,15.0
1082638,MJ McClenaghan,25,24,1,4.0,6.25
1082638,Mohammad Nabi,13,24,1,4.0,3.25
1082638,Mohammed Siraj,29,18,0,3.0,9.67
1082638,Rashid Khan,22,24,1,4.0,5.5
1082638,S Kaul,24,24,3,4.0,6.0
1082638,SL Malinga,33,24,1,4.0,8.25
1082639,AR Patel,28,24,0,4.0,7.0
1082639,AS Rajpoot,17,12,0,2.0,8.5
1082639,C de Grandhomme,35,24,0,4.0,8.75
1082639,CR Woakes,19,24,2,4.0,4.75
1082639,Kuldeep Yadav,33,18,1,3.0,11.0
1082639,MJ Henry,31,18,2,3.0,10.33
1082639,MM Sharma,24,18,2,3.0,8.0
1082639,R Tewatia,17,24,2,4.0,4.25
1082639,SP Narine,27,24,1,4.0,6.75
1082639,Sandeep Sharma,31,24,0,4.0,7.75
1082639,Swapnil Singh,18,12,0,2.0,9.0
1082639,UT Yadav,24,18,1,3.0,8.0
1082640,A Mishra,27,12,1,2.0,13.5
1082640,Basil Thampi,42,22,2,3.6666666666666665,11.45
1082640,CJ Anderson,18,12,0,2.0,9.0
1082640,CR Brathwaite,37,24,1,4.0,9.25
1082640,DR Smith,17,6,0,1.0,17.0
1082640,DS Kulkarni,30,24,1,4.0,7.5
1082640,JP Faulkner,39,24,3,4.0,9.75
1082640,Mohammed Shami,34,24,2,4.0,8.5
1082640,PJ Cummins,38,24,1,4.0,9.5
1082640,PJ Sangwan,35,18,2,3.0,11.67
1082640,RA Jadeja,31,24,0,4.0,7.75
1082640,Z Khan,30,24,0,4.0,7.5
1082641,AR Patel,28,18,1,3.0,9.33
1082641,GJ Maxwell,8,12,1,2.0,4.0
1082641,HH Pandya,28,12,0,2.0,14.0
1082641,Harbhajan Singh,45,18,0,3.0,15.0
1082641,I Sharma,28,18,0,3.0,9.33
1082641,JJ Bumrah,24,24,1,4.0,6.0
1082641,KV Sharma,32,18,1,3.0,10.67
1082641,MJ Henry,39,12,0,2.0,19.5
1082641,MJ McClenaghan,40,24,1,4.0,10.0
1082641,MM Sharma,57,24,2,4.0,14.25
1082641,R Tewatia,17,12,1,2.0,8.5
1082641,SL Malinga,35,24,0,4.0,8.75
1082641,Sandeep Sharma,38,24,1,4.0,9.5
1082642,A Mishra,25,18,0,3.0,8.33
1082642,A Zampa,28,24,1,4.0,7.0
1082642,BA Stokes,28,24,2,4.0,7.0
1082642,CJ Anderson,4,6,0,1.0,4.0
1082642,DT Christian,18,12,1,2.0,9.0
1082642,JD Unadkat,29,24,3,4.0,7.25
1082642,MN Samuels,12,6,0,1.0,12.0
1082642,Mohammed Shami,35,24,2,4.0,8.75
1082642,PJ Cummins,30,24,2,4.0,7.5
1082642,S Nadeem,21,18,1,3.0,7.0
1082642,SN Thakur,35,18,0,3.0,11.67
1082642,Washington Sundar,23,18,1,3.0,7.67
1082642,Z Khan,24,24,2,4.0,6.0
1082643,Ankit Soni,31,13,0,2.1666666666666665,14.31
1082643,B Kumar,24,20,2,3.3333333333333335,7.2
1082643,JP Faulkner,24,12,0,2.0,12.0
1082643,MC Henriques,12,6,0,1.0,12.0
1082643,MM Patel,22,18,0,3.0,7.33
1082643,Mohammad Nabi,17,18,0,3.0,5.67
1082643,Mohammed Siraj,32,24,4,4.0,8.0
1082643,P Kumar,21,24,2,4.0,5.25
1082643,PJ Sangwan,37,24,0,4.0,9.25
1082643,RA Jadeja,19,18,0,3.0,6.33
1082643,Rashid Khan,34,24,3,4.0,8.5
1082643,S Kaul,29,24,1,4.0,7.25
1082644,AS Rajpoot,14,18,1,3.0,4.67
1082644,C de Grandhomme,14,12,0,2.0,7.0
1082644,HH Pandya,22,24,2,4.0,5.5
1082644,KH Pandya,14,12,0,2.0,7.0
1082644,KV Sharma,26,18,1,3.0,8.67
1082644,Kuldeep Yadav,25,18,1,3.0,8.33
1082644,MG Johnson,29,24,1,4.0,7.25
1082644,R Vinay Kumar,28,18,2,3.0,9.33
1082644,SP Narine,35,24,0,4.0,8.75
1082644,TA Boult,28,24,2,4.0,7.0
1082644,TG Southee,36,24,2,4.0,9.0
1082644,UT Yadav,40,24,1,4.0,10.0
1082645,A Zampa,22,23,2,3.8333333333333335,5.74
1082645,AR Patel,13,12,1,2.0,6.5
1082645,BA Stokes,9,18,1,3.0,3.0
1082645,DT Christian,10,12,2,2.0,5.0
1082645,GJ Maxwell,15,12,0,2.0,7.5
1082645,I Sharma,12,6,0,1.0,12.0
1082645,JD Unadkat,12,18,2,3.0,4.0
1082645,MM Sharma,6,6,0,1.0,6.0
1082645,R Tewatia,14,18,0,3.0,4.67
1082645,SN Thakur,17,24,3,4.0,4.25
1082645,Sandeep Sharma,11,12,0,2.0,5.5
1082645,Swapnil Singh,6,6,0,1.0,6.0
1082646,A Mishra,26,12,0,2.0,13.0
1082646,Avesh Khan,23,24,1,4.0,5.75
1082646,CJ Anderson,36,24,0,4.0,9.0
1082646,HV Patel,42,24,3,4.0,10.5
1082646,Mohammed Shami,30,24,1,4.0,7.5
1082646,P Negi,10,12,3,2.0,5.0
1082646,PJ Cummins,19,24,2,4.0,4.75
1082646,S Nadeem,11,12,1,2.0,5.5
1082646,SR Watson,16,24,1,4.0,4.0
1082646,TM Head,30,18,2,3.0,10.0
1082646,YS Chahal,22,18,0,3.0,7.33
1082646,Z Khan,30,24,2,4.0,7.5
1082647,A Zampa,9,6,0,1.0,9.0
1082647,DT Christian,32,24,0,4.0,8.0
1082647,HH Pandya,15,6,0,1.0,15.0
1082647,JD Unadkat,24,24,1,4.0,6.0
1082647,JJ Bumrah,33,24,1,4.0,8.25
1082647,KH Pandya,22,24,0,4.0,5.5
1082647,KV Sharma,30,24,1,4.0,7.5
1082647,LH Ferguson,16,18,1,3.0,5.33
1082647,MJ McClenaghan,37,24,1,4.0,9.25
1082647,SL Malinga,14,18,1,3.0,4.67
1082647,SN Thakur,36,24,4,4.0,9.0
1082647,Washington Sundar,16,24,3,4.0,4.0
1082648,B Kumar,11,6,2,1.0,11.0
1082648,Bipul Sharma,2,2,0,0.3333333333333333,6.0
1082648,CJ Jordan,8,6,1,1.0,8.0
1082648,NM Coulter-Nile,20,24,3,4.0,5.0
1082648,PP Chawla,27,18,1,3.0,9.0
1082648,Rashid Khan,9,12,0,2.0,4.5
1082648,S Kaul,14,6,0,1.0,14.0
1082648,SP Narine,20,24,0,4.0,5.0
1082648,TA Boult,29,24,1,4.0,7.25
1082648,UT Yadav,18,24,2,4.0,4.5
1082648,YK Pathan,7,6,0,1.0,7.0
1082649,AS Rajpoot,12,6,0,1.0,12.0
1082649,HH Pandya,4,6,0,1.0,4.0
1082649,JJ Bumrah,7,18,3,3.0,2.33
1082649,KH Pandya,25,18,0,3.0,8.33
1082649,KV Sharma,15,24,4,4.0,3.75
1082649,MG Johnson,25,24,2,4.0,6.25
1082649,NM Coulter-Nile,15,18,1,3.0,5.0
1082649,PP Chawla,33,24,2,4.0,8.25
1082649,SL Malinga,24,23,1,3.8333333333333335,6.26
1082649,SP Narine,21,24,0,4.0,5.25
1082649,UT Yadav,22,15,1,2.5,8.8
1082650,A Zampa,31,24,2,4.0,7.75
1082650,DT Christian,32,24,2,4.0,8.0
1082650,JD Unadkat,19,24,2,4.0,4.75
1082650,JJ Bumrah,26,24,2,4.0,6.5
1082650,KH Pandya,31,24,0,4.0,7.75
1082650,KV Sharma,16,24,0,4.0,4.0
1082650,LH Ferguson,20,12,1,2.0,10.0
1082650,MG Johnson,26,24,4,4.0,6.5
1082650,SL Malinga,20,24,0,4.0,5.0
1082650,SN Thakur,6,12,1,2.0,3.0
1082650,Washington Sundar,13,24,0,4.0,3.25
1136561,DJ Bravo,25,24,0,4.0,6.25
1136561,DL Chahar,14,18,1,3.0,4.67
1136561,HH Pandya,21,24,3,4.0,5.25
1136561,Harbhajan Singh,14,12,0,2.0,7.0
1136561,Imran Tahir,23,12,1,2.0,11.5
1136561,JJ Bumrah,36,24,1,4.0,9.0
1136561,M Markande,23,24,3,4.0,5.75
1136561,MA Wood,48,24,0,4.0,12.0
1136561,MJ McClenaghan,43,24,1,4.0,10.75
1136561,Mustafizur Rahman,39,23,1,3.8333333333333335,10.17
1136561,RA Jadeja,9,6,0,1.0,9.0
1136561,SR Watson,28,24,2,4.0,7.0
1136562,A Mishra,46,24,0,4.0,11.5
1136562,AJ Tye,36,24,1,4.0,9.0
1136562,AR Patel,35,18,1,3.0,11.67
1136562,CH Morris,25,18,1,3.0,8.33
1136562,DT Christian,12,12,1,2.0,6.0
1136562,MM Sharma,33,24,2,4.0,8.25
1136562,MP Stoinis,7,6,0,1.0,7.0
1136562,Mohammed Shami,26,12,0,2.0,13.0
1136562,Mujeeb Ur Rahman,27,24,2,4.0,6.75
1136562,R Ashwin,22,24,1,4.0,5.5
1136562,R Tewatia,24,24,1,4.0,6.0
1136562,TA Boult,32,23,1,3.8333333333333335,8.35
1136563,AD Russell,10,12,0,2.0,5.0
1136563,CR Woakes,34,24,3,4.0,8.5
1136563,K Khejroliya,30,23,0,3.8333333333333335,7.83
1136563,Kuldeep Yadav,28,18,0,3.0,9.33
1136563,MG Johnson,30,24,1,4.0,7.5
1136563,N Rana,11,6,2,1.0,11.0
1136563,PP Chawla,31,24,1,4.0,7.75
1136563,R Vinay Kumar,30,12,2,2.0,15.0
1136563,SP Narine,30,24,1,4.0,7.5
1136563,UT Yadav,25,24,2,4.0,6.25
1136563,Washington Sundar,47,24,1,4.0,11.75
1136563,YS Chahal,28,18,0,3.0,9.33
1136564,B Kumar,27,24,2,4.0,6.75
1136564,B Laughlin,18,13,0,2.1666666666666665,8.31
1136564,B Stanlake,28,24,1,4.0,7.0
1136564,BA Stokes,20,12,0,2.0,10.0
1136564,DJM Short,9,12,0,2.0,4.5
1136564,DS Kulkarni,17,17,0,2.8333333333333335,6.0
1136564,JD Unadkat,27,18,1,3.0,9.0
1136564,K Gowtham,9,6,0,1.0,9.0
1136564,Rashid Khan,23,24,1,4.0,5.75
1136564,S Gopal,18,18,0,3.0,6.0
1136564,S Kaul,16,24,3,4.0,4.0
1136564,Shakib Al Hasan,23,24,2,4.0,5.75
1136565,AD Russell,35,24,0,4.0,8.75
1136565,DJ Bravo,50,18,0,3.0,16.67
1136565,DL Chahar,17,6,0,1.0,17.0
1136565,Harbhajan Singh,11,12,1,2.0,5.5
1136565,Imran Tahir,26,24,0,4.0,6.5
1136565,Kuldeep Yadav,26,18,1,3.0,8.67
1136565,PP Chawla,48,24,1,4.0,12.0
1136565,R Vinay Kumar,27,11,0,1.8333333333333335,14.73
1136565,RA Jadeja,19,12,1,2.0,9.5
1136565,SN Thakur,37,24,1,4.0,9.25
1136565,SP Narine,17,24,1,4.0,4.25
1136565,SR Watson,37,24,3,4.0,9.25
1136565,TK Curran,39,18,2,3.0,13.0
1136566,B Laughlin,20,12,2,2.0,10.0
1136566,CH Morris,34,18,0,3.0,11.33
1136566,DS Kulkarni,3,6,0,1.0,3.0
1136566,JD Unadkat,24,12,1,2.0,12.0
1136566,K Gowtham,10,6,1,1.0,10.0
1136566,Mohammed Shami,28,23,1,3.8333333333333335,7.3
1136566,R Tewatia,28,24,0,4.0,7.0
1136566,S Nadeem,34,24,3,4.0,8.5
1136566,TA Boult,26,18,1,3.0,8.67
1136567,B Stanlake,41,24,2,4.0,10.25
1136567,BCJ Cutting,39,24,0,4.0,9.75
1136567,JJ Bumrah,32,24,2,4.0,8.0
1136567,KH Pandya,10,12,0,2.0,5.0
1136567,M Markande,23,24,4,4.0,5.75
1136567,Mustafizur Rahman,24,24,3,4.0,6.0
1136567,PJ Sangwan,19,12,0,2.0,9.5
1136567,Rashid Khan,12,24,1,4.0,3.0
1136567,S Kaul,28,24,2,4.0,7.0
1136567,Sandeep Sharma,25,24,2,4.0,6.25
1136567,Shakib Al Hasan,33,24,1,4.0,8.25
1136568,AJ Tye,26,24,2,4.0,6.5
1136568,AR Patel,25,24,1,4.0,6.25
1136568,CR Woakes,33,20,2,3.3333333333333335,9.9
1136568,K Khejroliya,33,24,2,4.0,8.25
1136568,MM Sharma,45,21,0,3.5,12.86
1136568,Mujeeb Ur Rahman,29,24,1,4.0,7.25
1136568,R Ashwin,30,24,2,4.0,7.5
1136568,UT Yadav,23,24,3,4.0,5.75
1136568,Washington Sundar,22,24,2,4.0,5.5
1136568,YS Chahal,38,24,1,4.0,9.5
1136569,A Dananjaya,46,24,0,4.0,11.5
1136569,DT Christian,35,18,2,3.0,11.67
1136569,GJ Maxwell,20,18,0,3.0,6.67
1136569,HH Pandya,32,12,0,2.0,16.0
1136569,JJ Bumrah,27,24,0,4.0,6.75
1136569,KH Pandya,21,18,2,3.0,7.0
1136569,M Markande,42,18,0,3.0,14.0
1136569,Mohammed Shami,36,24,1,4.0,9.0
1136569,Mustafizur Rahman,25,24,1,4.0,6.25
1136569,R Tewatia,35,24,2,4.0,8.75
1136569,S Nadeem,20,12,0,2.0,10.0
1136569,TA Boult,38,24,2,4.0,9.5
1136570,AD Russell,39,18,0,3.0,13.0
1136570,B Kumar,23,24,3,4.0,5.75
1136570,B Stanlake,21,24,2,4.0,5.25
1136570,Kuldeep Yadav,23,24,1,4.0,5.75
1136570,MG Johnson,26,18,1,3.0,8.67
1136570,PP Chawla,20,24,1,4.0,5.0
1136570,Rashid Khan,31,24,0,4.0,7.75
1136570,S Kaul,37,24,1,4.0,9.25
1136570,SP Narine,16,24,2,4.0,4.0
1136570,Shakib Al Hasan,18,24,2,4.0,4.5
1136570,Shivam Mavi,10,6,0,1.0,10.0
1136571,B Laughlin,45,24,1,4.0,11.25
1136571,BA Stokes,30,18,1,3.0,10.0
1136571,CR Woakes,45,24,2,4.0,11.25
1136571,DJM Short,10,6,1,1.0,10.0
1136571,DS Kulkarni,14,6,0,1.0,14.0
1136571,JD Unadkat,35,18,0,3.0,11.67
1136571,K Gowtham,36,24,1,4.0,9.0
1136571,K Khejroliya,39,18,0,3.0,13.0
1136571,P Negi,13,6,0,1.0,13.0
1136571,S Gopal,22,24,2,4.0,5.5
1136571,UT Yadav,54,24,0,4.0,13.5
1136571,Washington Sundar,30,24,0,4.0,7.5
1136571,YS Chahal,21,24,2,4.0,5.25
1136572,AJ Tye,46,24,2,4.0,11.5
1136572,BB Sran,31,24,1,4.0,7.75
1136572,DJ Bravo,37,24,1,4.0,9.25
1136572,DL Chahar,36,18,0,3.0,12.0
1136572,Harbhajan Singh,41,24,1,4.0,10.25
1136572,Imran Tahir,34,24,2,4.0,8.5
1136572,MM Sharma,46,24,1,4.0,11.5
1136572,Mujeeb Ur Rahman,18,18,0,3.0,6.0
1136572,R Ashwin,30,24,1,4.0,7.5
1136572,SN Thakur,33,18,2,3.0,11.0
1136572,SR Watson,15,12,1,2.0,7.5
1136572,Yuvraj Singh,9,6,0,1.0,9.0
1136573,AD Russell,22,12,1,2.0,11.0
1136573,CH Morris,40,24,2,4.0,10.0
1136573,Kuldeep Yadav,32,20,3,3.3333333333333335,9.6
1136573,Mohammed Shami,52,24,1,4.0,13.0
1136573,PP Chawla,15,12,0,2.0,7.5
1136573,R Tewatia,18,18,3,3.0,6.0
1136573,S Nadeem,43,24,1,4.0,10.75
1136573,SP Narine,18,18,3,3.0,6.0
1136573,Shivam Mavi,13,12,1,2.0,6.5
1136573,TA Boult,29,24,2,4.0,7.25
1136573,TK Curran,21,12,1,2.0,10.5
1136573,V Shankar,12,6,0,1.0,12.0
1136574,CJ Anderson,44,24,3,4.0,11.0
1136574,CR Woakes,30,18,1,3.0,10.0
1136574,HH Pandya,4,6,0,1.0,4.0
1136574,JJ Bumrah,27,24,2,4.0,6.75
1136574,KH Pandya,27,24,2,4.0,6.75
1136574,M Markande,24,24,1,4.0,6.0
1136574,MJ McClenaghan,24,18,2,3.0,8.0
1136574,Mohammed Siraj,28,24,0,4.0,7.0
1136574,Mustafizur Rahman,53,24,0,4.0,13.25
1136574,UT Yadav,35,24,2,4.0,8.75
1136574,Washington Sundar,27,12,0,2.0,13.5
1136574,YS Chahal,32,18,0,3.0,10.67
1136575,B Laughlin,36,23,0,3.8333333333333335,9.39
1136575,BA Stokes,24,18,0,3.0,8.0
1136575,DS Kulkarni,20,12,0,2.0,10.0
1136575,JD Unadkat,34,18,0,3.0,11.33
1136575,K Gowtham,23,24,2,4.0,5.75
1136575,Kuldeep Yadav,23,24,1,4.0,5.75
1136575,N Rana,11,12,2,2.0,5.5
1136575,PP Chawla,18,24,1,4.0,4.5
1136575,S Gopal,23,18,1,3.0,7.67
1136575,SP Narine,48,24,0,4.0,12.0
1136575,Shivam Mavi,37,24,2,4.0,9.25
1136575,TK Curran,17,12,2,2.0,8.5
1136576,AJ Tye,23,24,2,4.0,5.75
1136576,B Kumar,24,24,1,4.0,6.0
1136576,BB Sran,14,24,1,4.0,3.5
1136576,CJ Jordan,30,24,0,4.0,7.5
1136576,DJ Hooda,15,12,0,2.0,7.5
1136576,MM Sharma,50,24,2,4.0,12.5
1136576,Mujeeb Ur Rahman,26,24,0,4.0,6.5
1136576,R Ashwin,48,24,0,4.0,12.0
1136576,Rashid Khan,55,24,1,4.0,13.75
1136576,S Kaul,33,24,1,4.0,8.25
1136576,Shakib Al Hasan,28,12,0,2.0,14.0
1136577,B Laughlin,35,24,2,4.0,8.75
1136577,BA Stokes,39,18,0,3.0,13.0
1136577,DJ Bravo,14,12,2,2.0,7.0
1136577,DL Chahar,26,24,2,4.0,6.5
1136577,Imran Tahir,43,24,1,4.0,10.75
1136577,JD Unadkat,39,24,0,4.0,9.75
1136577,K Gowtham,35,18,0,3.0,11.67
1136577,KV Sharma,13,9,2,1.5,8.67
1136577,RA Jadeja,6,6,0,1.0,6.0
1136577,S Gopal,19,24,3,4.0,4.75
1136577,SN Thakur,18,18,2,3.0,6.0
1136577,SR Watson,12,18,1,3.0,4.0
1136577,STR Binny,31,12,0,2.0,15.5
1136578,AD Russell,31,11,0,1.8333333333333335,16.91
1136578,AJ Tye,27,24,2,4.0,6.75
1136578,AS Rajpoot,30,18,0,3.0,10.0
1136578,BB Sran,48,24,2,4.0,12.0
1136578,Kuldeep Yadav,13,6,0,1.0,13.0
1136578,Mujeeb Ur Rahman,31,24,2,4.0,7.75
1136578,N Rana,0,1,0,0.16666666666666666,0.0
1136578,PP Chawla,24,12,0,2.0,12.0
1136578,R Ashwin,32,24,1,4.0,8.0
1136578,SP Narine,23,18,1,3.0,7.67
1136578,Shivam Mavi,27,18,0,3.0,9.0
1136578,TK Curran,6,1,0,0.16666666666666666,36.0
1136578,Yuvraj Singh,13,6,0,1.0,13.0
1136579,CH Morris,41,24,0,4.0,10.25
1136579,CJ Anderson,10,6,1,1.0,10.0
1136579,CR Woakes,40,24,0,4.0,10.0
1136579,GJ Maxwell,12,12,1,2.0,6.0
1136579,HV Patel,33,18,1,3.0,11.0
1136579,Mohammed Siraj,33,24,0,4.0,8.25
1136579,R Tewatia,26,18,0,3.0,8.67
1136579,S Nadeem,27,12,1,2.0,13.5
1136579,TA Boult,33,24,1,4.0,8.25
1136579,UT Yadav,27,24,1,4.0,6.75
1136579,Washington Sundar,31,24,1,4.0,7.75
1136579,YS Chahal,21,18,2,3.0,7.0
1136580,B Kumar,22,18,1,3.0,7.33
1136580,B Stanlake,36,24,0,4.0,9.0
1136580,DJ Bravo,37,18,1,3.0,12.33
1136580,DJ Hooda,8,6,0,1.0,8.0
1136580,DL Chahar,15,24,3,4.0,3.75
1136580,KV Sharma,30,18,1,3.0,10.0
1136580,RA Jadeja,27,24,0,4.0,6.75
1136580,Rashid Khan,49,24,1,4.0,12.25
1136580,S Kaul,32,24,1,4.0,8.0
1136580,SN Thakur,44,24,1,4.0,11.0
1136580,SR Watson,23,12,0,2.0,11.5
1136580,Shakib Al Hasan,31,24,0,4.0,7.75
1136581,BA Stokes,30,18,0,3.0,10.0
1136581,DS Kulkarni,30,24,2,4.0,7.5
1136581,HH Pandya,24,16,2,2.6666666666666665,9.0
1136581,JC Archer,22,24,3,4.0,5.5
1136581,JD Unadkat,31,24,2,4.0,7.75
1136581,JJ Bumrah,26,24,2,4.0,6.5
1136581,K Gowtham,20,18,0,3.0,6.67
1136581,KH Pandya,31,24,1,4.0,7.75
1136581,M Markande,15,12,0,2.0,7.5
1136581,MJ McClenaghan,31,18,1,3.0,10.33
1136581,Mustafizur Rahman,34,24,1,4.0,8.5
1136581,S Gopal,29,12,0,2.0,14.5
1136582,A Mishra,30,24,0,4.0,7.5
1136582,AJ Tye,23,24,2,4.0,5.75
1136582,AS Rajpoot,21,24,2,4.0,5.25
1136582,Avesh Khan,36,24,2,4.0,9.0
1136582,BB Sran,42,24,1,4.0,10.5
1136582,DT Christian,17,18,1,3.0,5.67
1136582,GJ Maxwell,4,6,0,1.0,4.0
1136582,LE Plunkett,16,24,3,4.0,4.0
1136582,Mujeeb Ur Rahman,25,24,2,4.0,6.25
1136582,R Ashwin,19,24,1,4.0,4.75
1136582,R Tewatia,6,6,0,1.0,6.0
1136582,TA Boult,20,18,2,3.0,6.67
1136583,Basil Thampi,4,11,2,1.8333333333333335,2.18
1136583,HH Pandya,18,18,2,3.0,6.0
1136583,JJ Bumrah,25,24,1,4.0,6.25
1136583,KH Pandya,13,12,0,2.0,6.5
1136583,M Markande,15,18,2,3.0,5.0
1136583,MJ McClenaghan,17,18,3,3.0,5.67
1136583,Mohammad Nabi,23,18,1,3.0,7.67
1136583,Mustafizur Rahman,18,22,2,3.6666666666666665,4.91
1136583,Rashid Khan,11,24,2,4.0,2.75
1136583,S Kaul,23,24,3,4.0,5.75
1136583,Sandeep Sharma,8,18,1,3.0,2.67
1136583,Shakib Al Hasan,16,18,1,3.0,5.33
1136584,CJ Anderson,56,22,1,3.6666666666666665,15.27
1136584,DJ Bravo,32,24,4,4.0,8.0
1136584,DL Chahar,20,12,0,2.0,10.0
1136584,Harbhajan Singh,24,12,0,2.0,12.0
1136584,Imran Tahir,35,24,2,4.0,8.75
1136584,Mohammed Siraj,44,24,0,4.0,11.0
1136584,P Negi,36,18,1,3.0,12.0
1136584,RA Jadeja,22,12,0,2.0,11.0
1136584,SN Thakur,44,24,2,4.0,11.0
1136584,SR Watson,20,12,0,2.0,10.0
1136584,UT Yadav,23,24,1,4.0,5.75
1136584,Washington Sundar,14,6,0,1.0,14.0
1136584,YS Chahal,23,24,2,4.0,5.75
1136585,AJ Tye,28,24,0,4.0,7.0
1136585,AS Rajpoot,14,24,5,4.0,3.5
1136585,BB Sran,26,18,0,3.0,8.67
1136585,Basil Thampi,14,14,2,2.3333333333333335,6.0
1136585,MK Tiwary,7,6,0,1.0,7.0
1136585,Mohammad Nabi,24,12,0,2.0,12.0
1136585,Mujeeb Ur Rahman,15,24,1,4.0,3.75
1136585,R Ashwin,34,24,0,4.0,8.5
1136585,Rashid Khan,19,24,3,4.0,4.75
1136585,S Kaul,25,24,1,4.0,6.25
1136585,Sandeep Sharma,17,24,2,4.0,4.25
1136585,Shakib Al Hasan,18,18,2,3.0,6.0
1136586,A Mishra,23,24,3,4.0,5.75
1136586,AD Russell,27,18,1,3.0,9.0
1136586,Avesh Khan,28,24,2,4.0,7.0
1136586,GJ Maxwell,22,12,2,2.0,11.0
1136586,Kuldeep Yadav,22,12,0,2.0,11.0
1136586,LE Plunkett,24,24,0,4.0,6.0
1136586,MG Johnson,42,24,0,4.0,10.5
1136586,PP Chawla,33,24,1,4.0,8.25
1136586,R Tewatia,11,6,0,1.0,11.0
1136586,SP Narine,35,18,0,3.0,11.67
1136586,Shivam Mavi,55,24,2,4.0,13.75
1136586,TA Boult,42,24,2,4.0,10.5
1136586,V Shankar,10,6,0,1.0,10.0
1136587,BCJ Cutting,13,6,0,1.0,13.0
1136587,DJ Bravo,20,18,1,3.0,6.67
1136587,DL Chahar,18,13,0,2.1666666666666665,8.31
1136587,HH Pandya,39,24,1,4.0,9.75
1136587,Harbhajan Singh,20,23,1,3.8333333333333335,5.22
1136587,Imran Tahir,25,16,0,2.6666666666666665,9.38
1136587,JJ Bumrah,24,24,0,4.0,6.0
1136587,KH Pandya,31,24,2,4.0,7.75
1136587,M Markande,29,18,0,3.0,9.67
1136587,MJ McClenaghan,26,24,2,4.0,6.5
1136587,SN Thakur,37,24,0,4.0,9.25
1136587,SR Watson,40,24,0,4.0,10.0
1136588,BA Stokes,20,18,0,3.0,6.67
1136588,Basil Thampi,26,12,1,2.0,13.0
1136588,DS Kulkarni,20,12,0,2.0,10.0
1136588,IS Sodhi,25,18,1,3.0,8.33
1136588,JC Archer,26,24,3,4.0,6.5
1136588,JD Unadkat,33,18,1,3.0,11.0
1136588,K Gowtham,18,24,2,4.0,4.5
1136588,MK Lomror,8,6,0,1.0,8.0
1136588,Rashid Khan,31,24,1,4.0,7.75
1136588,S Kaul,23,24,2,4.0,5.75
1136588,Sandeep Sharma,15,24,1,4.0,3.75
1136588,Shakib Al Hasan,30,24,0,4.0,7.5
1136588,YK Pathan,14,12,1,2.0,7.0
1136589,AD Russell,29,18,3,3.0,9.67
1136589,Kuldeep Yadav,20,24,1,4.0,5.0
1136589,M Ashwin,35,24,2,4.0,8.75
1136589,MG Johnson,37,18,0,3.0,12.33
1136589,Mohammed Siraj,36,24,3,4.0,9.0
1136589,PP Chawla,22,18,0,3.0,7.33
1136589,SP Narine,38,24,0,4.0,9.5
1136589,Shivam Mavi,19,18,0,3.0,6.33
1136589,TG Southee,32,24,0,4.0,8.0
1136589,UT Yadav,36,19,0,3.1666666666666665,11.37
1136589,YS Chahal,29,24,0,4.0,7.25
1136590,A Mishra,30,24,1,4.0,7.5
1136590,Avesh Khan,27,24,0,4.0,6.75
1136590,DJ Bravo,42,18,0,3.0,14.0
1136590,GJ Maxwell,5,6,1,1.0,5.0
1136590,Harbhajan Singh,25,24,0,4.0,6.25
1136590,KM Asif,42,18,2,3.0,14.0
1136590,L Ngidi,24,24,1,4.0,6.0
1136590,LE Plunkett,52,18,0,3.0,17.33
1136590,R Tewatia,23,12,0,2.0,11.5
1136590,RA Jadeja,30,24,2,4.0,7.5
1136590,SR Watson,27,12,0,2.0,13.5
1136590,TA Boult,48,24,1,4.0,12.0
1136590,V Shankar,18,12,1,2.0,9.0
1136591,C de Grandhomme,23,18,1,3.0,7.67
1136591,HH Pandya,21,18,3,3.0,7.0
1136591,JJ Bumrah,22,24,1,4.0,5.5
1136591,JP Duminy,28,12,0,2.0,14.0
1136591,KH Pandya,24,24,0,4.0,6.0
1136591,M Markande,28,18,1,3.0,9.33
1136591,MJ McClenaghan,26,24,2,4.0,6.5
1136591,Mohammed Siraj,25,24,2,4.0,6.25
1136591,TG Southee,24,24,2,4.0,6.0
1136591,UT Yadav,27,24,2,4.0,6.75
1136591,Washington Sundar,15,6,0,1.0,15.0
1136591,YS Chahal,16,24,0,4.0,4.0
1136592,A Mishra,12,12,1,2.0,6.0
1136592,Avesh Khan,36,12,0,2.0,18.0
1136592,BA Stokes,26,18,0,3.0,8.67
1136592,DS Kulkarni,34,18,1,3.0,11.33
1136592,GJ Maxwell,21,6,1,1.0,21.0
1136592,JC Archer,30,19,1,3.1666666666666665,9.47
1136592,JD Unadkat,46,24,3,4.0,11.5
1136592,K Gowtham,27,12,0,2.0,13.5
1136592,LE Plunkett,37,18,0,3.0,12.33
1136592,S Gopal,26,12,1,2.0,13.0
1136592,S Nadeem,13,6,0,1.0,13.0
1136592,TA Boult,23,18,3,3.0,7.67
1136593,AD Russell,11,6,0,1.0,11.0
1136593,DJ Bravo,20,10,0,1.6666666666666665,12.0
1136593,Harbhajan Singh,20,18,1,3.0,6.67
1136593,KM Asif,31,18,1,3.0,10.33
1136593,KV Sharma,11,6,0,1.0,11.0
1136593,Kuldeep Yadav,33,24,1,4.0,8.25
1136593,L Ngidi,35,18,1,3.0,11.67
1136593,MG Johnson,51,24,0,4.0,12.75
1136593,PP Chawla,35,24,2,4.0,8.75
1136593,RA Jadeja,33,24,1,4.0,8.25
1136593,SP Narine,20,24,2,4.0,5.0
1136593,SR Watson,18,12,0,2.0,9.0
1136593,Shivam Mavi,20,18,0,3.0,6.67
1136594,AJ Tye,34,24,1,4.0,8.5
1136594,AR Patel,9,6,0,1.0,9.0
1136594,AS Rajpoot,31,18,0,3.0,10.33
1136594,BCJ Cutting,28,18,1,3.0,9.33
1136594,HH Pandya,41,24,1,4.0,10.25
1136594,JJ Bumrah,19,24,1,4.0,4.75
1136594,JP Duminy,8,6,0,1.0,8.0
1136594,KH Pandya,10,6,1,1.0,10.0
1136594,M Markande,28,18,1,3.0,9.33
1136594,MJ McClenaghan,30,24,1,4.0,7.5
1136594,MP Stoinis,37,18,1,3.0,12.33
1136594,Mujeeb Ur Rahman,36,24,2,4.0,9.0
1136594,R Ashwin,23,24,0,4.0,5.75
1136595,C de Grandhomme,16,24,1,4.0,4.0
1136595,DJ Bravo,17,12,1,2.0,8.5
1136595,DJ Willey,24,24,1,4.0,6.0
1136595,Harbhajan Singh,22,24,2,4.0,5.5
1136595,L Ngidi,23,24,2,4.0,5.75
1136595,M Ashwin,15,18,1,3.0,5.0
1136595,Mohammed Siraj,18,12,0,2.0,9.0
1136595,RA Jadeja,18,24,3,4.0,4.5
1136595,SN Thakur,19,12,0,2.0,9.5
1136595,TG Southee,30,18,0,3.0,10.0
1136595,UT Yadav,15,18,2,3.0,5.0
1136595,YS Chahal,27,18,0,3.0,9.0
1136596,A Mishra,18,24,2,4.0,4.5
1136596,Avesh Khan,45,18,0,3.0,15.0
1136596,B Kumar,33,24,0,4.0,8.25
1136596,DT Christian,37,23,0,3.8333333333333335,9.65
1136596,GJ Maxwell,4,6,0,1.0,4.0
1136596,LE Plunkett,26,24,1,4.0,6.5
1136596,Rashid Khan,23,24,3,4.0,5.75
1136596,S Kaul,36,24,1,4.0,9.0
1136596,Sandeep Sharma,34,24,1,4.0,8.5
1136596,Shakib Al Hasan,34,24,0,4.0,8.5
1136596,TA Boult,27,24,0,4.0,6.75
1136597,AD Russell,11,12,2,2.0,5.5
1136597,BCJ Cutting,23,12,0,2.0,11.5
1136597,HH Pandya,18,24,2,4.0,4.5
1136597,JJ Bumrah,34,24,1,4.0,8.5
1136597,KH Pandya,29,18,1,3.0,9.67
1136597,Kuldeep Yadav,17,12,0,2.0,8.5
1136597,M Markande,25,18,1,3.0,8.33
1136597,M Prasidh Krishna,38,24,0,4.0,9.5
1136597,MG Johnson,23,18,0,3.0,7.67
1136597,MJ McClenaghan,30,24,1,4.0,7.5
1136597,N Rana,16,12,0,2.0,8.0
1136597,PP Chawla,35,18,0,3.0,11.67
1136597,SP Narine,35,24,2,4.0,8.75
1136598,AJ Tye,24,24,3,4.0,6.0
1136598,AR Patel,21,24,1,4.0,5.25
1136598,AS Rajpoot,37,18,1,3.0,12.33
1136598,Anureet Singh,20,12,1,2.0,10.0
1136598,BA Stokes,22,18,1,3.0,7.33
1136598,JC Archer,42,22,1,3.6666666666666665,11.45
1136598,JD Unadkat,25,24,0,4.0,6.25
1136598,K Gowtham,17,18,1,3.0,5.67
1136598,MP Stoinis,6,6,0,1.0,6.0
1136598,Mujeeb Ur Rahman,26,24,3,4.0,6.5
1136598,R Ashwin,30,24,1,4.0,7.5
1136598,S Gopal,26,18,0,3.0,8.67
1136599,B Kumar,27,24,1,4.0,6.75
1136599,C de Grandhomme,7,6,0,1.0,7.0
1136599,MM Ali,19,18,0,3.0,6.33
1136599,Mohammed Siraj,24,24,3,4.0,6.0
1136599,Rashid Khan,29,24,1,4.0,7.25
1136599,S Kaul,25,24,1,4.0,6.25
1136599,Sandeep Sharma,19,24,1,4.0,4.75
1136599,Shakib Al Hasan,36,24,2,4.0,9.0
1136599,TG Southee,29,24,5,4.0,7.25
1136599,UT Yadav,34,24,1,4.0,8.5
1136599,YS Chahal,24,24,1,4.0,6.0
1136600,AJ Tye,34,24,5,4.0,8.5
1136600,AR Patel,24,18,0,3.0,8.0
1136600,Anureet Singh,12,6,1,1.0,12.0
1136600,BA Stokes,13,12,1,2.0,6.5
1136600,IS Sodhi,14,24,1,4.0,3.5
1136600,JC Archer,32,24,1,4.0,8.0
1136600,JD Unadkat,35,24,1,4.0,8.75
1136600,K Gowtham,11,18,1,3.0,3.67
1136600,MK Lomror,19,12,0,2.0,9.5
1136600,MM Sharma,26,18,0,3.0,8.67
1136600,MP Stoinis,15,12,1,2.0,7.5
1136600,Mujeeb Ur Rahman,21,24,2,4.0,5.25
1136600,R Ashwin,34,24,0,4.0,8.5
1136601,AD Russell,14,12,0,2.0,7.0
1136601,BCJ Cutting,12,12,1,2.0,6.0
1136601,HH Pandya,16,18,3,3.0,5.33
1136601,JJ Bumrah,17,18,1,3.0,5.67
1136601,KH Pandya,12,19,3,3.1666666666666665,3.79
1136601,Kuldeep Yadav,43,18,0,3.0,14.33
1136601,M Markande,26,24,1,4.0,6.5
1136601,M Prasidh Krishna,40,24,1,4.0,10.0
1136601,MJ McClenaghan,24,18,1,3.0,8.0
1136601,PP Chawla,48,24,3,4.0,12.0
1136601,SP Narine,27,24,1,4.0,6.75
1136601,TK Curran,30,18,1,3.0,10.0
1136602,A Mishra,29,18,0,3.0,9.67
1136602,B Kumar,50,24,1,4.0,12.5
1136602,GJ Maxwell,9,6,0,1.0,9.0
1136602,HV Patel,32,24,1,4.0,8.0
1136602,LE Plunkett,41,24,0,4.0,10.25
1136602,Rashid Khan,35,24,1,4.0,8.75
1136602,S Kaul,48,24,0,4.0,12.0
1136602,S Nadeem,22,12,0,2.0,11.0
1136602,Sandeep Sharma,24,24,1,4.0,6.0
1136602,Shakib Al Hasan,27,24,2,4.0,6.75
1136602,TA Boult,43,23,0,3.8333333333333335,11.22
1136602,V Shankar,13,6,0,1.0,13.0
1136603,Ankit Sharma,11,6,0,1.0,11.0
1136603,BA Stokes,30,24,1,4.0,7.5
1136603,DJ Bravo,31,23,2,3.8333333333333335,8.09
1136603,DJ Willey,46,24,1,4.0,11.5
1136603,Harbhajan Singh,29,12,1,2.0,14.5
1136603,IS Sodhi,29,24,1,4.0,7.25
1136603,JC Archer,36,24,2,4.0,9.0
1136603,JD Unadkat,30,24,0,4.0,7.5
1136603,K Gowtham,28,18,0,3.0,9.33
1136603,KV Sharma,10,6,0,1.0,10.0
1136603,RA Jadeja,28,24,1,4.0,7.0
1136603,SN Thakur,21,24,1,4.0,5.25
1136603,SR Watson,9,6,0,1.0,9.0
1136604,AD Russell,41,24,3,4.0,10.25
1136604,AJ Tye,39,24,4,4.0,9.75
1136604,AR Patel,51,24,0,4.0,12.75
1136604,BB Sran,48,18,1,3.0,16.0
1136604,JPR Scantlebury-Searles,49,24,1,4.0,12.25
1136604,Kuldeep Yadav,28,12,1,2.0,14.0
1136604,M Prasidh Krishna,29,24,2,4.0,7.25
1136604,MM Sharma,39,24,1,4.0,9.75
1136604,Mujeeb Ur Rahman,28,14,0,2.3333333333333335,12.0
1136604,PP Chawla,16,12,0,2.0,8.0
1136604,R Ashwin,35,16,0,2.6666666666666665,13.12
1136604,SP Narine,44,24,1,4.0,11.0
1136605,A Mishra,32,24,1,4.0,8.0
1136605,C de Grandhomme,12,6,0,1.0,12.0
1136605,CJ Dala,33,18,0,3.0,11.0
1136605,HV Patel,46,24,1,4.0,11.5
1136605,MM Ali,23,24,1,4.0,5.75
1136605,Mohammed Siraj,46,24,1,4.0,11.5
1136605,S Lamichhane,25,24,1,4.0,6.25
1136605,TA Boult,40,24,2,4.0,10.0
1136605,TG Southee,37,24,0,4.0,9.25
1136605,UT Yadav,27,18,0,3.0,9.0
1136605,YS Chahal,28,24,2,4.0,7.0
1136606,B Kumar,38,24,0,4.0,9.5
1136606,DJ Bravo,37,24,1,4.0,9.25
1136606,DJ Willey,24,12,0,2.0,12.0
1136606,DL Chahar,13,24,1,4.0,3.25
1136606,Harbhajan Singh,25,12,0,2.0,12.5
1136606,RA Jadeja,24,12,0,2.0,12.0
1136606,Rashid Khan,25,24,0,4.0,6.25
1136606,S Kaul,40,18,0,3.0,13.33
1136606,SN Thakur,29,24,2,4.0,7.25
1136606,SR Watson,14,12,0,2.0,7.0
1136606,Sandeep Sharma,35,24,1,4.0,8.75
1136606,Shakib Al Hasan,41,24,1,4.0,10.25
1136607,BA Stokes,25,24,2,4.0,6.25
1136607,DS Kulkarni,43,24,1,4.0,10.75
1136607,HH Pandya,52,24,2,4.0,13.0
1136607,JC Archer,13,24,2,4.0,3.25
1136607,JD Unadkat,36,24,1,4.0,9.0
1136607,JJ Bumrah,29,18,1,3.0,9.67
1136607,K Gowtham,21,12,0,2.0,10.5
1136607,KH Pandya,24,24,0,4.0,6.0
1136607,M Markande,32,18,0,3.0,10.67
1136607,MJ McClenaghan,24,24,0,4.0,6.0
1136607,S Gopal,21,12,0,2.0,10.5
1136608,AJ Tye,33,24,0,4.0,8.25
1136608,AS Rajpoot,19,7,0,1.1666666666666667,16.29
1136608,C de Grandhomme,6,12,1,2.0,3.0
1136608,MM Ali,13,13,4,2.1666666666666665,6.0
1136608,MM Sharma,15,6,0,1.0,15.0
1136608,MP Stoinis,12,6,0,1.0,12.0
1136608,Mohammed Siraj,16,18,1,3.0,5.33
1136608,R Ashwin,9,6,0,1.0,9.0
1136608,TG Southee,19,12,0,2.0,9.5
1136608,UT Yadav,23,24,3,4.0,5.75
1136608,YS Chahal,6,12,1,2.0,3.0
1136609,AD Russell,13,18,2,3.0,4.33
1136609,Anureet Singh,10,6,0,1.0,10.0
1136609,BA Stokes,14,24,3,4.0,3.5
1136609,IS Sodhi,21,24,1,4.0,5.25
1136609,JC Archer,43,24,0,4.0,10.75
1136609,JD Unadkat,23,18,0,3.0,7.67
1136609,K Gowtham,32,12,0,2.0,16.0
1136609,Kuldeep Yadav,20,24,4,4.0,5.0
1136609,M Prasidh Krishna,35,24,2,4.0,8.75
1136609,SP Narine,28,24,1,4.0,7.0
1136609,Shivam Mavi,44,24,1,4.0,11.0
1136610,AJ Tye,15,24,4,4.0,3.75
1136610,AR Patel,23,18,0,3.0,7.67
1136610,AS Rajpoot,44,24,1,4.0,11.0
1136610,BCJ Cutting,15,6,0,1.0,15.0
1136610,HH Pandya,40,24,0,4.0,10.0
1136610,JJ Bumrah,14,24,3,4.0,3.5
1136610,KH Pandya,36,24,0,4.0,9.0
1136610,M Markande,33,18,0,3.0,11.0
1136610,MJ McClenaghan,36,24,2,4.0,9.0
1136610,MM Sharma,31,18,0,3.0,10.33
1136610,MP Stoinis,43,18,1,3.0,14.33
1136610,R Ashwin,18,18,2,3.0,6.0
1136611,Basil Thampi,69,24,0,4.0,17.25
1136611,C de Grandhomme,34,12,0,2.0,17.0
1136611,MM Ali,21,12,1,2.0,10.5
1136611,Mohammed Siraj,42,24,1,4.0,10.5
1136611,Rashid Khan,27,24,3,4.0,6.75
1136611,S Kaul,44,24,2,4.0,11.0
1136611,Sandeep Sharma,39,24,1,4.0,9.75
1136611,Shakib Al Hasan,35,24,0,4.0,8.75
1136611,TG Southee,44,24,0,4.0,11.0
1136611,UT Yadav,31,24,0,4.0,7.75
1136611,YS Chahal,27,24,1,4.0,6.75
1136612,A Mishra,20,24,2,4.0,5.0
1136612,Avesh Khan,28,12,0,2.0,14.0
1136612,DJ Bravo,50,24,0,4.0,12.5
1136612,DL Chahar,21,18,1,3.0,7.0
1136612,GJ Maxwell,14,12,0,2.0,7.0
1136612,HV Patel,23,24,1,4.0,5.75
1136612,Harbhajan Singh,24,12,0,2.0,12.0
1136612,L Ngidi,12,18,2,3.0,4.0
1136612,RA Jadeja,19,24,1,4.0,4.75
1136612,S Lamichhane,21,24,1,4.0,5.25
1136612,SN Thakur,27,24,1,4.0,6.75
1136612,TA Boult,20,24,2,4.0,5.0
1136613,B Laughlin,15,12,2,2.0,7.5
1136613,C de Grandhomme,20,12,0,2.0,10.0
1136613,IS Sodhi,31,24,1,4.0,7.75
1136613,JC Archer,36,24,0,4.0,9.0
1136613,JD Unadkat,27,20,2,3.3333333333333335,8.1
1136613,K Gowtham,6,12,1,2.0,3.0
1136613,MM Ali,19,12,0,2.0,9.5
1136613,Mohammed Siraj,33,24,1,4.0,8.25
1136613,S Gopal,16,24,4,4.0,4.0
1136613,TG Southee,36,24,1,4.0,9.0
1136613,UT Yadav,25,24,3,4.0,6.25
1136613,YS Chahal,26,24,0,4.0,6.5
1136614,AD Russell,29,18,1,3.0,9.67
1136614,B Kumar,32,24,0,4.0,8.0
1136614,CR Brathwaite,20,16,2,2.6666666666666665,7.5
1136614,JPR Scantlebury-Searles,24,12,1,2.0,12.0
1136614,Kuldeep Yadav,35,24,1,4.0,8.75
1136614,M Prasidh Krishna,28,24,5,4.0,7.0
1136614,N Rana,5,6,0,1.0,5.0
1136614,PP Chawla,19,12,0,2.0,9.5
1136614,Rashid Khan,31,24,0,4.0,7.75
1136614,S Kaul,25,24,2,4.0,6.25
1136614,SP Narine,21,24,1,4.0,5.25
1136614,Sandeep Sharma,28,12,0,2.0,14.0
1136614,Shakib Al Hasan,30,18,1,3.0,10.0
1136615,A Mishra,19,24,3,4.0,4.75
1136615,BCJ Cutting,35,24,0,4.0,8.75
1136615,GJ Maxwell,19,12,0,2.0,9.5
1136615,HH Pandya,35,24,0,4.0,8.75
1136615,HV Patel,26,15,3,2.5,10.4
1136615,JJ Bumrah,26,24,1,4.0,6.5
1136615,KH Pandya,11,12,1,2.0,5.5
1136615,LE Plunkett,25,18,0,3.0,8.33
1136615,M Markande,21,12,1,2.0,10.5
1136615,Mustafizur Rahman,34,24,1,4.0,8.5
1136615,S Lamichhane,35,24,3,4.0,8.75
1136615,TA Boult,32,24,1,4.0,8.0
1136616,AJ Tye,42,24,0,4.0,10.5
1136616,AR Patel,28,24,0,4.0,7.0
1136616,AS Rajpoot,18,24,2,4.0,4.5
1136616,DJ Bravo,39,24,2,4.0,9.75
1136616,DL Chahar,27,24,1,4.0,6.75
1136616,Harbhajan Singh,13,6,0,1.0,13.0
1136616,L Ngidi,9,24,4,4.0,2.25
1136616,MM Sharma,27,19,1,3.1666666666666665,8.53
1136616,R Ashwin,35,24,2,4.0,8.75
1136616,RA Jadeja,23,18,1,3.0,7.67
1136616,SN Thakur,31,22,2,3.6666666666666665,8.45
1136617,B Kumar,13,19,1,3.1666666666666665,4.11
1136617,CR Brathwaite,30,18,1,3.0,10.0
1136617,DJ Bravo,21,24,2,4.0,5.25
1136617,DL Chahar,29,24,1,4.0,7.25
1136617,L Ngidi,20,24,1,4.0,5.0
1136617,RA Jadeja,13,24,1,4.0,3.25
1136617,Rashid Khan,11,24,2,4.0,2.75
1136617,S Kaul,31,24,2,4.0,7.75
1136617,SN Thakur,47,24,2,4.0,11.75
1136617,Sandeep Sharma,30,18,2,3.0,10.0
1136617,Shakib Al Hasan,20,12,0,2.0,10.0
1136618,AD Russell,22,18,0,3.0,7.33
1136618,B Laughlin,33,18,2,3.0,11.0
1136618,IS Sodhi,15,24,0,4.0,3.75
1136618,JC Archer,29,24,2,4.0,7.25
1136618,JD Unadkat,33,12,0,2.0,16.5
1136618,JPR Scantlebury-Searles,13,6,0,1.0,13.0
1136618,K Gowtham,15,18,2,3.0,5.0
1136618,Kuldeep Yadav,18,24,1,4.0,4.5
1136618,M Prasidh Krishna,28,24,1,4.0,7.0
1136618,PP Chawla,24,24,2,4.0,6.0
1136618,S Gopal,34,24,1,4.0,8.5
1136618,SP Narine,38,24,0,4.0,9.5
1136619,AD Russell,9,6,0,1.0,9.0
1136619,B Kumar,38,24,0,4.0,9.5
1136619,CR Brathwaite,15,12,2,2.0,7.5
1136619,KK Ahmed,37,18,0,3.0,12.33
1136619,Kuldeep Yadav,29,24,3,4.0,7.25
1136619,M Prasidh Krishna,53,24,1,4.0,13.25
1136619,PP Chawla,22,18,1,3.0,7.33
1136619,Rashid Khan,19,24,3,4.0,4.75
1136619,S Kaul,32,24,2,4.0,8.0
1136619,SP Narine,24,24,1,4.0,6.0
1136619,Shakib Al Hasan,16,18,2,3.0,5.33
1136619,Shivam Mavi,32,24,1,4.0,8.0
1136620,B Kumar,17,24,0,4.0,4.25
1136620,CR Brathwaite,26,15,1,2.5,10.4
1136620,DJ Bravo,44,24,1,4.0,11.0
1136620,DL Chahar,22,24,0,4.0,5.5
1136620,KV Sharma,24,18,1,3.0,8.0
1136620,L Ngidi,26,24,2,4.0,6.5
1136620,RA Jadeja,24,12,1,2.0,12.0
1136620,Rashid Khan,24,24,0,4.0,6.0
1136620,S Kaul,43,18,0,3.0,14.33
1136620,SN Thakur,29,18,1,3.0,9.67
1136620,Sandeep Sharma,50,24,1,4.0,12.5
1136620,Shakib Al Hasan,15,6,0,1.0,15.0
1175356,DJ Bravo,0,1,1,0.16666666666666666,0.0
1175356,DL Chahar,16,24,0,4.0,4.0
1175356,Harbhajan Singh,20,24,4,4.0,5.0
1175356,Imran Tahir,9,24,3,4.0,2.25
1175356,MM Ali,19,24,1,4.0,4.75
1175356,Mohammed Siraj,5,12,1,2.0,2.5
1175356,Navdeep Saini,21,24,0,4.0,5.25
1175356,RA Jadeja,15,24,2,4.0,3.75
1175356,S Dube,2,4,0,0.6666666666666666,3.0
1175356,SK Raina,6,6,0,1.0,6.0
1175356,UT Yadav,12,18,0,3.0,4.0
1175356,YS Chahal,6,24,1,4.0,1.5
1175357,AD Russell,32,18,2,3.0,10.67
1175357,B Kumar,37,24,0,4.0,9.25
1175357,Kuldeep Yadav,18,12,0,2.0,9.0
1175357,LH Ferguson,34,24,0,4.0,8.5
1175357,M Prasidh Krishna,28,24,0,4.0,7.0
1175357,N Rana,9,6,0,1.0,9.0
1175357,PP Chawla,23,18,1,3.0,7.67
1175357,Rashid Khan,26,24,1,4.0,6.5
1175357,S Kaul,35,24,1,4.0,8.75
1175357,SP Narine,29,18,0,3.0,9.67
1175357,Sandeep Sharma,40,24,1,4.0,10.0
1175357,Shakib Al Hasan,41,22,1,3.6666666666666665,11.18
1175358,AR Patel,42,18,1,3.0,14.0
1175358,BCJ Cutting,27,12,1,2.0,13.5
1175358,HH Pandya,40,24,1,4.0,10.0
1175358,I Sharma,34,24,3,4.0,8.5
1175358,JJ Bumrah,40,24,1,4.0,10.0
1175358,K Rabada,19,24,2,4.0,4.75
1175358,KH Pandya,21,12,0,2.0,10.5
1175358,KMA Paul,19,18,1,3.0,6.33
1175358,MJ McClenaghan,40,24,3,4.0,10.0
1175358,R Tewatia,12,8,1,1.3333333333333333,9.0
1175358,Rasikh Salam,37,24,0,4.0,9.25
1175358,TA Boult,41,24,1,4.0,10.25
1175359,AS Rajpoot,29,24,2,4.0,7.25
1175359,BA Stokes,45,24,2,4.0,11.25
1175359,DS Kulkarni,27,24,1,4.0,6.75
1175359,JC Archer,17,24,0,4.0,4.25
1175359,JD Unadkat,43,18,0,3.0,14.33
1175359,K Gowtham,31,24,1,4.0,7.75
1175359,Mohammed Shami,33,24,1,4.0,8.25
1175359,Mujeeb Ur Rahman,30,24,2,4.0,7.5
1175359,R Ashwin,20,24,2,4.0,5.0
1175359,S Gopal,5,6,0,1.0,5.0
1175359,SM Curran,51,24,2,4.0,12.75
1175360,A Mishra,34,24,1,4.0,8.5
1175360,AR Patel,16,24,0,4.0,4.0
1175360,DJ Bravo,31,24,3,4.0,7.75
1175360,DL Chahar,19,24,1,4.0,4.75
1175360,Harbhajan Singh,28,24,0,4.0,7.0
1175360,I Sharma,28,18,1,3.0,9.33
1175360,Imran Tahir,20,12,1,2.0,10.0
1175360,K Rabada,26,22,1,3.6666666666666665,7.09
1175360,KMA Paul,18,18,0,3.0,6.0
1175360,R Tewatia,20,12,0,2.0,10.0
1175360,RA Jadeja,23,24,1,4.0,5.75
1175360,SN Thakur,19,12,0,2.0,9.5
1175361,AD Russell,21,18,2,3.0,7.0
1175361,AJ Tye,37,24,1,4.0,9.25
1175361,CV Varun,35,18,1,3.0,11.67
1175361,GC Viljoen,34,24,1,4.0,8.5
1175361,Kuldeep Yadav,30,24,0,4.0,7.5
1175361,LH Ferguson,40,24,1,4.0,10.0
1175361,M Prasidh Krishna,41,24,0,4.0,10.25
1175361,Mandeep Singh,18,6,0,1.0,18.0
1175361,Mohammed Shami,43,24,1,4.0,10.75
1175361,PP Chawla,26,18,1,3.0,8.67
1175361,R Ashwin,46,24,0,4.0,11.5
1175361,SP Narine,26,12,0,2.0,13.0
1175362,C de Grandhomme,26,18,0,3.0,8.67
1175362,HH Pandya,37,18,0,3.0,12.33
1175362,JJ Bumrah,19,24,4,4.0,4.75
1175362,KH Pandya,28,24,0,4.0,7.0
1175362,M Markande,23,18,1,3.0,7.67
1175362,MJ McClenaghan,24,12,0,2.0,12.0
1175362,MM Ali,13,6,0,1.0,13.0
1175362,Mohammed Siraj,37,24,2,4.0,9.25
1175362,Navdeep Saini,37,24,0,4.0,9.25
1175362,SL Malinga,45,24,0,4.0,11.25
1175362,UT Yadav,25,24,2,4.0,6.25
1175362,YS Chahal,37,24,4,4.0,9.25
1175363,B Kumar,52,24,0,4.0,13.0
1175363,BA Stokes,40,18,1,3.0,13.33
1175363,DS Kulkarni,39,18,0,3.0,13.0
1175363,JC Archer,40,24,0,4.0,10.0
1175363,JD Unadkat,24,18,1,3.0,8.0
1175363,K Gowtham,25,12,0,2.0,12.5
1175363,Rashid Khan,24,24,1,4.0,6.0
1175363,S Gopal,27,24,3,4.0,6.75
1175363,S Kaul,29,24,0,4.0,7.25
1175363,S Nadeem,36,18,1,3.0,12.0
1175363,Sandeep Sharma,38,24,0,4.0,9.5
1175363,V Shankar,13,6,0,1.0,13.0
1175364,AJ Tye,38,24,1,4.0,9.5
1175364,GC Viljoen,40,24,2,4.0,10.0
1175364,HH Pandya,36,18,0,3.0,12.0
1175364,JJ Bumrah,23,22,0,3.6666666666666665,6.27
1175364,KH Pandya,42,24,2,4.0,10.5
1175364,M Ashwin,25,24,2,4.0,6.25
1175364,M Markande,11,6,0,1.0,11.0
1175364,MJ McClenaghan,34,24,0,4.0,8.5
1175364,Mohammed Shami,41,24,2,4.0,10.25
1175364,R Ashwin,25,24,0,4.0,6.25
1175364,SL Malinga,23,18,0,3.0,7.67
1175366,B Kumar,25,18,0,3.0,8.33
1175366,C de Grandhomme,16,6,0,1.0,16.0
1175366,MM Ali,29,18,0,3.0,9.67
1175366,Mohammad Nabi,11,24,4,4.0,2.75
1175366,Mohammed Siraj,38,24,1,4.0,9.5
1175366,P Ray Barman,56,24,0,4.0,14.0
1175366,Rashid Khan,25,24,1,4.0,6.25
1175366,S Kaul,15,18,0,3.0,5.0
1175366,Sandeep Sharma,19,23,4,3.8333333333333335,4.96
1175366,UT Yadav,47,24,0,4.0,11.75
1175366,V Shankar,10,12,0,2.0,5.0
1175366,YS Chahal,43,24,1,4.0,10.75
1175367,BA Stokes,30,18,1,3.0,10.0
1175367,DJ Bravo,30,24,2,4.0,7.5
1175367,DL Chahar,18,24,2,4.0,4.5
1175367,DS Kulkarni,33,24,1,4.0,8.25
1175367,Imran Tahir,23,24,2,4.0,5.75
1175367,JC Archer,17,24,2,4.0,4.25
1175367,JD Unadkat,51,24,1,4.0,12.75
1175367,K Gowtham,12,12,0,2.0,6.0
1175367,MJ Santner,21,12,0,2.0,10.5
1175367,RA Jadeja,23,12,0,2.0,11.5
1175367,S Gopal,23,18,0,3.0,7.67
1175367,SN Thakur,41,24,2,4.0,10.25
1175368,Avesh Khan,29,18,0,3.0,9.67
1175368,CH Morris,29,24,3,4.0,7.25
1175368,GC Viljoen,22,18,1,3.0,7.33
1175368,GH Vihari,9,6,0,1.0,9.0
1175368,HV Patel,31,24,1,4.0,7.75
1175368,K Rabada,32,24,3,4.0,8.0
1175368,M Ashwin,19,12,0,2.0,9.5
1175368,Mohammed Shami,27,24,3,4.0,6.75
1175368,Mujeeb Ur Rahman,35,24,0,4.0,8.75
1175368,R Ashwin,28,24,2,4.0,7.0
1175368,S Lamichhane,27,24,2,4.0,6.75
1175368,SM Curran,10,14,4,2.3333333333333335,4.29
1175369,BA Stokes,29,18,0,3.0,9.67
1175369,DS Kulkarni,25,18,0,3.0,8.33
1175369,JC Archer,45,24,1,4.0,11.25
1175369,K Gowtham,19,24,0,4.0,4.75
1175369,MM Ali,14,6,0,1.0,14.0
1175369,MP Stoinis,28,18,0,3.0,9.33
1175369,Mohammed Siraj,24,24,1,4.0,6.0
1175369,Navdeep Saini,34,24,0,4.0,8.5
1175369,S Gopal,12,24,3,4.0,3.0
1175369,STR Binny,6,6,0,1.0,6.0
1175369,UT Yadav,39,23,0,3.8333333333333335,10.17
1175369,VR Aaron,16,6,0,1.0,16.0
1175369,YS Chahal,15,24,2,4.0,3.75
1175370,DJ Bravo,41,24,1,4.0,10.25
1175370,DL Chahar,21,18,1,3.0,7.0
1175370,HH Pandya,19,24,3,4.0,4.75
1175370,Imran Tahir,25,24,1,4.0,6.25
1175370,JJ Bumrah,24,24,0,4.0,6.0
1175370,JP Behrendorff,21,24,2,4.0,5.25
1175370,KH Pandya,10,12,0,2.0,5.0
1175370,MM Sharma,27,18,1,3.0,9.0
1175370,RA Jadeja,10,12,1,2.0,5.0
1175370,RD Chahar,10,12,0,2.0,5.0
1175370,SL Malinga,33,24,3,4.0,8.25
1175370,SN Thakur,34,24,0,4.0,8.5
1175371,AR Patel,17,24,1,4.0,4.25
1175371,B Kumar,26,24,2,4.0,6.5
1175371,CH Morris,26,18,0,3.0,8.67
1175371,I Sharma,4,6,1,1.0,4.0
1175371,K Rabada,32,21,1,3.5,9.14
1175371,Mohammad Nabi,21,24,2,4.0,5.25
1175371,R Tewatia,9,18,1,3.0,3.0
1175371,Rashid Khan,18,24,1,4.0,4.5
1175371,S Kaul,34,24,2,4.0,8.5
1175371,S Lamichhane,32,24,1,4.0,8.0
1175371,Sandeep Sharma,25,24,1,4.0,6.25
1175372,AD Russell,16,6,0,1.0,16.0
1175372,Kuldeep Yadav,31,24,1,4.0,7.75
1175372,LH Ferguson,32,12,0,2.0,16.0
1175372,M Prasidh Krishna,40,18,0,3.0,13.33
1175372,MP Stoinis,27,10,0,1.6666666666666665,16.2
1175372,Mohammed Siraj,21,14,0,2.3333333333333335,9.0
1175372,N Rana,20,12,1,2.0,10.0
1175372,Navdeep Saini,30,24,2,4.0,7.5
1175372,P Negi,21,19,2,3.1666666666666665,6.63
1175372,PP Chawla,32,24,0,4.0,8.0
1175372,SP Narine,29,24,1,4.0,7.25
1175372,TG Southee,56,24,0,4.0,14.0
1175372,YS Chahal,24,24,1,4.0,6.0
1178393,AJ Tye,37,24,0,4.0,9.25
1178393,DL Chahar,31,24,1,4.0,7.75
1178393,Harbhajan Singh,17,24,2,4.0,4.25
1178393,Imran Tahir,20,24,0,4.0,5.0
1178393,M Ashwin,22,24,0,4.0,5.5
1178393,Mohammed Shami,40,24,0,4.0,10.0
1178393,R Ashwin,22,24,3,4.0,5.5
1178393,RA Jadeja,24,24,0,4.0,6.0
1178393,SC Kuggeleijn,36,24,2,4.0,9.0
1178393,SM Curran,34,24,0,4.0,8.5
1178394,AS Joseph,10,22,6,3.6666666666666665,2.73
1178394,B Kumar,33,24,1,4.0,8.25
1178394,HH Pandya,7,6,0,1.0,7.0
1178394,JJ Bumrah,16,18,1,3.0,5.33
1178394,JP Behrendorff,28,24,1,4.0,7.0
1178394,KH Pandya,9,12,0,2.0,4.5
1178394,Mohammad Nabi,13,24,1,4.0,3.25
1178394,RD Chahar,20,24,2,4.0,5.0
1178394,Rashid Khan,24,24,2,4.0,6.0
1178394,S Kaul,33,24,2,4.0,8.25
1178394,Sandeep Sharma,19,18,1,3.0,6.33
1178394,YK Pathan,8,6,0,1.0,8.0
1178395,AR Patel,22,24,1,4.0,5.5
1178395,CH Morris,26,24,2,4.0,6.5
1178395,I Sharma,30,24,0,4.0,7.5
1178395,K Rabada,20,24,4,4.0,5.0
1178395,MM Ali,22,24,1,4.0,5.5
1178395,Mohammed Siraj,14,11,1,1.8333333333333335,7.64
1178395,Navdeep Saini,21,24,2,4.0,5.25
1178395,P Negi,26,18,1,3.0,8.67
1178395,S Lamichhane,46,24,1,4.0,11.5
1178395,TG Southee,22,12,1,2.0,11.0
1178395,YS Chahal,34,24,0,4.0,8.5
1178396,BA Stokes,2,5,0,0.8333333333333334,2.4
1178396,DS Kulkarni,30,18,0,3.0,10.0
1178396,HF Gurney,24,24,2,4.0,6.0
1178396,JC Archer,14,18,0,3.0,4.67
1178396,K Gowtham,22,6,0,1.0,22.0
1178396,Kuldeep Yadav,33,24,0,4.0,8.25
1178396,M Prasidh Krishna,31,24,1,4.0,7.75
1178396,PP Chawla,19,24,0,4.0,4.75
1178396,S Gopal,35,24,2,4.0,8.75
1178396,S Midhun,26,12,0,2.0,13.0
1178396,SP Narine,21,24,0,4.0,5.25
1178397,AS Rajpoot,20,24,0,4.0,5.0
1178397,B Kumar,25,24,0,4.0,6.25
1178397,Mohammad Nabi,42,23,0,3.8333333333333335,10.96
1178397,Mohammed Shami,30,24,1,4.0,7.5
1178397,Mujeeb Ur Rahman,32,24,1,4.0,8.0
1178397,R Ashwin,30,24,2,4.0,7.5
1178397,Rashid Khan,20,24,1,4.0,5.0
1178397,S Kaul,42,24,1,4.0,10.5
1178397,SM Curran,30,24,0,4.0,7.5
1178397,Sandeep Sharma,21,24,2,4.0,5.25
1178398,DL Chahar,19,24,3,4.0,4.75
1178398,HF Gurney,18,12,0,2.0,9.0
1178398,Harbhajan Singh,15,24,3,4.0,3.75
1178398,Imran Tahir,21,24,2,4.0,5.25
1178398,Kuldeep Yadav,16,24,0,4.0,4.0
1178398,M Prasidh Krishna,22,24,0,4.0,5.5
1178398,PP Chawla,28,24,1,4.0,7.0
1178398,RA Jadeja,16,24,1,4.0,4.0
1178398,SC Kuggeleijn,33,24,0,4.0,8.25
1178398,SP Narine,18,20,2,3.3333333333333335,5.4
1178399,AS Joseph,21,12,0,2.0,10.5
1178399,AS Rajpoot,45,24,1,4.0,11.25
1178399,GC Viljoen,27,24,0,4.0,6.75
1178399,HH Pandya,54,24,2,4.0,13.5
1178399,JJ Bumrah,36,24,1,4.0,9.0
1178399,JP Behrendorff,35,24,1,4.0,8.75
1178399,KH Pandya,17,12,0,2.0,8.5
1178399,Mohammed Shami,18,24,3,4.0,4.5
1178399,R Ashwin,37,24,1,4.0,9.25
1178399,RD Chahar,27,24,0,4.0,6.75
1178399,SM Curran,53,24,2,4.0,13.25
1178400,BA Stokes,34,18,2,3.0,11.33
1178400,DL Chahar,33,24,2,4.0,8.25
1178400,DS Kulkarni,14,18,1,3.0,4.67
1178400,Imran Tahir,28,24,0,4.0,7.0
1178400,JC Archer,19,24,1,4.0,4.75
1178400,JD Unadkat,23,18,2,3.0,7.67
1178400,MJ Santner,20,24,1,4.0,5.0
1178400,R Parag,24,18,0,3.0,8.0
1178400,RA Jadeja,20,24,2,4.0,5.0
1178400,S Gopal,31,24,0,4.0,7.75
1178400,SN Thakur,43,24,2,4.0,10.75
1178401,AD Russell,29,18,1,3.0,9.67
1178401,AR Patel,30,24,0,4.0,7.5
1178401,CH Morris,37,24,2,4.0,9.25
1178401,CR Brathwaite,13,6,0,1.0,13.0
1178401,I Sharma,19,24,1,4.0,4.75
1178401,K Rabada,42,24,2,4.0,10.5
1178401,KMA Paul,44,24,2,4.0,11.0
1178401,Kuldeep Yadav,27,24,0,4.0,6.75
1178401,LH Ferguson,36,18,0,3.0,12.0
1178401,M Prasidh Krishna,25,18,1,3.0,8.33
1178401,N Rana,12,12,1,2.0,6.0
1178401,PP Chawla,35,17,0,2.8333333333333335,12.35
1178402,AS Joseph,53,18,0,3.0,17.67
1178402,DS Kulkarni,38,24,1,4.0,9.5
1178402,HH Pandya,11,9,0,1.5,7.33
1178402,JC Archer,38,24,3,4.0,9.5
1178402,JD Unadkat,34,24,1,4.0,8.5
1178402,JJ Bumrah,23,24,2,4.0,5.75
1178402,JP Behrendorff,30,18,0,3.0,10.0
1178402,K Gowtham,39,18,0,3.0,13.0
1178402,KH Pandya,33,24,3,4.0,8.25
1178402,LS Livingstone,13,6,0,1.0,13.0
1178402,RD Chahar,34,24,1,4.0,8.5
1178402,S Gopal,21,24,0,4.0,5.25
1178403,AJ Tye,40,24,0,4.0,10.0
1178403,M Ashwin,24,24,0,4.0,6.0
1178403,MM Ali,18,24,1,4.0,4.5
1178403,Mohammed Shami,43,24,1,4.0,10.75
1178403,Mohammed Siraj,54,24,1,4.0,13.5
1178403,Navdeep Saini,22,24,0,4.0,5.5
1178403,R Ashwin,29,24,1,4.0,7.25
1178403,SM Curran,31,18,0,3.0,10.33
1178403,SN Khan,6,2,0,0.3333333333333333,18.0
1178403,UT Yadav,40,24,0,4.0,10.0
1178403,YS Chahal,32,24,2,4.0,8.0
1178404,AD Russell,16,6,0,1.0,16.0
1178404,DL Chahar,36,24,0,4.0,9.0
1178404,HF Gurney,37,24,1,4.0,9.25
1178404,Imran Tahir,26,24,4,4.0,6.5
1178404,Kuldeep Yadav,28,18,0,3.0,9.33
1178404,M Prasidh Krishna,29,24,0,4.0,7.25
1178404,MJ Santner,25,24,1,4.0,6.25
1178404,PP Chawla,32,22,2,3.6666666666666665,8.73
1178404,RA Jadeja,48,24,0,4.0,12.0
1178404,SN Thakur,17,24,3,4.0,4.25
1178404,SP Narine,18,24,2,4.0,4.5
1178405,A Mishra,13,18,0,3.0,4.33
1178405,AR Patel,23,12,0,2.0,11.5
1178405,Abhishek Sharma,10,6,1,1.0,10.0
1178405,B Kumar,29,24,2,4.0,7.25
1178405,CH Morris,22,18,3,3.0,7.33
1178405,DJ Hooda,8,6,0,1.0,8.0
1178405,I Sharma,18,18,0,3.0,6.0
1178405,K Rabada,20,23,4,3.8333333333333335,5.22
1178405,KK Ahmed,29,24,3,4.0,7.25
1178405,KMA Paul,14,24,3,4.0,3.5
1178405,Rashid Khan,22,24,1,4.0,5.5
1178405,Sandeep Sharma,29,24,0,4.0,7.25
1178405,V Shankar,17,12,0,2.0,8.5
1178406,HH Pandya,21,18,1,3.0,7.0
1178406,JJ Bumrah,22,24,0,4.0,5.5
1178406,JP Behrendorff,48,24,1,4.0,12.0
1178406,KH Pandya,10,6,0,1.0,10.0
1178406,MM Ali,18,24,2,4.0,4.5
1178406,Mohammed Siraj,19,12,1,2.0,9.5
1178406,Navdeep Saini,33,18,0,3.0,11.0
1178406,P Negi,45,24,0,4.0,11.25
1178406,RD Chahar,31,24,0,4.0,7.75
1178406,SL Malinga,31,24,5,4.0,7.75
1178406,UT Yadav,24,12,0,2.0,12.0
1178406,YS Chahal,27,24,2,4.0,6.75
1178407,Arshdeep Singh,41,24,2,4.0,10.25
1178407,DS Kulkarni,37,24,1,4.0,9.25
1178407,IS Sodhi,40,24,1,4.0,10.0
1178407,JC Archer,14,24,3,4.0,3.5
1178407,JD Unadkat,48,24,1,4.0,12.0
1178407,M Ashwin,23,24,1,4.0,5.75
1178407,Mandeep Singh,8,6,0,1.0,8.0
1178407,Mohammed Shami,46,24,2,4.0,11.5
1178407,Mujeeb Ur Rahman,19,18,0,3.0,6.33
1178407,R Ashwin,23,24,2,4.0,5.75
1178407,S Gopal,31,24,0,4.0,7.75
1178408,B Kumar,21,24,0,4.0,5.25
1178408,DL Chahar,31,18,1,3.0,10.33
1178408,Imran Tahir,20,24,2,4.0,5.0
1178408,KK Ahmed,21,24,1,4.0,5.25
1178408,KV Sharma,33,17,1,2.8333333333333335,11.65
1178408,RA Jadeja,22,24,0,4.0,5.5
1178408,Rashid Khan,17,24,2,4.0,4.25
1178408,S Nadeem,24,12,1,2.0,12.0
1178408,SN Thakur,28,18,0,3.0,9.33
1178408,Sandeep Sharma,31,24,0,4.0,7.75
1178408,V Shankar,11,12,1,2.0,5.5
1178409,A Mishra,18,18,1,3.0,6.0
1178409,AR Patel,17,24,2,4.0,4.25
1178409,CH Morris,38,18,0,3.0,12.67
1178409,HH Pandya,17,12,1,2.0,8.5
1178409,I Sharma,17,18,0,3.0,5.67
1178409,J Yadav,25,24,0,4.0,6.25
1178409,JJ Bumrah,18,24,3,4.0,4.5
1178409,K Rabada,36,24,2,4.0,9.0
1178409,KH Pandya,7,12,1,2.0,3.5
1178409,KMA Paul,30,18,0,3.0,10.0
1178409,RD Chahar,17,24,3,4.0,4.25
1178409,SL Malinga,36,24,1,4.0,9.0
1178410,AD Russell,17,18,1,3.0,5.67
1178410,DW Steyn,40,24,2,4.0,10.0
1178410,HF Gurney,39,24,1,4.0,9.75
1178410,Kuldeep Yadav,58,24,1,4.0,14.5
1178410,M Prasidh Krishna,52,24,0,4.0,13.0
1178410,MM Ali,13,6,1,1.0,13.0
1178410,MP Stoinis,31,24,1,4.0,7.75
1178410,Mohammed Siraj,31,24,0,4.0,7.75
1178410,Navdeep Saini,31,24,1,4.0,7.75
1178410,PP Chawla,10,6,0,1.0,10.0
1178410,SP Narine,31,24,1,4.0,7.75
1178410,YS Chahal,41,18,0,3.0,13.67
1178411,DS Kulkarni,30,18,0,3.0,10.0
1178411,HH Pandya,31,24,1,4.0,7.75
1178411,JC Archer,22,24,1,4.0,5.5
1178411,JD Unadkat,43,24,1,4.0,10.75
1178411,JJ Bumrah,21,24,1,4.0,5.25
1178411,KH Pandya,24,12,0,2.0,12.0
1178411,M Markande,24,12,0,2.0,12.0
1178411,R Parag,17,12,0,2.0,8.5
1178411,RD Chahar,29,24,3,4.0,7.25
1178411,S Gopal,21,24,2,4.0,5.25
1178411,SL Malinga,27,19,0,3.1666666666666665,8.53
1178411,STR Binny,19,18,1,3.0,6.33
1178412,A Mishra,41,24,0,4.0,10.25
1178412,AR Patel,22,18,2,3.0,7.33
1178412,GC Viljoen,38,24,3,4.0,9.5
1178412,Harpreet Brar,24,12,0,2.0,12.0
1178412,I Sharma,27,24,0,4.0,6.75
1178412,K Rabada,23,24,2,4.0,5.75
1178412,M Ashwin,16,18,0,3.0,5.33
1178412,Mohammed Shami,21,24,2,4.0,5.25
1178412,R Ashwin,24,18,0,3.0,8.0
1178412,S Lamichhane,40,24,3,4.0,10.0
1178412,SE Rutherford,5,6,0,1.0,5.0
1178412,SM Curran,32,22,0,3.6666666666666665,8.73
1178413,AD Russell,8,6,0,1.0,8.0
1178413,B Kumar,34,24,2,4.0,8.5
1178413,HF Gurney,15,12,0,2.0,7.5
1178413,KC Cariappa,33,12,0,2.0,16.5
1178413,KK Ahmed,30,24,3,4.0,7.5
1178413,PP Chawla,38,18,0,3.0,12.67
1178413,Rashid Khan,23,24,1,4.0,5.75
1178413,S Nadeem,30,24,1,4.0,7.5
1178413,SP Narine,34,24,0,4.0,8.5
1178413,Sandeep Sharma,37,24,1,4.0,9.25
1178413,Y Prithvi Raj,27,18,1,3.0,9.0
1178414,DJ Bravo,34,24,2,4.0,8.5
1178414,DL Chahar,24,24,2,4.0,6.0
1178414,DW Steyn,29,24,2,4.0,7.25
1178414,Imran Tahir,31,24,1,4.0,7.75
1178414,MP Stoinis,19,18,0,3.0,6.33
1178414,Navdeep Saini,17,24,2,4.0,4.25
1178414,P Negi,7,6,0,1.0,7.0
1178414,RA Jadeja,29,24,2,4.0,7.25
1178414,SN Thakur,39,24,0,4.0,9.75
1178414,UT Yadav,46,24,3,4.0,11.5
1178414,YS Chahal,24,24,1,4.0,6.0
1178415,A Mishra,28,18,0,3.0,9.33
1178415,AR Patel,39,24,1,4.0,9.75
1178415,CH Morris,40,24,1,4.0,10.0
1178415,DS Kulkarni,51,24,1,4.0,12.75
1178415,I Sharma,29,24,1,4.0,7.25
1178415,JC Archer,31,24,0,4.0,7.75
1178415,JD Unadkat,36,20,0,3.3333333333333335,10.8
1178415,K Rabada,36,24,3,4.0,9.0
1178415,R Parag,25,18,1,3.0,8.33
1178415,S Gopal,42,24,2,4.0,10.5
1178415,SE Rutherford,14,6,0,1.0,14.0
1178415,STR Binny,3,6,0,1.0,3.0
1178416,B Kumar,18,24,2,4.0,4.5
1178416,DJ Bravo,33,24,0,4.0,8.25
1178416,DL Chahar,28,24,1,4.0,7.0
1178416,Harbhajan Singh,39,24,2,4.0,9.75
1178416,Imran Tahir,38,24,0,4.0,9.5
1178416,KK Ahmed,26,24,0,4.0,6.5
1178416,RA Jadeja,33,24,0,4.0,8.25
1178416,Rashid Khan,43,24,1,4.0,10.75
1178416,Sandeep Sharma,53,23,1,3.8333333333333335,13.83
1178416,Shakib Al Hasan,27,24,0,4.0,6.75
1178417,AS Rajpoot,44,24,0,4.0,11.0
1178417,GC Viljoen,49,24,1,4.0,12.25
1178417,M Ashwin,31,24,1,4.0,7.75
1178417,MM Ali,22,18,1,3.0,7.33
1178417,MP Stoinis,13,12,1,2.0,6.5
1178417,Mohammed Shami,52,24,1,4.0,13.0
1178417,Navdeep Saini,33,24,2,4.0,8.25
1178417,R Ashwin,15,24,1,4.0,3.75
1178417,TG Southee,32,18,0,3.0,10.67
1178417,UT Yadav,33,24,3,4.0,8.25
1178417,Washington Sundar,21,12,0,2.0,10.5
1178417,YS Chahal,27,12,0,2.0,13.5
1178418,AD Russell,32,18,1,3.0,10.67
1178418,CR Brathwaite,13,12,0,2.0,6.5
1178418,JC Archer,27,24,1,4.0,6.75
1178418,JD Unadkat,49,24,1,4.0,12.25
1178418,M Prasidh Krishna,42,20,1,3.3333333333333335,12.6
1178418,N Rana,13,6,0,1.0,13.0
1178418,O Thomas,30,24,1,4.0,7.5
1178418,PP Chawla,20,24,3,4.0,5.0
1178418,R Parag,7,6,0,1.0,7.0
1178418,S Gopal,31,18,1,3.0,10.33
1178418,SP Narine,25,24,2,4.0,6.25
1178418,VR Aaron,20,24,2,4.0,5.0
1178418,Y Prithvi Raj,27,12,0,2.0,13.5
1178419,AS Roy,8,12,1,2.0,4.0
1178419,DJ Bravo,33,24,0,4.0,8.25
1178419,DL Chahar,45,24,1,4.0,11.25
1178419,HH Pandya,19,12,1,2.0,9.5
1178419,Harbhajan Singh,23,24,0,4.0,5.75
1178419,Imran Tahir,37,24,1,4.0,9.25
1178419,JJ Bumrah,9,18,2,3.0,3.0
1178419,KH Pandya,7,18,2,3.0,2.33
1178419,MJ Santner,13,24,2,4.0,3.25
1178419,RD Chahar,21,24,0,4.0,5.25
1178419,SL Malinga,37,22,4,3.6666666666666665,10.09
1178420,B Kumar,21,24,0,4.0,5.25
1178420,JD Unadkat,26,24,2,4.0,6.5
1178420,KK Ahmed,33,24,1,4.0,8.25
1178420,O Thomas,27,24,2,4.0,6.75
1178420,R Parag,24,18,0,3.0,8.0
1178420,Rashid Khan,30,24,1,4.0,7.5
1178420,S Gopal,30,24,2,4.0,7.5
1178420,S Kaul,46,24,0,4.0,11.5
1178420,STR Binny,9,6,0,1.0,9.0
1178420,Shakib Al Hasan,26,19,1,3.1666666666666665,8.21
1178420,VR Aaron,35,24,2,4.0,8.75
1178421,A Mishra,28,24,2,4.0,7.0
1178421,AR Patel,26,24,1,4.0,6.5
1178421,I Sharma,40,24,1,4.0,10.0
1178421,K Rabada,30,24,2,4.0,7.5
1178421,MP Stoinis,24,18,0,3.0,8.0
1178421,Navdeep Saini,44,24,1,4.0,11.0
1178421,S Dube,5,6,0,1.0,5.0
1178421,S Lamichhane,36,18,0,3.0,12.0
1178421,SE Rutherford,6,6,1,1.0,6.0
1178421,UT Yadav,39,24,1,4.0,9.75
1178421,Washington Sundar,29,24,1,4.0,7.25
1178421,YS Chahal,41,24,2,4.0,10.25
1178422,AD Russell,25,24,2,4.0,6.25
1178422,BB Sran,27,12,0,2.0,13.5
1178422,HF Gurney,37,24,2,4.0,9.25
1178422,HH Pandya,28,18,1,3.0,9.33
1178422,JJ Bumrah,41,24,0,4.0,10.25
1178422,KH Pandya,27,18,0,3.0,9.0
1178422,PP Chawla,57,24,1,4.0,14.25
1178422,RD Chahar,53,24,1,4.0,13.25
1178422,S Sandeep Warrier,29,24,0,4.0,7.25
1178422,SL Malinga,48,24,0,4.0,12.0
1178422,SP Narine,44,24,2,4.0,11.0
1178423,Abhishek Sharma,9,6,0,1.0,9.0
1178423,Arshdeep Singh,39,24,1,4.0,9.75
1178423,B Kumar,33,24,0,4.0,8.25
1178423,KK Ahmed,37,24,3,4.0,9.25
1178423,M Ashwin,30,24,1,4.0,7.5
1178423,Mohammad Nabi,28,18,0,3.0,9.33
1178423,Mohammed Shami,35,24,2,4.0,8.75
1178423,Mujeeb Ur Rahman,59,24,0,4.0,14.75
1178423,R Ashwin,29,24,2,4.0,7.25
1178423,Rashid Khan,21,24,3,4.0,5.25
1178423,Sandeep Sharma,31,24,2,4.0,7.75
1178425,A Mishra,16,18,0,3.0,5.33
1178425,AR Patel,31,18,1,3.0,10.33
1178425,CH Morris,39,24,1,4.0,9.75
1178425,DJ Bravo,18,18,1,3.0,6.0
1178425,DL Chahar,32,18,1,3.0,10.67
1178425,Harbhajan Singh,28,24,1,4.0,7.0
1178425,Imran Tahir,12,20,4,3.3333333333333335,3.6
1178425,J Suchith,28,24,2,4.0,7.0
1178425,RA Jadeja,9,18,3,3.0,3.0
1178425,SE Rutherford,17,12,0,2.0,8.5
1178425,TA Boult,35,24,0,4.0,8.75
1178427,AD Russell,28,18,1,3.0,9.33
1178427,AJ Tye,39,18,1,3.0,13.0
1178427,Arshdeep Singh,24,12,0,2.0,12.0
1178427,HF Gurney,41,24,1,4.0,10.25
1178427,M Ashwin,24,12,0,2.0,12.0
1178427,Mohammed Shami,15,18,1,3.0,5.0
1178427,N Rana,8,6,1,1.0,8.0
1178427,PP Chawla,43,24,0,4.0,10.75
1178427,R Ashwin,37,24,1,4.0,9.25
1178427,S Sandeep Warrier,31,24,2,4.0,7.75
1178427,SM Curran,39,24,0,4.0,9.75
1178427,SP Narine,29,24,1,4.0,7.25
1178428,A Mishra,17,24,3,4.0,4.25
1178428,AR Patel,16,24,1,4.0,4.0
1178428,I Sharma,33,24,3,4.0,8.25
1178428,IS Sodhi,26,19,3,3.1666666666666665,8.21
1178428,K Gowtham,16,24,0,4.0,4.0
1178428,KMA Paul,14,19,0,3.1666666666666665,4.42
1178428,O Thomas,13,6,0,1.0,13.0
1178428,R Parag,14,6,0,1.0,14.0
1178428,S Gopal,21,24,2,4.0,5.25
1178428,SE Rutherford,2,5,0,0.8333333333333334,2.4
1178428,STR Binny,6,6,0,1.0,6.0
1178428,TA Boult,24,24,2,4.0,6.0
1178428,VR Aaron,20,12,0,2.0,10.0
1178429,B Kumar,23,24,2,4.0,5.75
1178429,Basil Thampi,29,24,0,4.0,7.25
1178429,C de Grandhomme,12,6,0,1.0,12.0
1178429,K Khejroliya,28,24,1,4.0,7.0
1178429,KK Ahmed,33,24,3,4.0,8.25
1178429,Mohammad Nabi,26,14,0,2.3333333333333335,11.14
1178429,Navdeep Saini,39,24,2,4.0,9.75
1178429,Rashid Khan,43,24,1,4.0,10.75
1178429,UT Yadav,43,24,0,4.0,10.75
1178429,V Shankar,15,6,0,1.0,15.0
1178429,Washington Sundar,24,18,3,3.0,8.0
1178429,YS Chahal,23,24,1,4.0,5.75
1178430,AJ Tye,37,18,0,3.0,12.33
1178430,DJ Bravo,23,24,0,4.0,5.75
1178430,DL Chahar,28,24,0,4.0,7.0
1178430,Harbhajan Singh,56,24,3,4.0,14.0
1178430,Harpreet Brar,24,18,0,3.0,8.0
1178430,Imran Tahir,36,24,0,4.0,9.0
1178430,M Ashwin,33,18,0,3.0,11.0
1178430,Mohammed Shami,17,18,2,3.0,5.67
1178430,R Ashwin,23,24,0,4.0,5.75
1178430,RA Jadeja,16,12,1,2.0,8.0
1178430,SM Curran,34,24,3,4.0,8.5
1178431,AD Russell,34,13,0,2.1666666666666665,15.69
1178431,HF Gurney,19,18,0,3.0,6.33
1178431,HH Pandya,20,18,2,3.0,6.67
1178431,JJ Bumrah,26,24,2,4.0,6.5
1178431,KH Pandya,13,24,0,4.0,3.25
1178431,M Prasidh Krishna,22,18,1,3.0,7.33
1178431,MJ McClenaghan,16,24,0,4.0,4.0
1178431,RD Chahar,12,6,0,1.0,12.0
1178431,S Sandeep Warrier,24,24,0,4.0,6.0
1178431,SL Malinga,32,24,3,4.0,8.0
1178431,SP Narine,32,24,0,4.0,8.0
1181764,DJ Bravo,25,18,0,3.0,8.33
1181764,DL Chahar,30,21,1,3.5,8.57
1181764,HH Pandya,13,12,0,2.0,6.5
1181764,Harbhajan Singh,22,24,1,4.0,5.5
1181764,Imran Tahir,29,24,2,4.0,7.25
1181764,J Yadav,24,18,1,3.0,8.0
1181764,JJ Bumrah,30,24,0,4.0,7.5
1181764,KH Pandya,21,24,1,4.0,5.25
1181764,RA Jadeja,18,24,0,4.0,4.5
1181764,RD Chahar,14,24,2,4.0,3.5
1181764,SL Malinga,24,18,0,3.0,8.0
1181766,A Mishra,16,24,1,4.0,4.0
1181766,AR Patel,30,24,0,4.0,7.5
1181766,B Kumar,40,24,2,4.0,10.0
1181766,Basil Thampi,41,24,0,4.0,10.25
1181766,DJ Hooda,12,6,0,1.0,12.0
1181766,I Sharma,34,24,2,4.0,8.5
1181766,KK Ahmed,23,17,3,2.8333333333333335,8.12
1181766,KMA Paul,20,24,3,4.0,5.0
1181766,Mohammad Nabi,29,24,0,4.0,7.25
1181766,Rashid Khan,14,24,2,4.0,3.5
1181766,SE Rutherford,10,6,0,1.0,10.0
1181766,TA Boult,36,18,1,3.0,12.0
1181767,A Mishra,21,24,1,4.0,5.25
1181767,AR Patel,32,24,1,4.0,8.0
1181767,DJ Bravo,16,24,2,4.0,4.0
1181767,DL Chahar,27,24,2,4.0,6.75
1181767,Harbhajan Singh,31,24,2,4.0,7.75
1181767,I Sharma,24,24,1,4.0,6.0
1181767,Imran Tahir,28,24,1,4.0,7.0
1181767,KMA Paul,43,18,0,3.0,14.33
1181767,RA Jadeja,23,18,2,3.0,7.67
1181767,SN Thakur,13,6,0,1.0,13.0
1181767,TA Boult,20,24,1,4.0,5.0
1181768,DJ Bravo,23,18,1,3.0,7.67
1181768,DL Chahar,25,24,3,4.0,6.25
1181768,HH Pandya,2,6,1,1.0,2.0
1181768,Harbhajan Singh,26,24,0,4.0,6.5
1181768,Imran Tahir,23,18,2,3.0,7.67
1181768,JJ Bumrah,14,24,2,4.0,3.5
1181768,KH Pandya,39,18,1,3.0,13.0
1181768,MJ McClenaghan,22,24,0,4.0,5.5
1181768,RA Jadeja,12,12,0,2.0,6.0
1181768,RD Chahar,14,24,1,4.0,3.5
1181768,SL Malinga,48,24,2,4.0,12.0
1181768,SN Thakur,37,24,2,4.0,9.25
1216492,DL Chahar,31,24,2,4.0,7.75
1216492,JJ Bumrah,37,24,1,4.0,9.25
1216492,JL Pattinson,26,24,1,4.0,6.5
1216492,KH Pandya,36,24,1,4.0,9.0
1216492,L Ngidi,36,24,3,4.0,9.0
1216492,PP Chawla,20,24,1,4.0,5.0
1216492,RA Jadeja,42,24,2,4.0,10.5
1216492,RD Chahar,36,24,1,4.0,9.0
1216492,SM Curran,28,24,1,4.0,7.0
1216492,TA Boult,23,20,1,3.3333333333333335,6.9
1216494,CH Morris,15,24,1,4.0,3.75
1216494,CV Varun,28,24,0,4.0,7.0
1216494,I Udana,6,6,0,1.0,6.0
1216494,LH Ferguson,16,24,2,4.0,4.0
1216494,M Prasidh Krishna,19,15,0,2.5,7.6
1216494,Mohammed Siraj,8,24,3,4.0,2.0
1216494,Navdeep Saini,23,18,1,3.0,7.67
1216494,PJ Cummins,17,18,0,3.0,5.67
1216494,Washington Sundar,14,24,1,4.0,3.5
1216494,YS Chahal,15,24,2,4.0,3.75
1216495,DS Kulkarni,20,18,0,3.0,6.67
1216495,JL Pattinson,29,18,0,3.0,9.67
1216495,JO Holder,25,24,2,4.0,6.25
1216495,KH Pandya,32,19,0,3.1666666666666665,10.11
1216495,NM Coulter-Nile,26,24,0,4.0,6.5
1216495,RD Chahar,36,24,0,4.0,9.0
1216495,Rashid Khan,32,24,1,4.0,8.0
1216495,S Nadeem,19,24,2,4.0,4.75
1216495,Sandeep Sharma,34,24,3,4.0,8.5
1216495,T Natarajan,38,24,0,4.0,9.5
1216496,DL Chahar,31,24,1,4.0,7.75
1216496,JC Archer,25,24,1,4.0,6.25
1216496,JD Unadkat,42,24,0,4.0,10.5
1216496,L Ngidi,40,24,2,4.0,10.0
1216496,PP Chawla,53,24,1,4.0,13.25
1216496,R Tewatia,37,24,3,4.0,9.25
1216496,RA Jadeja,38,24,0,4.0,9.5
1216496,S Gopal,38,24,1,4.0,9.5
1216496,SM Curran,32,24,3,4.0,8.0
1216496,TK Curran,52,24,1,4.0,13.0
1216497,A Nortje,27,24,2,4.0,6.75
1216497,AR Patel,7,6,0,1.0,7.0
1216497,CV Varun,19,24,5,4.0,4.75
1216497,K Rabada,30,24,2,4.0,7.5
1216497,KL Nagarkoti,11,12,0,2.0,5.5
1216497,LH Ferguson,30,24,1,4.0,7.5
1216497,M Prasidh Krishna,16,12,0,2.0,8.0
1216497,MP Stoinis,39,24,2,4.0,9.75
1216497,PJ Cummins,17,24,3,4.0,4.25
1216497,R Ashwin,45,18,0,3.0,15.0
1216497,SP Narine,36,24,0,4.0,9.0
1216497,TU Deshpande,39,24,0,4.0,9.75
1216498,Arshdeep Singh,22,23,4,3.8333333333333335,5.74
1216498,CJ Jordan,15,24,3,4.0,3.75
1216498,JO Holder,25,24,2,4.0,6.25
1216498,KK Ahmed,31,24,1,4.0,7.75
1216498,M Ashwin,27,24,1,4.0,6.75
1216498,Mohammed Shami,33,24,1,4.0,8.25
1216498,Rashid Khan,14,24,2,4.0,3.5
1216498,Ravi Bishnoi,13,24,1,4.0,3.25
1216498,Sandeep Sharma,28,24,2,4.0,7.0
1216498,T Natarajan,21,24,0,4.0,5.25
1216499,CH Morris,35,24,1,4.0,8.75
1216499,DW Steyn,40,24,0,4.0,10.0
1216499,JJ Bumrah,13,24,3,4.0,3.25
1216499,JL Pattinson,35,18,0,3.0,11.67
1216499,KA Pollard,5,6,1,1.0,5.0
1216499,KH Pandya,27,24,0,4.0,6.75
1216499,Mohammed Siraj,27,19,2,3.1666666666666665,8.53
1216499,RD Chahar,42,24,1,4.0,10.5
1216499,TA Boult,39,24,1,4.0,9.75
1216499,Washington Sundar,19,24,0,4.0,4.75
1216499,YS Chahal,37,24,2,4.0,9.25
1216500,A Nortje,23,24,1,4.0,5.75
1216500,AJ Tye,47,24,2,4.0,11.75
1216500,AR Patel,8,12,1,2.0,4.0
1216500,HV Patel,28,24,1,4.0,7.0
1216500,JC Archer,23,24,3,4.0,5.75
1216500,K Rabada,32,22,3,3.6666666666666665,8.73
1216500,Kartik Tyagi,34,24,1,4.0,8.5
1216500,MP Stoinis,16,12,2,2.0,8.0
1216500,R Ashwin,21,24,2,4.0,5.25
1216500,R Tewatia,19,24,2,4.0,4.75
1216500,S Gopal,23,12,0,2.0,11.5
1216500,VR Aaron,20,12,0,2.0,10.0
1216501,AD Russell,18,12,1,2.0,9.0
1216501,CV Varun,28,24,1,4.0,7.0
1216501,DJ Bravo,35,24,4,4.0,8.75
1216501,DL Chahar,45,24,0,4.0,11.25
1216501,KL Nagarkoti,21,18,1,3.0,7.0
1216501,KV Sharma,25,24,2,4.0,6.25
1216501,PJ Cummins,23,24,0,4.0,5.75
1216501,SM Curran,26,24,2,4.0,6.5
1216501,SN Thakur,26,24,2,4.0,6.5
1216501,SP Narine,31,24,1,4.0,7.75
1216501,Shivam Mavi,32,18,1,3.0,10.67
1216502,CH Morris,15,12,0,2.0,7.5
1216502,I Udana,20,18,1,3.0,6.67
1216502,JO Holder,26,24,2,4.0,6.5
1216502,Mohammed Siraj,12,6,0,1.0,12.0
1216502,Navdeep Saini,28,12,1,2.0,14.0
1216502,Rashid Khan,18,24,1,4.0,4.5
1216502,S Nadeem,35,24,1,4.0,8.75
1216502,Sandeep Sharma,19,24,2,4.0,4.75
1216502,T Natarajan,11,24,1,4.0,2.75
1216502,Washington Sundar,21,18,1,3.0,7.0
1216502,YS Chahal,19,19,2,3.1666666666666665,6.0
1216503,JDS Neesham,51,24,0,4.0,12.75
1216503,JJ Bumrah,18,24,2,4.0,4.5
1216503,JL Pattinson,27,24,2,4.0,6.75
1216503,K Gowtham,45,24,1,4.0,11.25
1216503,KH Pandya,24,24,1,4.0,6.0
1216503,Mohammed Shami,34,24,1,4.0,8.5
1216503,RD Chahar,25,24,2,4.0,6.25
1216503,Ravi Bishnoi,36,24,1,4.0,9.0
1216503,SS Cottrell,19,24,1,4.0,4.75
1216503,TA Boult,42,24,1,4.0,10.5
1216504,AS Rajpoot,35,24,1,4.0,8.75
1216504,CV Varun,25,24,2,4.0,6.25
1216504,JC Archer,18,24,2,4.0,4.5
1216504,JD Unadkat,14,12,1,2.0,7.0
1216504,KL Nagarkoti,13,12,2,2.0,6.5
1216504,Kuldeep Yadav,20,18,1,3.0,6.67
1216504,PJ Cummins,13,18,1,3.0,4.33
1216504,R Parag,14,6,0,1.0,14.0
1216504,R Tewatia,6,6,1,1.0,6.0
1216504,S Gopal,43,24,0,4.0,10.75
1216504,SP Narine,39,24,1,4.0,9.75
1216504,Shivam Mavi,20,24,2,4.0,5.0
1216504,TK Curran,33,24,1,4.0,8.25
1216505,A Nortje,33,24,4,4.0,8.25
1216505,AR Patel,30,24,0,4.0,7.5
1216505,CH Morris,19,12,0,2.0,9.5
1216505,DR Sams,37,24,0,4.0,9.25
1216505,I Udana,24,12,0,2.0,12.0
1216505,K Rabada,30,24,2,4.0,7.5
1216505,Mohammed Siraj,27,18,1,3.0,9.0
1216505,R Ashwin,18,24,1,4.0,4.5
1216505,Shahbaz Ahmed,25,24,2,4.0,6.25
1216505,Washington Sundar,24,24,1,4.0,6.0
1216505,YS Chahal,29,24,0,4.0,7.25
1216506,CH Gayle,5,5,0,0.8333333333333334,6.0
1216506,CJ Jordan,31,18,1,3.0,10.33
1216506,DL Chahar,30,18,0,3.0,10.0
1216506,Imran Tahir,24,24,1,4.0,6.0
1216506,JDS Neesham,25,18,0,3.0,8.33
1216506,L Ngidi,38,24,3,4.0,9.5
1216506,M Ashwin,17,24,0,4.0,4.25
1216506,Mohammed Shami,24,24,0,4.0,6.0
1216506,RA Jadeja,17,18,1,3.0,5.67
1216506,Ravi Bishnoi,38,24,0,4.0,9.5
1216506,SM Curran,15,12,0,2.0,7.5
1216506,SN Thakur,27,24,1,4.0,6.75
1216507,Abhishek Sharma,11,6,0,1.0,11.0
1216507,BA Stokes,7,6,0,1.0,7.0
1216507,JC Archer,23,24,1,4.0,5.75
1216507,JD Unadkat,30,24,2,4.0,7.5
1216507,KK Ahmed,37,23,2,3.8333333333333335,9.65
1216507,Kartik Tyagi,29,18,1,3.0,9.67
1216507,R Tewatia,34,24,0,4.0,8.5
1216507,Rashid Khan,25,24,2,4.0,6.25
1216507,S Gopal,31,24,0,4.0,7.75
1216507,Sandeep Sharma,32,24,0,4.0,8.0
1216507,T Natarajan,32,24,1,4.0,8.0
1216507,V Shankar,20,18,0,3.0,6.67
1216508,AD Russell,17,12,1,2.0,8.5
1216508,JJ Bumrah,31,24,2,4.0,7.75
1216508,JL Pattinson,24,24,2,4.0,6.0
1216508,KA Pollard,20,18,1,3.0,6.67
1216508,KH Pandya,10,6,0,1.0,10.0
1216508,Kuldeep Yadav,37,24,0,4.0,9.25
1216508,PJ Cummins,45,18,0,3.0,15.0
1216508,RD Chahar,26,24,2,4.0,6.5
1216508,S Sandeep Warrier,31,18,0,3.0,10.33
1216508,SP Narine,22,24,2,4.0,5.5
1216508,Shivam Mavi,29,24,2,4.0,7.25
1216508,TA Boult,30,24,2,4.0,7.5
1216509,A Nortje,44,24,2,4.0,11.0
1216509,AR Patel,23,24,0,4.0,5.75
1216509,DJ Bravo,22,18,1,3.0,7.33
1216509,DL Chahar,18,24,2,4.0,4.5
1216509,K Rabada,31,24,1,4.0,7.75
1216509,KV Sharma,34,18,0,3.0,11.33
1216509,MP Stoinis,10,6,0,1.0,10.0
1216509,R Ashwin,30,18,0,3.0,10.0
1216509,RA Jadeja,34,11,0,1.8333333333333335,18.55
1216509,SM Curran,34,24,1,4.0,8.5
1216509,SN Thakur,39,24,1,4.0,9.75
1216509,TU Deshpande,37,24,1,4.0,9.25
1216510,DW Steyn,56,24,0,4.0,14.0
1216510,GJ Maxwell,10,12,1,2.0,5.0
1216510,JDS Neesham,12,12,0,2.0,6.0
1216510,M Ashwin,20,18,3,3.0,6.67
1216510,Mohammed Shami,14,18,1,3.0,4.67
1216510,Navdeep Saini,35,24,0,4.0,8.75
1216510,Ravi Bishnoi,29,24,3,4.0,7.25
1216510,S Dube,33,18,2,3.0,11.0
1216510,SS Cottrell,15,18,2,3.0,5.0
1216510,UT Yadav,33,18,0,3.0,11.0
1216510,Washington Sundar,13,12,0,2.0,6.5
1216510,YS Chahal,25,24,1,4.0,6.25
1216511,AS Rajpoot,38,18,0,3.0,12.67
1216511,JC Archer,33,24,1,4.0,8.25
1216511,JJ Bumrah,20,24,4,4.0,5.0
1216511,JL Pattinson,19,19,2,3.1666666666666665,6.0
1216511,KA Pollard,24,12,1,2.0,12.0
1216511,KH Pandya,22,12,0,2.0,11.0
1216511,Kartik Tyagi,33,24,1,4.0,8.25
1216511,R Tewatia,13,12,0,2.0,6.5
1216511,RD Chahar,23,18,1,3.0,7.67
1216511,S Gopal,28,24,2,4.0,7.0
1216511,TA Boult,26,24,2,4.0,6.5
1216511,TK Curran,32,18,0,3.0,10.67
1216513,CJ Jordan,42,18,0,3.0,14.0
1216513,DJ Bravo,36,24,0,4.0,9.0
1216513,DL Chahar,17,18,0,3.0,5.67
1216513,Harpreet Brar,40,24,0,4.0,10.0
1216513,Mohammed Shami,29,22,0,3.6666666666666665,7.91
1216513,PP Chawla,22,12,1,2.0,11.0
1216513,RA Jadeja,30,24,1,4.0,7.5
1216513,Ravi Bishnoi,31,24,0,4.0,7.75
1216513,SM Curran,31,18,0,3.0,10.33
1216513,SN Thakur,38,24,2,4.0,9.5
1216513,SS Cottrell,28,18,0,3.0,9.33
1216514,A Zampa,27,18,0,3.0,9.0
1216514,I Udana,40,24,2,4.0,10.0
1216514,JC Archer,18,24,1,4.0,4.5
1216514,JD Unadkat,31,18,0,3.0,10.33
1216514,Navdeep Saini,36,24,1,4.0,9.0
1216514,R Parag,11,6,0,1.0,11.0
1216514,R Tewatia,28,24,0,4.0,7.0
1216514,S Dube,4,6,0,1.0,4.0
1216514,S Gopal,27,24,1,4.0,6.75
1216514,TK Curran,40,19,0,3.1666666666666665,12.63
1216514,Washington Sundar,20,24,0,4.0,5.0
1216514,YS Chahal,24,24,3,4.0,6.0
1216515,A Mishra,12,12,1,2.0,6.0
1216515,A Nortje,33,24,3,4.0,8.25
1216515,AD Russell,29,24,2,4.0,7.25
1216515,CV Varun,49,24,1,4.0,12.25
1216515,HV Patel,30,24,2,4.0,7.5
1216515,K Rabada,51,24,1,4.0,12.75
1216515,KL Nagarkoti,33,18,1,3.0,11.0
1216515,MP Stoinis,45,24,1,4.0,11.25
1216515,PJ Cummins,49,24,0,4.0,12.25
1216515,R Ashwin,25,12,0,2.0,12.5
1216515,SP Narine,26,12,0,2.0,13.0
1216515,Shivam Mavi,40,18,0,3.0,13.33
1216516,Abdul Samad,36,24,1,4.0,9.0
1216516,Abhishek Sharma,4,6,0,1.0,4.0
1216516,B Kumar,20,19,1,3.1666666666666665,6.32
1216516,DJ Bravo,26,24,0,4.0,6.5
1216516,DL Chahar,29,24,2,4.0,7.25
1216516,KK Ahmed,32,23,0,3.8333333333333335,8.35
1216516,PP Chawla,20,18,2,3.0,6.67
1216516,RA Jadeja,16,12,0,2.0,8.0
1216516,Rashid Khan,12,24,0,4.0,3.0
1216516,SM Curran,31,18,0,3.0,10.33
1216516,SN Thakur,30,24,1,4.0,7.5
1216516,T Natarajan,42,24,3,4.0,10.5
1216518,AS Rajpoot,10,6,0,1.0,10.0
1216518,BA Stokes,22,12,0,2.0,11.0
1216518,JC Archer,20,24,2,4.0,5.0
1216518,JO Holder,31,24,4,4.0,7.75
1216518,Kartik Tyagi,40,19,0,3.1666666666666665,12.63
1216518,R Tewatia,25,24,0,4.0,6.25
1216518,Rashid Khan,20,24,1,4.0,5.0
1216518,S Gopal,32,24,0,4.0,8.0
1216518,S Nadeem,9,6,0,1.0,9.0
1216518,Sandeep Sharma,31,24,0,4.0,7.75
1216518,T Natarajan,45,24,0,4.0,11.25
1216518,V Shankar,15,18,1,3.0,5.0
1216519,A Nortje,21,24,2,4.0,5.25
1216519,AR Patel,18,24,2,4.0,4.5
1216519,HV Patel,40,24,0,4.0,10.0
1216519,I Udana,39,24,1,4.0,9.75
1216519,K Rabada,22,24,4,4.0,5.5
1216519,MM Ali,19,12,1,2.0,9.5
1216519,Mohammed Siraj,26,24,2,4.0,6.5
1216519,Navdeep Saini,47,18,0,3.0,15.67
1216519,R Ashwin,25,24,1,4.0,6.25
1216519,Washington Sundar,20,24,0,4.0,5.0
1216519,YS Chahal,29,18,0,3.0,9.67
1216520,Arshdeep Singh,17,12,0,2.0,8.5
1216520,CJ Jordan,23,24,2,4.0,5.75
1216520,CV Varun,34,24,1,4.0,8.5
1216520,GJ Maxwell,21,12,1,2.0,10.5
1216520,LH Ferguson,31,23,1,3.8333333333333335,8.09
1216520,M Ashwin,27,24,1,4.0,6.75
1216520,M Prasidh Krishna,24,18,0,3.0,8.0
1216520,Mohammed Shami,35,24,3,4.0,8.75
1216520,PJ Cummins,31,24,0,4.0,7.75
1216520,Ravi Bishnoi,20,24,2,4.0,5.0
1216520,SP Narine,27,24,0,4.0,6.75
1216521,DL Chahar,34,24,0,4.0,8.5
1216521,Imran Tahir,22,18,0,3.0,7.33
1216521,JJ Bumrah,25,24,2,4.0,6.25
1216521,JR Hazlewood,17,12,0,2.0,8.5
1216521,KA Pollard,4,6,0,1.0,4.0
1216521,KH Pandya,14,18,0,3.0,4.67
1216521,NM Coulter-Nile,20,24,1,4.0,5.0
1216521,RA Jadeja,15,6,0,1.0,15.0
1216521,RD Chahar,22,24,2,4.0,5.5
1216521,SN Thakur,26,14,0,2.3333333333333335,11.14
1216521,TA Boult,17,24,4,4.0,4.25
1216522,CH Morris,22,24,4,4.0,5.5
1216522,I Udana,41,18,0,3.0,13.67
1216522,JC Archer,37,22,0,3.6666666666666665,10.09
1216522,JD Unadkat,45,24,0,4.0,11.25
1216522,Kartik Tyagi,29,24,1,4.0,7.25
1216522,Navdeep Saini,30,24,0,4.0,7.5
1216522,R Tewatia,23,24,1,4.0,5.75
1216522,S Gopal,31,24,1,4.0,7.75
1216522,Shahbaz Ahmed,18,12,0,2.0,9.0
1216522,Washington Sundar,25,18,0,3.0,8.33
1216522,YS Chahal,23,24,2,4.0,5.75
1216523,Arshdeep Singh,23,24,2,4.0,5.75
1216523,CJ Jordan,36,24,1,4.0,9.0
1216523,CV Varun,27,24,0,4.0,6.75
1216523,KL Nagarkoti,40,18,0,3.0,13.33
1216523,M Prasidh Krishna,29,24,3,4.0,7.25
1216523,Mohammed Shami,30,24,2,4.0,7.5
1216523,Mujeeb Ur Rahman,41,24,0,4.0,10.25
1216523,N Rana,7,6,0,1.0,7.0
1216523,PJ Cummins,29,24,0,4.0,7.25
1216523,Ravi Bishnoi,25,24,1,4.0,6.25
1216523,SP Narine,28,24,2,4.0,7.0
1216524,A Nortje,34,24,1,4.0,8.5
1216524,AR Patel,35,24,0,4.0,8.75
1216524,DA Warner,1,1,0,0.16666666666666666,6.0
1216524,JO Holder,45,24,1,4.0,11.25
1216524,K Rabada,54,24,0,4.0,13.5
1216524,MP Stoinis,15,12,0,2.0,7.5
1216524,R Ashwin,35,18,1,3.0,11.67
1216524,Rashid Khan,7,24,3,4.0,1.75
1216524,S Nadeem,7,6,1,1.0,7.0
1216524,Sandeep Sharma,25,24,2,4.0,6.25
1216524,T Natarajan,26,24,2,4.0,6.5
1216524,TU Deshpande,35,18,0,3.0,11.67
1216524,V Shankar,11,11,1,1.8333333333333335,6.0
1216525,CH Morris,19,24,3,4.0,4.75
1216525,DJ Bravo,27,18,0,3.0,9.0
1216525,DL Chahar,9,18,1,3.0,3.0
1216525,I Udana,30,24,1,4.0,7.5
1216525,KV Sharma,33,24,0,4.0,8.25
1216525,Navdeep Saini,15,24,1,4.0,3.75
1216525,RA Jadeja,7,12,0,2.0,3.5
1216525,S Dube,13,6,0,1.0,13.0
1216525,SM Curran,43,24,1,4.0,10.75
1216525,SN Thakur,36,24,2,4.0,9.0
1216525,Washington Sundar,16,18,2,3.0,5.33
1216525,YS Chahal,34,24,1,4.0,8.5
1216526,AD Russell,15,12,0,2.0,7.5
1216526,CJ Green,24,17,0,2.8333333333333335,8.47
1216526,CV Varun,23,24,1,4.0,5.75
1216526,JJ Bumrah,21,24,1,4.0,5.25
1216526,KH Pandya,23,24,0,4.0,5.75
1216526,M Prasidh Krishna,30,12,0,2.0,15.0
1216526,NM Coulter-Nile,48,24,1,4.0,12.0
1216526,PJ Cummins,28,18,0,3.0,9.33
1216526,RD Chahar,18,24,2,4.0,4.5
1216526,Shivam Mavi,24,18,1,3.0,8.0
1216526,TA Boult,31,24,1,4.0,7.75
1216527,AS Rajpoot,37,24,1,4.0,9.25
1216527,GJ Maxwell,29,18,0,3.0,9.67
1216527,JC Archer,45,24,0,4.0,11.25
1216527,JD Unadkat,26,18,0,3.0,8.67
1216527,JDS Neesham,40,24,1,4.0,10.0
1216527,M Ashwin,16,9,1,1.5,10.67
1216527,Mohammed Shami,52,24,3,4.0,13.0
1216527,R Tewatia,19,6,0,1.0,19.0
1216527,Ravi Bishnoi,32,24,0,4.0,8.0
1216527,S Gopal,43,24,0,4.0,10.75
1216527,SS Cottrell,49,18,1,3.0,16.33
1216527,TK Curran,43,24,1,4.0,10.75
1216528,DJ Bravo,25,18,2,3.0,8.33
1216528,DL Chahar,26,24,0,4.0,6.5
1216528,KK Ahmed,44,24,2,4.0,11.0
1216528,KV Sharma,34,24,2,4.0,8.5
1216528,PP Chawla,8,6,0,1.0,8.0
1216528,RA Jadeja,21,18,1,3.0,7.0
1216528,Rashid Khan,30,24,0,4.0,7.5
1216528,S Nadeem,29,24,0,4.0,7.25
1216528,SM Curran,18,18,2,3.0,6.0
1216528,SN Thakur,9,12,1,2.0,4.5
1216528,Sandeep Sharma,19,24,2,4.0,4.75
1216528,T Natarajan,40,24,2,4.0,10.0
1216529,A Nortje,27,24,0,4.0,6.75
1216529,AR Patel,24,18,1,3.0,8.0
1216529,HV Patel,20,12,0,2.0,10.0
1216529,JJ Bumrah,26,24,0,4.0,6.5
1216529,JL Pattinson,34,18,0,3.0,11.33
1216529,K Rabada,25,24,2,4.0,6.25
1216529,KA Pollard,10,6,0,1.0,10.0
1216529,KH Pandya,26,24,2,4.0,6.5
1216529,MP Stoinis,31,16,1,2.6666666666666665,11.62
1216529,R Ashwin,35,24,1,4.0,8.75
1216529,RD Chahar,27,24,1,4.0,6.75
1216529,TA Boult,34,24,1,4.0,8.5
1216530,BA Stokes,40,18,0,3.0,13.33
1216530,CV Varun,20,24,2,4.0,5.0
1216530,JC Archer,19,24,1,4.0,4.75
1216530,KL Nagarkoti,23,24,1,4.0,5.75
1216530,Kartik Tyagi,36,24,2,4.0,9.0
1216530,PJ Cummins,32,24,4,4.0,8.0
1216530,R Tewatia,24,24,3,4.0,6.0
1216530,S Gopal,43,18,1,3.0,14.33
1216530,SP Narine,37,24,0,4.0,9.25
1216530,Shivam Mavi,14,24,2,4.0,3.5
1216530,VR Aaron,22,12,0,2.0,11.0
1216531,Arshdeep Singh,19,12,1,2.0,9.5
1216531,CH Morris,19,24,0,4.0,4.75
1216531,CJ Jordan,18,18,1,3.0,6.0
1216531,GJ Maxwell,28,24,0,4.0,7.0
1216531,I Udana,13,12,0,2.0,6.5
1216531,M Ashwin,23,24,2,4.0,5.75
1216531,Mohammed Shami,45,24,2,4.0,11.25
1216531,Mohammed Siraj,43,18,0,3.0,14.33
1216531,Navdeep Saini,21,24,0,4.0,5.25
1216531,Ravi Bishnoi,26,18,0,3.0,8.67
1216531,Washington Sundar,38,24,0,4.0,9.5
1216531,YS Chahal,31,18,2,3.0,10.33
1216532,A Mishra,35,24,2,4.0,8.75
1216532,A Nortje,40,24,0,4.0,10.0
1216532,AR Patel,13,12,0,2.0,6.5
1216532,Abhishek Sharma,32,24,0,4.0,8.0
1216532,B Kumar,24,24,2,4.0,6.0
1216532,I Sharma,24,18,0,3.0,8.0
1216532,K Rabada,21,24,2,4.0,5.25
1216532,KK Ahmed,42,24,1,4.0,10.5
1216532,MP Stoinis,22,18,0,3.0,7.33
1216532,Rashid Khan,14,24,3,4.0,3.5
1216532,T Natarajan,24,24,1,4.0,6.0
1216533,AS Rajpoot,8,6,0,1.0,8.0
1216533,BA Stokes,27,18,0,3.0,9.0
1216533,DL Chahar,18,24,2,4.0,4.5
1216533,JC Archer,20,24,1,4.0,5.0
1216533,JR Hazlewood,19,24,1,4.0,4.75
1216533,Kartik Tyagi,34,24,2,4.0,8.5
1216533,PP Chawla,32,18,0,3.0,10.67
1216533,R Tewatia,17,24,1,4.0,4.25
1216533,RA Jadeja,11,9,0,1.5,7.33
1216533,S Gopal,14,24,1,4.0,3.5
1216533,SM Curran,6,6,0,1.0,6.0
1216533,SN Thakur,33,24,0,4.0,8.25
1216534,Abhishek Sharma,16,12,1,2.0,8.0
1216534,B Kumar,24,24,2,4.0,6.0
1216534,DW Steyn,32,22,1,3.6666666666666665,8.73
1216534,MR Marsh,6,4,0,0.6666666666666666,9.0
1216534,Navdeep Saini,20,24,2,4.0,5.0
1216534,Rashid Khan,31,24,0,4.0,7.75
1216534,S Dube,15,18,3,3.0,5.0
1216534,Sandeep Sharma,36,24,0,4.0,9.0
1216534,T Natarajan,34,24,1,4.0,8.5
1216534,UT Yadav,46,24,1,4.0,11.5
1216534,V Shankar,5,8,1,1.3333333333333333,3.75
1216534,Washington Sundar,7,6,0,1.0,7.0
1216534,YS Chahal,18,24,3,4.0,4.5
1216535,A Nortje,25,14,1,2.3333333333333335,10.71
1216535,HV Patel,7,6,0,1.0,7.0
1216535,J Yadav,18,18,0,3.0,6.0
1216535,JJ Bumrah,16,24,4,4.0,4.0
1216535,K Rabada,27,18,0,3.0,9.0
1216535,KH Pandya,12,18,0,3.0,4.0
1216535,MP Stoinis,4,6,0,1.0,4.0
1216535,NM Coulter-Nile,14,12,1,2.0,7.0
1216535,P Dubey,29,18,0,3.0,9.67
1216535,R Ashwin,18,24,0,4.0,4.5
1216535,RD Chahar,24,24,1,4.0,6.0
1216535,TA Boult,21,24,3,4.0,5.25
1216536,CV Varun,20,24,2,4.0,5.0
1216536,DL Chahar,31,18,0,3.0,10.33
1216536,KL Nagarkoti,34,18,0,3.0,11.33
1216536,KV Sharma,35,24,1,4.0,8.75
1216536,L Ngidi,33,24,2,4.0,8.25
1216536,LH Ferguson,49,24,0,4.0,12.25
1216536,MJ Santner,30,18,1,3.0,10.0
1216536,N Rana,15,6,0,1.0,15.0
1216536,PJ Cummins,26,24,2,4.0,6.5
1216536,RA Jadeja,20,18,1,3.0,6.67
1216536,SM Curran,21,18,0,3.0,7.0
1216536,SP Narine,23,24,0,4.0,5.75
1216537,Arshdeep Singh,34,18,0,3.0,11.33
1216537,BA Stokes,29,24,2,4.0,7.25
1216537,CJ Jordan,42,21,1,3.5,12.0
1216537,JC Archer,26,24,2,4.0,6.5
1216537,Kartik Tyagi,42,24,0,4.0,10.5
1216537,M Ashwin,43,24,1,4.0,10.75
1216537,Mohammed Shami,36,18,0,3.0,12.0
1216537,R Tewatia,22,18,0,3.0,7.33
1216537,Ravi Bishnoi,26,24,1,4.0,6.5
1216537,S Gopal,10,6,0,1.0,10.0
1216537,VR Aaron,41,24,0,4.0,10.25
1216538,Abdul Samad,27,12,0,2.0,13.5
1216538,JJ Bumrah,39,24,2,4.0,9.75
1216538,JL Pattinson,28,24,2,4.0,7.0
1216538,KA Pollard,18,18,0,3.0,6.0
1216538,KH Pandya,30,24,1,4.0,7.5
1216538,KS Williamson,24,12,0,2.0,12.0
1216538,RD Chahar,16,6,0,1.0,16.0
1216538,Rashid Khan,21,24,1,4.0,5.25
1216538,S Kaul,61,24,2,4.0,15.25
1216538,Sandeep Sharma,41,24,2,4.0,10.25
1216538,T Natarajan,29,24,0,4.0,7.25
1216538,TA Boult,28,24,2,4.0,7.0
1216539,A Mishra,23,24,0,4.0,5.75
1216539,A Nortje,18,24,2,4.0,4.5
1216539,AR Patel,18,24,2,4.0,4.5
1216539,Avesh Khan,41,24,0,4.0,10.25
1216539,DL Chahar,37,24,0,4.0,9.25
1216539,JR Hazlewood,27,24,0,4.0,6.75
1216539,K Rabada,26,24,3,4.0,6.5
1216539,PP Chawla,33,24,2,4.0,8.25
1216539,RA Jadeja,44,24,0,4.0,11.0
1216539,SM Curran,26,24,1,4.0,6.5
1216540,AD Russell,42,24,1,4.0,10.5
1216540,CH Morris,17,24,2,4.0,4.25
1216540,CV Varun,25,24,0,4.0,6.25
1216540,I Udana,19,12,1,2.0,9.5
1216540,KL Nagarkoti,36,24,0,4.0,9.0
1216540,M Prasidh Krishna,42,24,1,4.0,10.5
1216540,Mohammed Siraj,24,18,1,3.0,8.0
1216540,Navdeep Saini,14,18,1,3.0,4.67
1216540,PJ Cummins,36,24,0,4.0,9.0
1216540,Washington Sundar,20,24,3,4.0,5.0
1216540,YS Chahal,12,24,1,4.0,3.0
1216541,AS Rajpoot,56,24,0,4.0,14.0
1216541,JC Archer,30,24,2,4.0,7.5
1216541,JJ Bumrah,37,24,0,4.0,9.25
1216541,JL Pattinson,38,20,2,3.3333333333333335,11.4
1216541,KA Pollard,15,12,0,2.0,7.5
1216541,KH Pandya,20,12,0,2.0,10.0
1216541,Kartik Tyagi,45,24,1,4.0,11.25
1216541,R Tewatia,25,24,0,4.0,6.25
1216541,RD Chahar,35,18,0,3.0,11.67
1216541,S Gopal,30,24,2,4.0,7.5
1216541,TA Boult,40,24,0,4.0,10.0
1216542,Abdul Samad,28,6,0,1.0,28.0
1216542,Abhishek Sharma,15,6,1,1.0,15.0
1216542,Arshdeep Singh,28,24,2,4.0,7.0
1216542,GJ Maxwell,26,12,0,2.0,13.0
1216542,KK Ahmed,24,18,3,3.0,8.0
1216542,Mohammed Shami,40,24,1,4.0,10.0
1216542,Mujeeb Ur Rahman,39,24,0,4.0,9.75
1216542,Rashid Khan,12,24,3,4.0,3.0
1216542,Ravi Bishnoi,29,18,3,3.0,9.67
1216542,SS Cottrell,27,18,0,3.0,9.0
1216542,Sandeep Sharma,26,24,0,4.0,6.5
1216542,T Natarajan,23,23,3,3.8333333333333335,6.0
1216543,A Nortje,33,24,2,4.0,8.25
1216543,AR Patel,32,24,2,4.0,8.0
1216543,BA Stokes,20,12,0,2.0,10.0
1216543,JC Archer,16,24,3,4.0,4.0
1216543,JD Unadkat,32,18,2,3.0,10.67
1216543,K Rabada,28,24,1,4.0,7.0
1216543,Kartik Tyagi,29,24,1,4.0,7.25
1216543,R Ashwin,17,24,1,4.0,4.25
1216543,R Tewatia,23,18,0,3.0,7.67
1216543,S Gopal,29,24,1,4.0,7.25
1216543,TU Deshpande,32,24,2,4.0,8.0
1216544,CH Morris,35,22,1,3.6666666666666665,9.55
1216544,DL Chahar,31,24,2,4.0,7.75
1216544,Imran Tahir,30,24,0,4.0,7.5
1216544,MJ Santner,23,24,1,4.0,5.75
1216544,MM Ali,17,12,0,2.0,8.5
1216544,Mohammed Siraj,29,12,0,2.0,14.5
1216544,Monu Kumar,14,12,0,2.0,7.0
1216544,Navdeep Saini,19,18,0,3.0,6.33
1216544,RA Jadeja,20,18,0,3.0,6.67
1216544,SM Curran,15,18,3,3.0,5.0
1216544,Washington Sundar,27,24,0,4.0,6.75
1216544,YS Chahal,21,24,1,4.0,5.25
1216545,AD Russell,15,12,2,2.0,7.5
1216545,Abhishek Sharma,11,6,0,1.0,11.0
1216545,B Kumar,27,18,0,3.0,9.0
1216545,CV Varun,25,24,1,4.0,6.25
1216545,KK Ahmed,28,18,1,3.0,9.33
1216545,KL Nagarkoti,16,12,0,2.0,8.0
1216545,Kuldeep Yadav,15,12,0,2.0,7.5
1216545,Mohammad Nabi,20,24,0,4.0,5.0
1216545,PJ Cummins,19,24,1,4.0,4.75
1216545,Rashid Khan,25,24,1,4.0,6.25
1216545,SP Narine,31,24,0,4.0,7.75
1216545,Shivam Mavi,14,12,0,2.0,7.0
1216545,T Natarajan,26,18,1,3.0,8.67
1216546,AR Patel,27,24,1,4.0,6.75
1216546,Arshdeep Singh,30,18,0,3.0,10.0
1216546,DR Sams,28,24,0,4.0,7.0
1216546,GJ Maxwell,31,24,1,4.0,7.75
1216546,JDS Neesham,17,12,1,2.0,8.5
1216546,K Rabada,26,24,2,4.0,6.5
1216546,M Ashwin,32,24,1,4.0,8.0
1216546,MP Stoinis,12,6,0,1.0,12.0
1216546,Mohammed Shami,26,24,2,4.0,6.5
1216546,R Ashwin,26,24,2,4.0,6.5
1216546,Ravi Bishnoi,24,18,0,3.0,8.0
1216546,TU Deshpande,40,12,0,2.0,20.0
1237177,A Nortje,50,24,1,4.0,12.5
1237177,AR Patel,27,18,0,3.0,9.0
1237177,DR Sams,44,24,0,4.0,11.0
1237177,JJ Bumrah,13,24,4,4.0,3.25
1237177,K Rabada,41,24,0,4.0,10.25
1237177,KA Pollard,33,24,1,4.0,8.25
1237177,KH Pandya,21,24,1,4.0,5.25
1237177,MP Stoinis,5,6,1,1.0,5.0
1237177,NM Coulter-Nile,26,24,0,4.0,6.5
1237177,R Ashwin,29,24,3,4.0,7.25
1237177,RD Chahar,35,12,0,2.0,17.5
1237177,TA Boult,9,12,2,2.0,4.5
1237178,A Zampa,11,24,1,4.0,2.75
1237178,JO Holder,23,24,3,4.0,5.75
1237178,MM Ali,4,6,0,1.0,4.0
1237178,Mohammed Siraj,25,24,2,4.0,6.25
1237178,Navdeep Saini,31,22,0,3.6666666666666665,8.45
1237178,Rashid Khan,22,24,0,4.0,5.5
1237178,S Dube,7,6,0,1.0,7.0
1237178,S Nadeem,27,24,2,4.0,6.75
1237178,Sandeep Sharma,21,24,0,4.0,5.25
1237178,T Natarajan,33,24,2,4.0,8.25
1237178,Washington Sundar,20,12,0,2.0,10.0
1237178,YS Chahal,24,24,1,4.0,6.0
1237180,A Nortje,36,24,0,4.0,9.0
1237180,AR Patel,33,24,1,4.0,8.25
1237180,JO Holder,50,24,1,4.0,12.5
1237180,K Rabada,27,24,4,4.0,6.75
1237180,MP Stoinis,25,18,3,3.0,8.33
1237180,P Dubey,14,12,0,2.0,7.0
1237180,R Ashwin,31,18,0,3.0,10.33
1237180,Rashid Khan,26,24,1,4.0,6.5
1237180,S Nadeem,40,24,0,4.0,10.0
1237180,Sandeep Sharma,30,24,1,4.0,7.5
1237180,T Natarajan,29,24,0,4.0,7.25
1237181,A Nortje,25,16,2,2.6666666666666665,9.38
1237181,AR Patel,16,24,0,4.0,4.0
1237181,J Yadav,25,24,1,4.0,6.25
1237181,JJ Bumrah,28,24,0,4.0,7.0
1237181,K Rabada,32,18,1,3.0,10.67
1237181,KA Pollard,12,6,0,1.0,12.0
1237181,KH Pandya,29,18,0,3.0,9.67
1237181,MP Stoinis,23,12,1,2.0,11.5
1237181,NM Coulter-Nile,28,24,3,4.0,7.0
1237181,P Dubey,29,18,0,3.0,9.67
1237181,R Ashwin,28,24,1,4.0,7.0
1237181,TA Boult,30,24,3,4.0,7.5
1254058,DT Christian,20,12,0,2.0,10.0
1254058,HV Patel,25,24,6,4.0,6.25
1254058,JJ Bumrah,26,24,3,4.0,6.5
1254058,KA Jamieson,22,24,1,4.0,5.5
1254058,KH Pandya,25,24,1,4.0,6.25
1254058,M Jansen,23,24,3,4.0,5.75
1254058,Mohammed Siraj,21,24,0,4.0,5.25
1254058,RD Chahar,43,24,0,4.0,10.75
1254058,Shahbaz Ahmed,14,6,0,1.0,14.0
1254058,TA Boult,30,24,1,4.0,7.5
1254058,Washington Sundar,7,6,1,1.0,7.0
1254058,YS Chahal,41,24,1,4.0,10.25
1254059,A Mishra,27,18,0,3.0,9.0
1254059,Avesh Khan,22,24,3,4.0,5.5
1254059,CR Woakes,18,18,2,3.0,6.0
1254059,DJ Bravo,27,24,1,4.0,6.75
1254059,DL Chahar,36,24,0,4.0,9.0
1254059,MM Ali,32,18,0,3.0,10.67
1254059,MP Stoinis,19,12,0,2.0,9.5
1254059,R Ashwin,47,24,1,4.0,11.75
1254059,RA Jadeja,16,12,0,2.0,8.0
1254059,SM Curran,24,12,0,2.0,12.0
1254059,SN Thakur,51,22,2,3.6666666666666665,13.91
1254059,TK Curran,39,24,1,4.0,9.75
1254060,AD Russell,31,18,1,3.0,10.33
1254060,B Kumar,44,24,1,4.0,11.0
1254060,CV Varun,36,24,0,4.0,9.0
1254060,Harbhajan Singh,8,6,0,1.0,8.0
1254060,M Prasidh Krishna,31,24,2,4.0,7.75
1254060,Mohammad Nabi,32,24,2,4.0,8.0
1254060,PJ Cummins,30,24,1,4.0,7.5
1254060,Rashid Khan,19,24,2,4.0,4.75
1254060,Sandeep Sharma,35,18,0,3.0,11.67
1254060,Shakib Al Hasan,34,24,1,4.0,8.5
1254060,T Natarajan,36,24,1,4.0,9.0
1254060,V Shankar,14,6,0,1.0,14.0
1254061,Arshdeep Singh,35,24,3,4.0,8.75
1254061,BA Stokes,12,6,0,1.0,12.0
1254061,C Sakariya,26,24,3,4.0,6.5
1254061,CH Morris,40,24,2,4.0,10.0
1254061,JA Richardson,53,24,1,4.0,13.25
1254061,M Ashwin,39,24,0,4.0,9.75
1254061,Mohammed Shami,31,24,2,4.0,7.75
1254061,Mustafizur Rahman,41,24,0,4.0,10.25
1254061,R Parag,7,6,1,1.0,7.0
1254061,R Tewatia,25,12,0,2.0,12.5
1254061,RP Meredith,49,24,1,4.0,12.25
1254061,S Dube,20,6,0,1.0,20.0
1254061,S Gopal,40,18,0,3.0,13.33
1254062,AD Russell,14,12,5,2.0,7.0
1254062,CV Varun,26,24,1,4.0,6.5
1254062,Harbhajan Singh,16,12,0,2.0,8.0
1254062,JJ Bumrah,27,24,0,4.0,6.75
1254062,KA Pollard,12,6,0,1.0,12.0
1254062,KH Pandya,11,24,1,4.0,2.75
1254062,M Jansen,17,12,0,2.0,8.5
1254062,M Prasidh Krishna,42,24,1,4.0,10.5
1254062,PJ Cummins,24,24,2,4.0,6.0
1254062,RD Chahar,27,24,4,4.0,6.75
1254062,RG Sharma,9,6,0,1.0,9.0
1254062,Shakib Al Hasan,23,24,1,4.0,5.75
1254062,TA Boult,27,24,2,4.0,6.75
1254063,B Kumar,29,24,1,4.0,7.25
1254063,DT Christian,7,6,0,1.0,7.0
1254063,HV Patel,19,24,3,4.0,4.75
1254063,JO Holder,26,24,3,4.0,6.5
1254063,KA Jamieson,29,18,1,3.0,9.67
1254063,Mohammed Siraj,24,24,2,4.0,6.0
1254063,Rashid Khan,17,24,2,4.0,4.25
1254063,S Nadeem,36,24,1,4.0,9.0
1254063,Shahbaz Ahmed,7,12,3,2.0,3.5
1254063,T Natarajan,31,24,1,4.0,7.75
1254063,Washington Sundar,13,12,0,2.0,6.5
1254063,YS Chahal,28,24,0,4.0,7.0
1254064,Avesh Khan,32,24,3,4.0,8.0
1254064,C Sakariya,33,24,0,4.0,8.25
1254064,CH Morris,25,18,1,3.0,8.33
1254064,CR Woakes,22,24,2,4.0,5.5
1254064,JD Unadkat,15,24,3,4.0,3.75
1254064,K Rabada,30,24,2,4.0,7.5
1254064,MP Stoinis,15,6,0,1.0,15.0
1254064,Mustafizur Rahman,27,24,3,4.0,6.75
1254064,R Ashwin,14,18,0,3.0,4.67
1254064,R Parag,15,12,1,2.0,7.5
1254064,R Tewatia,27,18,0,3.0,9.0
1254064,TK Curran,34,22,0,3.6666666666666665,9.27
1254065,Arshdeep Singh,7,12,1,2.0,3.5
1254065,DJ Bravo,10,12,1,2.0,5.0
1254065,DL Chahar,12,24,5,4.0,3.0
1254065,JA Richardson,21,18,0,3.0,7.0
1254065,M Ashwin,31,18,1,3.0,10.33
1254065,MM Ali,17,18,1,3.0,5.67
1254065,Mohammed Shami,21,24,2,4.0,5.25
1254065,RA Jadeja,18,24,0,4.0,4.5
1254065,RP Meredith,20,22,0,3.6666666666666665,5.45
1254065,SM Curran,11,18,1,3.0,3.67
1254065,SN Thakur,34,24,0,4.0,8.5
1254066,AF Milne,32,18,0,3.0,10.67
1254066,Abhishek Sharma,5,6,0,1.0,5.0
1254066,B Kumar,45,24,0,4.0,11.25
1254066,JJ Bumrah,14,24,1,4.0,3.5
1254066,KA Pollard,10,12,1,2.0,5.0
1254066,KH Pandya,30,18,1,3.0,10.0
1254066,KK Ahmed,21,24,1,4.0,5.25
1254066,Mujeeb Ur Rahman,27,24,2,4.0,6.75
1254066,RD Chahar,18,24,3,4.0,4.5
1254066,Rashid Khan,21,24,0,4.0,5.25
1254066,TA Boult,28,22,4,3.6666666666666665,7.64
1254066,V Shankar,19,18,2,3.0,6.33
1254067,AD Russell,36,12,0,2.0,18.0
1254067,CV Varun,38,24,2,4.0,9.5
1254067,GJ Maxwell,24,12,0,2.0,12.0
1254067,HV Patel,17,24,2,4.0,4.25
1254067,Harbhajan Singh,36,24,0,4.0,9.0
1254067,KA Jamieson,40,18,3,3.0,13.33
1254067,M Prasidh Krishna,29,24,1,4.0,7.25
1254067,Mohammed Siraj,16,18,0,3.0,5.33
1254067,PJ Cummins,32,24,1,4.0,8.0
1254067,Shakib Al Hasan,24,12,0,2.0,12.0
1254067,Washington Sundar,31,24,1,4.0,7.75
1254067,YS Chahal,34,24,2,4.0,8.5
1254068,Arshdeep Singh,22,18,1,3.0,7.33
1254068,Avesh Khan,33,24,1,4.0,8.25
1254068,CR Woakes,40,24,1,4.0,10.0
1254068,DJ Hooda,18,12,0,2.0,9.0
1254068,JA Richardson,40,24,2,4.0,10.0
1254068,Jalaj S Saxena,27,18,0,3.0,9.0
1254068,K Rabada,43,24,1,4.0,10.75
1254068,LI Meriwala,27,18,1,3.0,9.0
1254068,Lalit Yadav,11,6,0,1.0,11.0
1254068,Mohammed Shami,50,24,0,4.0,12.5
1254068,R Ashwin,28,24,0,4.0,7.0
1254068,RP Meredith,25,14,1,2.3333333333333335,10.71
1254069,C Sakariya,33,24,3,4.0,8.25
1254069,CH Morris,31,24,2,4.0,7.75
1254069,DJ Bravo,23,18,1,3.0,7.67
1254069,DL Chahar,31,18,0,3.0,10.33
1254069,JD Unadkat,40,24,0,4.0,10.0
1254069,MM Ali,7,18,3,3.0,2.33
1254069,Mustafizur Rahman,33,24,3,4.0,8.25
1254069,R Parag,15,6,0,1.0,15.0
1254069,R Tewatia,21,18,1,3.0,7.0
1254069,RA Jadeja,21,24,2,4.0,5.25
1254069,SM Curran,24,24,2,4.0,6.0
1254069,SN Thakur,18,18,1,3.0,6.0
1254070,A Mishra,24,24,4,4.0,6.0
1254070,Avesh Khan,15,12,2,2.0,7.5
1254070,J Yadav,25,24,1,4.0,6.25
1254070,JJ Bumrah,26,24,1,4.0,6.5
1254070,K Rabada,25,18,1,3.0,8.33
1254070,KA Pollard,8,7,1,1.1666666666666667,6.86
1254070,KH Pandya,17,12,0,2.0,8.5
1254070,Lalit Yadav,17,24,1,4.0,4.25
1254070,MP Stoinis,20,18,1,3.0,6.67
1254070,R Ashwin,31,24,0,4.0,7.75
1254070,RD Chahar,28,24,1,4.0,7.0
1254070,TA Boult,23,24,0,4.0,5.75
1254071,Abhishek Sharma,23,24,2,4.0,5.75
1254071,Arshdeep Singh,29,22,0,3.6666666666666665,7.91
1254071,B Kumar,16,18,1,3.0,5.33
1254071,DJ Hooda,22,24,0,4.0,5.5
1254071,FA Allen,21,24,1,4.0,5.25
1254071,KK Ahmed,21,24,3,4.0,5.25
1254071,M Ashwin,21,24,0,4.0,5.25
1254071,MC Henriques,7,6,0,1.0,7.0
1254071,Mohammed Shami,16,12,0,2.0,8.0
1254071,Rashid Khan,17,24,1,4.0,4.25
1254071,S Kaul,25,22,2,3.6666666666666665,6.82
1254071,V Shankar,6,6,1,1.0,6.0
1254072,AD Russell,25,12,1,2.0,12.5
1254072,CV Varun,27,24,1,4.0,6.75
1254072,DL Chahar,29,24,4,4.0,7.25
1254072,KL Nagarkoti,25,12,0,2.0,12.5
1254072,L Ngidi,27,24,3,4.0,6.75
1254072,M Prasidh Krishna,44,24,0,4.0,11.0
1254072,PJ Cummins,51,24,0,4.0,12.75
1254072,RA Jadeja,32,24,0,4.0,8.0
1254072,SM Curran,57,24,2,4.0,14.25
1254072,SN Thakur,43,19,1,3.1666666666666665,13.58
1254072,SP Narine,32,24,1,4.0,8.0
1254073,C Sakariya,34,24,0,4.0,8.5
1254073,CH Morris,38,18,0,3.0,12.67
1254073,HV Patel,44,24,3,4.0,11.0
1254073,KA Jamieson,26,24,1,4.0,6.5
1254073,KW Richardson,28,18,1,3.0,9.33
1254073,Mohammed Siraj,26,24,3,4.0,6.5
1254073,Mustafizur Rahman,29,21,0,3.5,8.29
1254073,R Parag,14,6,0,1.0,14.0
1254073,R Tewatia,23,12,0,2.0,11.5
1254073,S Gopal,35,18,0,3.0,11.67
1254073,Washington Sundar,23,18,1,3.0,7.67
1254073,YS Chahal,17,12,0,2.0,8.5
1254074,Arshdeep Singh,26,18,1,3.0,8.67
1254074,DJ Hooda,15,18,1,3.0,5.0
1254074,FA Allen,30,18,0,3.0,10.0
1254074,J Yadav,20,24,0,4.0,5.0
1254074,JJ Bumrah,21,18,0,3.0,7.0
1254074,KA Pollard,11,6,0,1.0,11.0
1254074,KH Pandya,28,18,0,3.0,9.33
1254074,MC Henriques,12,18,0,3.0,4.0
1254074,Mohammed Shami,21,24,2,4.0,5.25
1254074,RD Chahar,19,24,1,4.0,4.75
1254074,Ravi Bishnoi,21,24,2,4.0,5.25
1254074,TA Boult,25,16,0,2.6666666666666665,9.38
1254075,C Sakariya,25,24,1,4.0,6.25
1254075,CH Morris,22,24,5,4.0,5.5
1254075,CV Varun,32,24,2,4.0,8.0
1254075,JD Unadkat,25,24,1,4.0,6.25
1254075,M Prasidh Krishna,18,18,1,3.0,6.0
1254075,Mustafizur Rahman,22,24,2,4.0,5.5
1254075,PJ Cummins,35,23,0,3.8333333333333335,9.13
1254075,R Tewatia,24,18,0,3.0,8.0
1254075,S Dube,5,6,0,1.0,5.0
1254075,SP Narine,18,24,0,4.0,4.5
1254075,Shivam Mavi,16,24,1,4.0,4.0
1254076,DJ Bravo,19,12,1,2.0,9.5
1254076,DL Chahar,23,12,0,2.0,11.5
1254076,DT Christian,11,12,0,2.0,5.5
1254076,HV Patel,43,24,3,4.0,10.75
1254076,Imran Tahir,14,24,3,4.0,3.5
1254076,KA Jamieson,30,18,0,3.0,10.0
1254076,Mohammed Siraj,32,24,0,4.0,8.0
1254076,Navdeep Saini,25,12,0,2.0,12.5
1254076,RA Jadeja,13,24,3,4.0,3.25
1254076,SM Curran,34,24,1,4.0,8.5
1254076,SN Thakur,11,24,1,4.0,2.75
1254076,Washington Sundar,13,12,0,2.0,6.5
1254076,YS Chahal,24,18,1,3.0,8.0
1254078,AD Russell,2,6,0,1.0,2.0
1254078,Arshdeep Singh,27,16,1,2.6666666666666665,10.12
1254078,CJ Jordan,24,18,0,3.0,8.0
1254078,CV Varun,24,24,1,4.0,6.0
1254078,DJ Hooda,20,12,1,2.0,10.0
1254078,M Prasidh Krishna,28,24,3,4.0,7.0
1254078,MC Henriques,5,6,1,1.0,5.0
1254078,Mohammed Shami,24,24,1,4.0,6.0
1254078,PJ Cummins,30,18,2,3.0,10.0
1254078,Ravi Bishnoi,19,24,1,4.0,4.75
1254078,SP Narine,22,24,2,4.0,5.5
1254078,Shivam Mavi,12,24,1,4.0,3.0
1254079,A Mishra,27,18,1,3.0,9.0
1254079,AR Patel,33,24,1,4.0,8.25
1254079,Avesh Khan,23,24,1,4.0,5.75
1254079,DR Sams,15,12,0,2.0,7.5
1254079,HV Patel,35,24,2,4.0,8.75
1254079,I Sharma,26,24,1,4.0,6.5
1254079,K Rabada,38,24,1,4.0,9.5
1254079,KA Jamieson,32,24,1,4.0,8.0
1254079,MP Stoinis,22,6,0,1.0,22.0
1254079,Mohammed Siraj,44,24,1,4.0,11.0
1254079,Washington Sundar,28,24,0,4.0,7.0
1254079,YS Chahal,10,12,0,2.0,5.0
1254080,DL Chahar,20,18,0,3.0,6.67
1254080,J Suchith,45,18,0,3.0,15.0
1254080,KK Ahmed,35,24,0,4.0,8.75
1254080,L Ngidi,33,24,2,4.0,8.25
1254080,MM Ali,16,12,0,2.0,8.0
1254080,RA Jadeja,22,18,0,3.0,7.33
1254080,Rashid Khan,35,24,3,4.0,8.75
1254080,S Kaul,32,24,0,4.0,8.0
1254080,SM Curran,29,24,1,4.0,7.25
1254080,SN Thakur,43,24,0,4.0,10.75
1254080,Sandeep Sharma,23,21,0,3.5,6.57
1254081,C Sakariya,18,18,0,3.0,6.0
1254081,CH Morris,33,24,2,4.0,8.25
1254081,J Yadav,34,18,0,3.0,11.33
1254081,JD Unadkat,33,24,0,4.0,8.25
1254081,JJ Bumrah,15,24,1,4.0,3.75
1254081,KH Pandya,12,6,0,1.0,12.0
1254081,Mustafizur Rahman,37,21,1,3.5,10.57
1254081,NM Coulter-Nile,34,24,0,4.0,8.5
1254081,R Tewatia,29,18,0,3.0,9.67
1254081,RD Chahar,33,24,2,4.0,8.25
1254081,S Dube,5,6,0,1.0,5.0
1254081,TA Boult,37,24,1,4.0,9.25
1254082,AR Patel,32,24,2,4.0,8.0
1254082,Avesh Khan,31,24,1,4.0,7.75
1254082,CV Varun,32,24,0,4.0,8.0
1254082,I Sharma,34,24,0,4.0,8.5
1254082,K Rabada,30,24,0,4.0,7.5
1254082,Lalit Yadav,13,18,2,3.0,4.33
1254082,M Prasidh Krishna,35,21,0,3.5,10.0
1254082,MP Stoinis,7,6,1,1.0,7.0
1254082,PJ Cummins,24,24,3,4.0,6.0
1254082,SP Narine,35,24,0,4.0,8.75
1254082,Shivam Mavi,24,6,0,1.0,24.0
1254083,CJ Jordan,30,24,1,4.0,7.5
1254083,DJ Hooda,13,6,0,1.0,13.0
1254083,DR Sams,22,24,1,4.0,5.5
1254083,HV Patel,53,24,0,4.0,13.25
1254083,Harpreet Brar,19,24,3,4.0,4.75
1254083,KA Jamieson,31,18,2,3.0,10.33
1254083,Mohammed Shami,28,22,1,3.6666666666666665,7.64
1254083,Mohammed Siraj,23,18,0,3.0,7.67
1254083,RP Meredith,29,20,1,3.3333333333333335,8.7
1254083,Ravi Bishnoi,15,24,2,4.0,3.75
1254083,Shahbaz Ahmed,11,12,1,2.0,5.5
1254083,YS Chahal,34,24,1,4.0,8.5
1254084,DL Chahar,35,24,0,4.0,8.75
1254084,DS Kulkarni,46,24,0,4.0,11.5
1254084,JDS Neesham,26,12,0,2.0,13.0
1254084,JJ Bumrah,47,24,1,4.0,11.75
1254084,KA Pollard,11,12,2,2.0,5.5
1254084,L Ngidi,62,24,0,4.0,15.5
1254084,MM Ali,1,6,1,1.0,1.0
1254084,RA Jadeja,29,18,1,3.0,9.67
1254084,RD Chahar,31,24,0,4.0,7.75
1254084,SM Curran,33,24,3,4.0,8.25
1254084,SN Thakur,51,24,1,4.0,12.75
1254084,TA Boult,41,24,1,4.0,10.25
1254085,B Kumar,36,24,0,4.0,9.0
1254085,C Sakariya,37,24,0,4.0,9.25
1254085,CH Morris,26,24,3,4.0,6.5
1254085,KK Ahmed,41,24,0,4.0,10.25
1254085,Kartik Tyagi,31,24,1,4.0,7.75
1254085,Mohammad Nabi,21,6,0,1.0,21.0
1254085,Mustafizur Rahman,18,24,3,4.0,4.5
1254085,R Tewatia,45,24,1,4.0,11.25
1254085,Rashid Khan,24,24,1,4.0,6.0
1254085,Sandeep Sharma,41,24,1,4.0,10.25
1254085,V Shankar,37,18,1,3.0,12.33
1254086,AR Patel,21,24,2,4.0,5.25
1254086,Avesh Khan,36,24,1,4.0,9.0
1254086,CJ Jordan,21,12,1,2.0,10.5
1254086,DJ Hooda,11,12,0,2.0,5.5
1254086,Harpreet Brar,19,18,1,3.0,6.33
1254086,I Sharma,37,24,0,4.0,9.25
1254086,K Rabada,36,24,3,4.0,9.0
1254086,Lalit Yadav,25,18,0,3.0,8.33
1254086,MP Stoinis,6,6,0,1.0,6.0
1254086,Mohammed Shami,37,18,0,3.0,12.33
1254086,RP Meredith,32,22,1,3.6666666666666665,8.73
1254086,Ravi Bishnoi,42,24,0,4.0,10.5
1254087,AD Russell,9,18,3,3.0,3.0
1254087,CV Varun,13,24,4,4.0,3.25
1254087,HV Patel,12,12,0,2.0,6.0
1254087,KA Jamieson,23,12,0,2.0,11.5
1254087,LH Ferguson,22,24,2,4.0,5.5
1254087,M Prasidh Krishna,20,24,1,4.0,5.0
1254087,Mohammed Siraj,11,12,0,2.0,5.5
1254087,PWH de Silva,20,12,0,2.0,10.0
1254087,SP Narine,20,24,0,4.0,5.0
1254087,YS Chahal,23,12,1,2.0,11.5
1254088,Abhishek Sharma,3,6,2,1.0,3.0
1254088,JDS Neesham,28,18,2,3.0,9.33
1254088,JJ Bumrah,32,24,2,4.0,8.0
1254088,JO Holder,45,24,4,4.0,11.25
1254088,KH Pandya,9,6,0,1.0,9.0
1254088,Mohammad Nabi,33,18,0,3.0,11.0
1254088,NM Coulter-Nile,40,24,2,4.0,10.0
1254088,PP Chawla,38,24,1,4.0,9.5
1254088,Rashid Khan,40,24,2,4.0,10.0
1254088,S Kaul,56,24,0,4.0,14.0
1254088,TA Boult,30,24,1,4.0,7.5
1254088,Umran Malik,47,24,1,4.0,11.75
1254089,Akash Singh,39,24,0,4.0,9.75
1254089,C Sakariya,29,24,1,4.0,7.25
1254089,GD Phillips,3,6,0,1.0,3.0
1254089,JR Hazlewood,54,24,0,4.0,13.5
1254089,KM Asif,16,13,1,2.1666666666666665,7.38
1254089,M Markande,26,18,0,3.0,8.67
1254089,MM Ali,23,14,0,2.3333333333333335,9.86
1254089,Mustafizur Rahman,50,24,0,4.0,12.5
1254089,R Tewatia,37,24,2,4.0,9.25
1254089,RA Jadeja,9,6,0,1.0,9.0
1254089,SM Curran,52,24,0,4.0,13.0
1254089,SN Thakur,28,24,2,4.0,7.0
1254090,AK Markram,5,6,0,1.0,5.0
1254090,Arshdeep Singh,38,18,1,3.0,12.67
1254090,DT Christian,11,6,0,1.0,11.0
1254090,GHS Garton,23,24,1,4.0,5.75
1254090,HV Patel,27,24,1,4.0,6.75
1254090,Harpreet Brar,26,24,0,4.0,6.5
1254090,MC Henriques,12,24,3,4.0,3.0
1254090,Mohammed Shami,39,24,3,4.0,9.75
1254090,Mohammed Siraj,32,24,0,4.0,8.0
1254090,Ravi Bishnoi,34,24,0,4.0,8.5
1254090,Shahbaz Ahmed,29,18,1,3.0,9.67
1254090,YS Chahal,27,24,3,4.0,6.75
1254091,Abhishek Sharma,9,12,0,2.0,4.5
1254091,B Kumar,32,24,0,4.0,8.0
1254091,DJ Bravo,14,24,2,4.0,3.5
1254091,DL Chahar,32,24,0,4.0,8.0
1254091,JO Holder,27,24,3,4.0,6.75
1254091,JR Hazlewood,24,24,3,4.0,6.0
1254091,MM Ali,5,6,0,1.0,5.0
1254091,RA Jadeja,14,18,1,3.0,4.67
1254091,Rashid Khan,26,24,1,4.0,6.5
1254091,S Kaul,24,16,0,2.6666666666666665,9.0
1254091,SN Thakur,35,24,1,4.0,8.75
1254091,Sandeep Sharma,18,18,0,3.0,6.0
1254092,A Nortje,14,14,1,2.3333333333333335,6.0
1254092,AR Patel,13,18,0,3.0,4.33
1254092,Avesh Khan,13,18,3,3.0,4.33
1254092,CV Varun,23,24,0,4.0,5.75
1254092,K Rabada,26,18,1,3.0,8.67
1254092,LH Ferguson,10,12,2,2.0,5.0
1254092,Lalit Yadav,35,18,1,3.0,11.67
1254092,R Ashwin,23,24,1,4.0,5.75
1254092,S Sandeep Warrier,15,12,0,2.0,7.5
1254092,SP Narine,18,24,2,4.0,4.5
1254092,TG Southee,28,24,3,4.0,7.0
1254092,VR Iyer,27,24,2,4.0,6.75
1254093,C Sakariya,32,18,1,3.0,10.67
1254093,J Yadav,17,12,0,2.0,8.5
1254093,JDS Neesham,12,24,3,4.0,3.0
1254093,JJ Bumrah,13,24,2,4.0,3.25
1254093,K Yadav,16,12,0,2.0,8.0
1254093,KA Pollard,9,12,0,2.0,4.5
1254093,Mustafizur Rahman,31,14,1,2.3333333333333335,13.29
1254093,NM Coulter-Nile,14,24,4,4.0,3.5
1254093,S Gopal,9,6,0,1.0,9.0
1254093,TA Boult,22,24,0,4.0,5.5
1254094,Arshdeep Singh,34,24,2,4.0,8.5
1254094,CJ Jordan,19,18,2,3.0,6.33
1254094,DJ Bravo,30,12,0,2.0,15.0
1254094,DL Chahar,45,24,1,4.0,11.25
1254094,Harpreet Brar,19,24,0,4.0,4.75
1254094,JR Hazlewood,22,18,0,3.0,7.33
1254094,MC Henriques,8,6,0,1.0,8.0
1254094,Mohammed Shami,21,24,1,4.0,5.25
1254094,RA Jadeja,9,6,0,1.0,9.0
1254094,Ravi Bishnoi,24,24,1,4.0,6.0
1254094,SN Thakur,28,18,3,3.0,9.33
1254095,B Kumar,25,24,1,4.0,6.25
1254095,DT Christian,14,18,2,3.0,4.67
1254095,GHS Garton,27,12,1,2.0,13.5
1254095,HV Patel,32,24,3,4.0,8.0
1254095,JO Holder,25,24,1,4.0,6.25
1254095,Mohammed Siraj,16,18,0,3.0,5.33
1254095,Rashid Khan,39,24,2,4.0,9.75
1254095,S Kaul,24,24,1,4.0,6.0
1254095,Shahbaz Ahmed,21,24,0,4.0,5.25
1254095,Umran Malik,21,24,1,4.0,5.25
1254095,YS Chahal,27,24,1,4.0,6.75
1254096,AD Russell,36,18,0,3.0,12.0
1254096,AF Milne,28,18,0,3.0,9.33
1254096,CV Varun,21,24,0,4.0,5.25
1254096,JJ Bumrah,38,24,3,4.0,9.5
1254096,KH Pandya,25,18,0,3.0,8.33
1254096,LH Ferguson,27,24,3,4.0,6.75
1254096,M Prasidh Krishna,34,24,2,4.0,8.5
1254096,N Rana,5,6,0,1.0,5.0
1254096,RD Chahar,34,18,0,3.0,11.33
1254096,RG Sharma,4,1,0,0.16666666666666666,24.0
1254096,SP Narine,20,24,1,4.0,5.0
1254096,TA Boult,23,12,0,2.0,11.5
1254097,A Nortje,18,24,2,4.0,4.5
1254097,AR Patel,26,24,1,4.0,6.5
1254097,Avesh Khan,28,24,1,4.0,7.0
1254097,C Sakariya,32,24,2,4.0,8.0
1254097,K Rabada,24,24,1,4.0,6.0
1254097,Kartik Tyagi,35,24,1,4.0,8.75
1254097,MK Lomror,5,6,0,1.0,5.0
1254097,Mustafizur Rahman,22,24,2,4.0,5.5
1254097,R Ashwin,19,24,1,4.0,4.75
1254097,R Tewatia,17,18,1,3.0,5.67
1254097,T Shamsi,34,24,0,4.0,8.5
1254098,AD Russell,27,18,1,3.0,9.0
1254098,CV Varun,22,24,2,4.0,5.5
1254098,DL Chahar,31,24,1,4.0,7.75
1254098,JR Hazlewood,38,24,2,4.0,9.5
1254098,LH Ferguson,31,24,1,4.0,7.75
1254098,M Prasidh Krishna,41,24,1,4.0,10.25
1254098,RA Jadeja,21,24,1,4.0,5.25
1254098,SM Curran,53,24,0,4.0,13.25
1254098,SN Thakur,20,24,2,4.0,5.0
1254098,SP Narine,41,24,3,4.0,10.25
1254098,VR Iyer,5,6,0,1.0,5.0
1254099,AK Markram,17,18,0,3.0,5.67
1254099,Arshdeep Singh,28,24,0,4.0,7.0
1254099,Harpreet Brar,11,6,0,1.0,11.0
1254099,JJ Bumrah,24,24,2,4.0,6.0
1254099,KA Pollard,7,6,2,1.0,7.0
1254099,KH Pandya,23,24,1,4.0,5.75
1254099,Mohammed Shami,42,24,1,4.0,10.5
1254099,NM Coulter-Nile,19,24,0,4.0,4.75
1254099,NT Ellis,12,18,1,3.0,4.0
1254099,RD Chahar,27,24,1,4.0,6.75
1254099,Ravi Bishnoi,25,24,2,4.0,6.25
1254099,TA Boult,29,18,0,3.0,9.67
1254100,Abhishek Sharma,8,6,0,1.0,8.0
1254100,B Kumar,27,24,1,4.0,6.75
1254100,C Sakariya,27,24,1,4.0,6.75
1254100,CH Morris,27,18,0,3.0,9.0
1254100,JD Unadkat,19,12,0,2.0,9.5
1254100,JO Holder,26,24,0,4.0,6.5
1254100,MK Lomror,22,18,1,3.0,7.33
1254100,Mustafizur Rahman,25,21,1,3.5,7.14
1254100,R Tewatia,30,18,0,3.0,10.0
1254100,Rashid Khan,30,24,1,4.0,7.5
1254100,S Kaul,36,24,2,4.0,9.0
1254100,Sandeep Sharma,30,18,1,3.0,10.0
1254101,A Nortje,23,24,2,4.0,5.75
1254101,AR Patel,39,24,1,4.0,9.75
1254101,Avesh Khan,29,24,0,4.0,7.25
1254101,DT Christian,19,12,1,2.0,9.5
1254101,GHS Garton,19,18,0,3.0,6.33
1254101,GJ Maxwell,27,18,0,3.0,9.0
1254101,HV Patel,31,24,1,4.0,7.75
1254101,K Rabada,37,24,0,4.0,9.25
1254101,Mohammed Siraj,25,24,2,4.0,6.25
1254101,R Ashwin,11,6,0,1.0,11.0
1254101,RV Patel,20,18,0,3.0,6.67
1254101,YS Chahal,34,24,1,4.0,8.5
1254102,Arshdeep Singh,30,24,3,4.0,7.5
1254102,CV Varun,24,24,2,4.0,6.0
1254102,FA Allen,38,24,0,4.0,9.5
1254102,Mohammed Shami,22,24,2,4.0,5.5
1254102,N Rana,7,6,0,1.0,7.0
1254102,NT Ellis,45,24,0,4.0,11.25
1254102,Ravi Bishnoi,22,24,2,4.0,5.5
1254102,SP Narine,32,24,1,4.0,8.0
1254102,Shivam Mavi,31,24,1,4.0,7.75
1254102,TG Southee,39,24,0,4.0,9.75
1254102,VR Iyer,29,15,1,2.5,11.6
1254103,C Sakariya,17,18,0,3.0,5.67
1254103,CH Morris,50,24,1,4.0,12.5
1254103,DT Christian,21,12,1,2.0,10.5
1254103,GHS Garton,29,18,1,3.0,9.67
1254103,GJ Maxwell,17,12,0,2.0,8.5
1254103,HV Patel,33,24,3,4.0,8.25
1254103,Kartik Tyagi,19,12,0,2.0,9.5
1254103,MK Lomror,12,12,0,2.0,6.0
1254103,Mohammed Siraj,17,18,0,3.0,5.67
1254103,Mustafizur Rahman,20,18,2,3.0,6.67
1254103,R Parag,4,1,0,0.16666666666666666,24.0
1254103,R Tewatia,23,18,0,3.0,7.67
1254103,Shahbaz Ahmed,10,12,2,2.0,5.0
1254103,YS Chahal,18,24,2,4.0,4.5
1254104,AF Milne,21,24,3,4.0,5.25
1254104,DJ Bravo,23,24,3,4.0,5.75
1254104,DL Chahar,19,24,2,4.0,4.75
1254104,JJ Bumrah,31,24,2,4.0,7.75
1254104,JR Hazlewood,34,24,1,4.0,8.5
1254104,KA Pollard,14,12,0,2.0,7.0
1254104,KH Pandya,22,12,0,2.0,11.0
1254104,MM Ali,16,18,1,3.0,5.33
1254104,RA Jadeja,13,6,0,1.0,13.0
1254104,RD Chahar,22,24,0,4.0,5.5
1254104,SN Thakur,27,24,1,4.0,6.75
1254104,TA Boult,35,24,2,4.0,8.75
1254105,A Nortje,12,24,2,4.0,3.0
1254105,AR Patel,21,24,2,4.0,5.25
1254105,Avesh Khan,23,24,2,4.0,5.75
1254105,B Kumar,21,18,0,3.0,7.0
1254105,JO Holder,32,23,0,3.8333333333333335,8.35
1254105,K Rabada,36,24,3,4.0,9.0
1254105,KK Ahmed,31,24,1,4.0,7.75
1254105,MP Stoinis,8,7,0,1.1666666666666667,6.86
1254105,R Ashwin,19,17,0,2.8333333333333335,6.71
1254105,Rashid Khan,25,24,1,4.0,6.25
1254105,Sandeep Sharma,26,18,0,3.0,8.67
1254106,C Sakariya,23,24,1,4.0,5.75
1254106,CH Morris,23,24,1,4.0,5.75
1254106,CV Varun,14,24,1,4.0,3.5
1254106,GD Phillips,16,6,1,1.0,16.0
1254106,JD Unadkat,34,24,0,4.0,8.5
1254106,LH Ferguson,18,24,3,4.0,4.5
1254106,Mustafizur Rahman,30,24,0,4.0,7.5
1254106,R Tewatia,10,6,1,1.0,10.0
1254106,S Dube,18,12,0,2.0,9.0
1254106,SP Narine,30,24,1,4.0,7.5
1254106,Shakib Al Hasan,1,6,1,1.0,1.0
1254106,Shivam Mavi,21,19,4,3.1666666666666665,6.63
1254107,Abdul Samad,9,6,1,1.0,9.0
1254107,Arshdeep Singh,22,24,2,4.0,5.5
1254107,B Kumar,33,24,1,4.0,8.25
1254107,Harpreet Brar,23,24,0,4.0,5.75
1254107,JO Holder,18,24,3,4.0,4.5
1254107,KK Ahmed,21,18,0,3.0,7.0
1254107,Mohammed Shami,14,24,2,4.0,3.5
1254107,NT Ellis,31,24,0,4.0,7.75
1254107,Rashid Khan,17,24,1,4.0,4.25
1254107,Ravi Bishnoi,23,24,3,4.0,5.75
1254107,Sandeep Sharma,20,24,1,4.0,5.0
1254108,AF Milne,47,24,1,4.0,11.75
1254108,DT Christian,21,12,0,2.0,10.5
1254108,GJ Maxwell,22,24,2,4.0,5.5
1254108,HV Patel,14,19,4,3.1666666666666665,4.42
1254108,JJ Bumrah,34,24,3,4.0,8.5
1254108,KA Jamieson,19,12,0,2.0,9.5
1254108,KH Pandya,24,24,0,4.0,6.0
1254108,Mohammed Siraj,15,18,1,3.0,5.0
1254108,RD Chahar,33,24,1,4.0,8.25
1254108,TA Boult,16,24,1,4.0,4.0
1254108,YS Chahal,11,24,3,4.0,2.75
1254109,B Kumar,20,24,0,4.0,5.0
1254109,CV Varun,26,24,2,4.0,6.5
1254109,JO Holder,32,24,2,4.0,8.0
1254109,Rashid Khan,23,24,1,4.0,5.75
1254109,S Kaul,17,22,1,3.6666666666666665,4.64
1254109,SP Narine,12,24,0,4.0,3.0
1254109,Shakib Al Hasan,20,24,2,4.0,5.0
1254109,Shivam Mavi,28,24,2,4.0,7.0
1254109,TG Southee,26,24,2,4.0,6.5
1254109,Umran Malik,25,24,0,4.0,6.25
1254110,A Nortje,31,24,1,4.0,7.75
1254110,AR Patel,18,24,2,4.0,4.5
1254110,Avesh Khan,33,24,1,4.0,8.25
1254110,DJ Bravo,16,10,1,1.6666666666666665,9.6
1254110,DL Chahar,32,18,1,3.0,10.67
1254110,JR Hazlewood,27,24,1,4.0,6.75
1254110,K Rabada,21,24,0,4.0,5.25
1254110,MM Ali,16,18,0,3.0,5.33
1254110,R Ashwin,18,24,1,4.0,4.5
1254110,RA Jadeja,27,24,2,4.0,6.75
1254110,SN Thakur,13,24,2,4.0,3.25
1254111,AU Rashid,35,18,0,3.0,11.67
1254111,Arshdeep Singh,29,24,5,4.0,7.25
1254111,C Sakariya,30,18,1,3.0,10.0
1254111,CH Morris,41,24,0,4.0,10.25
1254111,DJ Hooda,37,12,0,2.0,18.5
1254111,Harpreet Brar,17,18,1,3.0,5.67
1254111,IC Porel,37,24,1,4.0,9.25
1254111,Kartik Tyagi,27,24,2,4.0,6.75
1254111,MK Lomror,7,6,0,1.0,7.0
1254111,Mohammed Shami,21,24,3,4.0,5.25
1254111,Mustafizur Rahman,30,24,0,4.0,7.5
1254111,R Parag,16,6,0,1.0,16.0
1254111,R Tewatia,22,18,1,3.0,7.33
1254112,A Nortje,19,24,1,4.0,4.75
1254112,AR Patel,20,24,3,4.0,5.0
1254112,Avesh Khan,14,24,3,4.0,3.5
1254112,J Yadav,30,24,2,4.0,7.5
1254112,JJ Bumrah,29,24,1,4.0,7.25
1254112,K Rabada,30,24,0,4.0,7.5
1254112,KA Pollard,7,6,0,1.0,7.0
1254112,KH Pandya,18,13,1,2.1666666666666665,8.31
1254112,NM Coulter-Nile,19,24,1,4.0,4.75
1254112,R Ashwin,39,24,1,4.0,9.75
1254112,TA Boult,23,24,1,4.0,5.75
1254113,DJ Bravo,23,24,3,4.0,5.75
1254113,DL Chahar,35,24,1,4.0,8.75
1254113,GJ Maxwell,17,12,1,2.0,8.5
1254113,HV Patel,21,19,2,3.1666666666666665,6.63
1254113,JR Hazlewood,33,24,0,4.0,8.25
1254113,Mohammed Siraj,23,18,0,3.0,7.67
1254113,Navdeep Saini,25,12,0,2.0,12.5
1254113,PWH de Silva,40,24,0,4.0,10.0
1254113,RA Jadeja,31,24,0,4.0,7.75
1254113,SN Thakur,29,24,2,4.0,7.25
1254113,YS Chahal,25,24,1,4.0,6.25
1254114,A Nortje,31,24,1,4.0,7.75
1254114,AR Patel,23,18,0,3.0,7.67
1254114,Avesh Khan,46,24,1,4.0,11.5
1254114,DJ Bravo,29,18,1,3.0,9.67
1254114,DL Chahar,25,18,0,3.0,8.33
1254114,JR Hazlewood,29,24,2,4.0,7.25
1254114,K Rabada,23,18,1,3.0,7.67
1254114,MM Ali,26,24,1,4.0,6.5
1254114,R Ashwin,19,12,0,2.0,9.5
1254114,RA Jadeja,23,18,1,3.0,7.67
1254114,SN Thakur,34,18,0,3.0,11.33
1254114,TK Curran,27,22,3,3.6666666666666665,7.36
1254115,CV Varun,20,24,0,4.0,5.0
1254115,DT Christian,27,10,0,1.6666666666666665,16.2
1254115,GHS Garton,29,18,0,3.0,9.67
1254115,GJ Maxwell,25,18,0,3.0,8.33
1254115,HV Patel,18,24,2,4.0,4.5
1254115,LH Ferguson,29,24,2,4.0,7.25
1254115,Mohammed Siraj,19,24,2,4.0,4.75
1254115,SP Narine,20,24,4,4.0,5.0
1254115,Shakib Al Hasan,24,24,0,4.0,6.0
1254115,Shivam Mavi,27,24,1,4.0,6.75
1254115,YS Chahal,16,24,2,4.0,4.0
1254116,A Nortje,26,24,2,4.0,6.5
1254116,AR Patel,31,24,0,4.0,7.75
1254116,Avesh Khan,22,24,1,4.0,5.5
1254116,CV Varun,25,24,2,4.0,6.25
1254116,K Rabada,21,24,2,4.0,5.25
1254116,LH Ferguson,26,24,1,4.0,6.5
1254116,R Ashwin,26,23,2,3.8333333333333335,6.78
1254116,SP Narine,26,24,1,4.0,6.5
1254116,Shakib Al Hasan,26,24,0,4.0,6.5
1254116,Shivam Mavi,26,24,1,4.0,6.5
1254117,CV Varun,37,24,0,4.0,9.25
1254117,DJ Bravo,29,24,1,4.0,7.25
1254117,DL Chahar,31,24,1,4.0,7.75
1254117,JR Hazlewood,27,24,2,4.0,6.75
1254117,LH Ferguson,54,24,0,4.0,13.5
1254117,RA Jadeja,36,24,2,4.0,9.0
1254117,SN Thakur,29,24,3,4.0,7.25
1254117,SP Narine,25,24,2,4.0,6.25
1254117,Shakib Al Hasan,33,18,0,3.0,11.0
1254117,Shivam Mavi,32,24,1,4.0,8.0
1254117,VR Iyer,5,6,0,1.0,5.0
1304047,AD Russell,38,24,1,4.0,9.5
1304047,AF Milne,19,15,0,2.5,7.6
1304047,CV Varun,22,24,0,4.0,5.5
1304047,DJ Bravo,20,24,3,4.0,5.0
1304047,MJ Santner,31,24,1,4.0,7.75
1304047,RA Jadeja,25,24,0,4.0,6.25
1304047,S Dube,11,6,0,1.0,11.0
1304047,SP Narine,15,24,1,4.0,3.75
1304047,Shivam Mavi,27,24,0,4.0,6.75
1304047,TU Deshpande,23,18,0,3.0,7.67
1304047,UT Yadav,17,24,2,4.0,4.25
1304048,AR Patel,40,24,0,4.0,10.0
1304048,Basil Thampi,32,24,3,4.0,8.0
1304048,DR Sams,55,24,0,4.0,13.75
1304048,JJ Bumrah,43,20,0,3.3333333333333335,12.9
1304048,KK Ahmed,27,24,2,4.0,6.75
1304048,KL Nagarkoti,28,12,0,2.0,14.0
1304048,Kuldeep Yadav,18,24,3,4.0,4.5
1304048,Lalit Yadav,15,12,0,2.0,7.5
1304048,M Ashwin,14,24,2,4.0,3.5
1304048,SN Thakur,46,24,0,4.0,11.5
1304048,TS Mills,24,18,1,3.0,8.0
1304049,Akash Deep,38,18,1,3.0,12.67
1304049,Arshdeep Singh,24,24,1,4.0,6.0
1304049,DJ Willey,28,18,0,3.0,9.33
1304049,HV Patel,31,24,1,4.0,7.75
1304049,Harpreet Brar,36,18,0,3.0,12.0
1304049,LS Livingstone,13,6,0,1.0,13.0
1304049,Mohammed Siraj,45,24,2,4.0,11.25
1304049,OF Smith,51,24,0,4.0,12.75
1304049,PWH de Silva,38,24,1,4.0,9.5
1304049,RD Chahar,21,24,1,4.0,5.25
1304049,Sandeep Sharma,37,24,0,4.0,9.25
1304049,Shahbaz Ahmed,6,6,0,1.0,6.0
1304050,Avesh Khan,33,22,1,3.6666666666666665,9.0
1304050,DJ Hooda,31,18,1,3.0,10.33
1304050,HH Pandya,37,24,0,4.0,9.25
1304050,KH Pandya,17,24,1,4.0,4.25
1304050,LH Ferguson,23,24,0,4.0,5.75
1304050,Mohammed Shami,25,24,3,4.0,6.25
1304050,Mohsin Khan,18,12,0,2.0,9.0
1304050,PVD Chameera,21,18,2,3.0,7.0
1304050,Rashid Khan,27,24,1,4.0,6.75
1304050,Ravi Bishnoi,32,24,0,4.0,8.0
1304050,VR Aaron,42,24,2,4.0,10.5
1304051,Abhishek Sharma,15,6,0,1.0,15.0
1304051,B Kumar,26,24,1,4.0,6.5
1304051,M Prasidh Krishna,16,24,2,4.0,4.0
1304051,NM Coulter-Nile,46,18,0,3.0,15.33
1304051,R Ashwin,21,24,0,4.0,5.25
1304051,R Parag,14,6,0,1.0,14.0
1304051,R Shepherd,32,24,1,4.0,8.0
1304051,T Natarajan,41,24,2,4.0,10.25
1304051,TA Boult,20,24,2,4.0,5.0
1304051,Umran Malik,32,24,2,4.0,8.0
1304051,Washington Sundar,45,18,0,3.0,15.0
1304051,YS Chahal,22,24,3,4.0,5.5
1304052,AD Russell,29,14,0,2.3333333333333335,12.43
1304052,Akash Deep,44,23,3,3.8333333333333335,11.48
1304052,CV Varun,32,24,1,4.0,8.0
1304052,DJ Willey,7,12,0,2.0,3.5
1304052,HV Patel,11,24,2,4.0,2.75
1304052,Mohammed Siraj,25,24,1,4.0,6.25
1304052,PWH de Silva,20,24,4,4.0,5.0
1304052,SP Narine,12,24,1,4.0,3.0
1304052,Shahbaz Ahmed,15,6,0,1.0,15.0
1304052,TG Southee,18,24,3,4.0,4.5
1304052,UT Yadav,16,24,2,4.0,4.0
1304052,VR Iyer,10,6,0,1.0,10.0
1304053,AJ Tye,39,24,3,4.0,9.75
1304053,Avesh Khan,38,24,2,4.0,9.5
1304053,D Pretorius,28,24,2,4.0,7.0
1304053,DJ Bravo,32,24,1,4.0,8.0
1304053,DJ Hooda,12,6,0,1.0,12.0
1304053,KH Pandya,35,18,0,3.0,11.67
1304053,MM Ali,14,6,0,1.0,14.0
1304053,Mukesh Choudhary,36,21,0,3.5,10.29
1304053,PVD Chameera,48,24,0,4.0,12.0
1304053,RA Jadeja,21,12,0,2.0,10.5
1304053,Ravi Bishnoi,24,24,2,4.0,6.0
1304053,S Dube,23,6,0,1.0,23.0
1304053,TU Deshpande,39,24,1,4.0,9.75
1304054,AD Russell,0,2,2,0.3333333333333333,0.0
1304054,Arshdeep Singh,27,18,0,3.0,9.0
1304054,CV Varun,12,24,0,4.0,3.0
1304054,Harpreet Brar,19,12,0,2.0,9.5
1304054,K Rabada,22,18,1,3.0,7.33
1304054,LS Livingstone,13,3,0,0.5,26.0
1304054,OF Smith,37,12,1,2.0,18.5
1304054,RD Chahar,12,24,2,4.0,3.0
1304054,SP Narine,20,24,1,4.0,5.0
1304054,Shivam Mavi,37,12,1,2.0,18.5
1304054,TG Southee,35,24,2,4.0,8.75
1304054,UT Yadav,22,24,4,4.0,5.5
1304055,Basil Thampi,26,6,0,1.0,26.0
1304055,DR Sams,30,24,0,4.0,7.5
1304055,JJ Bumrah,17,24,4,4.0,4.25
1304055,KA Pollard,45,24,1,4.0,11.25
1304055,M Ashwin,29,18,0,3.0,9.67
1304055,M Prasidh Krishna,31,24,1,4.0,7.75
1304055,Navdeep Saini,30,18,2,3.0,10.0
1304055,R Ashwin,30,24,1,4.0,7.5
1304055,R Parag,11,6,0,1.0,11.0
1304055,TA Boult,28,24,1,4.0,7.0
1304055,TS Mills,35,24,3,4.0,8.75
1304055,YS Chahal,25,24,2,4.0,6.25
1304056,AR Patel,37,24,0,4.0,9.25
1304056,HH Pandya,22,24,1,4.0,5.5
1304056,KK Ahmed,34,24,2,4.0,8.5
1304056,Kuldeep Yadav,32,24,1,4.0,8.0
1304056,LH Ferguson,27,24,4,4.0,6.75
1304056,Mohammed Shami,30,24,2,4.0,7.5
1304056,Mustafizur Rahman,22,24,3,4.0,5.5
1304056,R Tewatia,22,12,0,2.0,11.0
1304056,Rashid Khan,25,24,1,4.0,6.25
1304056,SN Thakur,35,24,0,4.0,8.75
1304056,V Shankar,13,6,1,1.0,13.0
1304056,VR Aaron,7,6,0,1.0,7.0
1304057,Arshdeep Singh,13,12,1,2.0,6.5
1304057,CJ Jordan,22,24,3,4.0,5.5
1304057,D Pretorius,26,24,2,4.0,6.5
1304057,DJ Bravo,30,18,1,3.0,10.0
1304057,K Rabada,23,18,1,3.0,7.67
1304057,LS Livingstone,24,18,2,3.0,8.0
1304057,MM Ali,8,6,0,1.0,8.0
1304057,Mukesh Choudhary,49,24,1,4.0,12.25
1304057,OF Smith,14,12,1,2.0,7.0
1304057,RA Jadeja,31,24,1,4.0,7.75
1304057,RD Chahar,25,24,3,4.0,6.25
1304057,VG Arora,20,24,2,4.0,5.0
1304058,AJ Tye,38,24,0,4.0,9.5
1304058,Abdul Samad,8,6,0,1.0,8.0
1304058,Avesh Khan,23,24,4,4.0,5.75
1304058,B Kumar,25,24,0,4.0,6.25
1304058,JO Holder,32,24,3,4.0,8.0
1304058,KH Pandya,27,24,2,4.0,6.75
1304058,R Shepherd,39,24,3,4.0,9.75
1304058,Ravi Bishnoi,27,24,0,4.0,6.75
1304058,T Natarajan,26,24,2,4.0,6.5
1304058,Umran Malik,39,18,0,3.0,13.0
1304058,Washington Sundar,28,24,2,4.0,7.0
1304059,Akash Deep,43,24,0,4.0,10.75
1304059,DJ Willey,29,24,1,4.0,7.25
1304059,HV Patel,16,24,1,4.0,4.0
1304059,M Prasidh Krishna,38,24,0,4.0,9.5
1304059,Mohammed Siraj,41,24,0,4.0,10.25
1304059,Navdeep Saini,35,18,1,3.0,11.67
1304059,PWH de Silva,32,24,1,4.0,8.0
1304059,R Ashwin,31,24,0,4.0,7.75
1304059,TA Boult,34,24,2,4.0,8.5
1304059,YBK Jaiswal,6,1,0,0.16666666666666666,36.0
1304059,YS Chahal,15,24,3,4.0,3.75
1304060,AD Russell,9,6,0,1.0,9.0
1304060,Basil Thampi,15,18,0,3.0,5.0
1304060,CV Varun,32,24,1,4.0,8.0
1304060,DR Sams,47,18,1,3.0,15.67
1304060,JJ Bumrah,26,18,0,3.0,8.67
1304060,M Ashwin,25,18,2,3.0,8.33
1304060,PJ Cummins,48,24,2,4.0,12.0
1304060,Rasikh Salam,18,18,0,3.0,6.0
1304060,SP Narine,26,24,0,4.0,6.5
1304060,TS Mills,38,18,2,3.0,12.67
1304060,Tilak Varma,6,6,0,1.0,6.0
1304060,UT Yadav,25,24,1,4.0,6.25
1304061,A Nortje,27,14,0,2.3333333333333335,11.57
1304061,AJ Tye,27,18,0,3.0,9.0
1304061,AR Patel,11,12,0,2.0,5.5
1304061,Avesh Khan,32,18,0,3.0,10.67
1304061,JO Holder,27,24,0,4.0,6.75
1304061,K Gowtham,23,24,1,4.0,5.75
1304061,KH Pandya,12,12,0,2.0,6.0
1304061,Kuldeep Yadav,31,22,2,3.6666666666666665,8.45
1304061,Lalit Yadav,21,24,1,4.0,5.25
1304061,Mustafizur Rahman,24,24,0,4.0,6.0
1304061,Ravi Bishnoi,22,24,2,4.0,5.5
1304061,SN Thakur,29,22,1,3.6666666666666665,7.91
1304062,Arshdeep Singh,30,24,0,4.0,7.5
1304062,DG Nalkande,36,18,2,3.0,12.0
1304062,HH Pandya,35,24,1,4.0,8.75
1304062,K Rabada,33,24,2,4.0,8.25
1304062,LH Ferguson,32,24,2,4.0,8.0
1304062,LS Livingstone,12,6,0,1.0,12.0
1304062,Mohammed Shami,36,24,1,4.0,9.0
1304062,OF Smith,34,18,1,3.0,11.33
1304062,R Tewatia,24,6,0,1.0,24.0
1304062,RD Chahar,39,24,1,4.0,9.75
1304062,Rashid Khan,22,24,3,4.0,5.5
1304062,VG Arora,34,24,0,4.0,8.5
1304063,AK Markram,8,6,1,1.0,8.0
1304063,B Kumar,32,24,1,4.0,8.0
1304063,CJ Jordan,29,18,0,3.0,9.67
1304063,DJ Bravo,26,16,1,2.6666666666666665,9.75
1304063,M Jansen,30,24,1,4.0,7.5
1304063,M Theekshana,31,24,0,4.0,7.75
1304063,MM Ali,10,6,0,1.0,10.0
1304063,Mukesh Choudhary,30,24,1,4.0,7.5
1304063,RA Jadeja,21,18,0,3.0,7.0
1304063,T Natarajan,29,24,2,4.0,7.25
1304063,Umran Malik,29,18,0,3.0,9.67
1304063,Washington Sundar,21,24,2,4.0,5.25
1304064,Akash Deep,20,24,2,4.0,5.0
1304064,Basil Thampi,28,24,0,4.0,7.0
1304064,D Brevis,8,3,1,0.5,16.0
1304064,DJ Willey,8,12,0,2.0,4.0
1304064,HV Patel,23,24,2,4.0,5.75
1304064,JD Unadkat,30,24,2,4.0,7.5
1304064,JJ Bumrah,31,24,0,4.0,7.75
1304064,KA Pollard,23,18,0,3.0,7.67
1304064,M Ashwin,25,18,0,3.0,8.33
1304064,Mohammed Siraj,47,24,0,4.0,11.75
1304064,PWH de Silva,28,24,2,4.0,7.0
1304064,Shahbaz Ahmed,19,12,0,2.0,9.5
1304065,AD Russell,16,12,1,2.0,8.0
1304065,AR Patel,32,18,0,3.0,10.67
1304065,CV Varun,41,24,1,4.0,10.25
1304065,KK Ahmed,25,24,3,4.0,6.25
1304065,Kuldeep Yadav,33,24,4,4.0,8.25
1304065,Lalit Yadav,8,6,1,1.0,8.0
1304065,Mustafizur Rahman,21,24,0,4.0,5.25
1304065,PJ Cummins,49,24,0,4.0,12.25
1304065,R Powell,16,6,0,1.0,16.0
1304065,Rasikh Salam,10,6,0,1.0,10.0
1304065,SN Thakur,30,16,2,2.6666666666666665,11.25
1304065,SP Narine,21,24,2,4.0,5.25
1304065,UT Yadav,47,24,1,4.0,11.75
1304065,VR Iyer,14,6,0,1.0,14.0
1304066,Avesh Khan,30,24,2,4.0,7.5
1304066,JO Holder,50,24,2,4.0,12.5
1304066,K Gowtham,30,24,2,4.0,7.5
1304066,KR Sen,35,24,1,4.0,8.75
1304066,M Prasidh Krishna,34,24,1,4.0,8.5
1304066,PVD Chameera,20,24,0,4.0,5.0
1304066,R Ashwin,20,24,0,4.0,5.0
1304066,Ravi Bishnoi,26,24,0,4.0,6.5
1304066,TA Boult,29,24,2,4.0,7.25
1304066,YS Chahal,39,24,4,4.0,9.75
1304067,AK Markram,9,6,0,1.0,9.0
1304067,B Kumar,25,24,2,4.0,6.25
1304067,DG Nalkande,21,13,0,2.1666666666666665,9.69
1304067,HH Pandya,27,24,1,4.0,6.75
1304067,LH Ferguson,44,24,0,4.0,11.0
1304067,M Jansen,25,24,1,4.0,6.25
1304067,Mohammed Shami,32,24,0,4.0,8.0
1304067,R Tewatia,10,6,1,1.0,10.0
1304067,Rashid Khan,28,24,1,4.0,7.0
1304067,T Natarajan,33,24,3,4.0,8.25
1304067,Umran Malik,34,24,1,4.0,8.5
1304067,Washington Sundar,14,18,0,3.0,4.67
1304068,Akash Deep,54,24,0,4.0,13.5
1304068,CJ Jordan,20,12,0,2.0,10.0
1304068,DJ Bravo,34,24,1,4.0,8.5
1304068,GJ Maxwell,29,18,1,3.0,9.67
1304068,JR Hazlewood,32,24,1,4.0,8.0
1304068,M Theekshana,33,24,4,4.0,8.25
1304068,MM Ali,19,18,0,3.0,6.33
1304068,Mohammed Siraj,36,24,0,4.0,9.0
1304068,Mukesh Choudhary,38,18,1,3.0,12.67
1304068,PWH de Silva,34,18,2,3.0,11.33
1304068,RA Jadeja,39,24,3,4.0,9.75
1304068,Shahbaz Ahmed,18,12,0,2.0,9.0
1304069,Arshdeep Singh,28,24,1,4.0,7.0
1304069,Basil Thampi,45,24,2,4.0,11.25
1304069,JD Unadkat,42,24,1,4.0,10.5
1304069,JJ Bumrah,26,24,1,4.0,6.5
1304069,K Rabada,29,24,2,4.0,7.25
1304069,LS Livingstone,11,6,0,1.0,11.0
1304069,M Ashwin,34,24,1,4.0,8.5
1304069,OF Smith,28,18,4,3.0,9.33
1304069,RD Chahar,44,24,0,4.0,11.0
1304069,TS Mills,35,24,0,4.0,8.75
1304069,VG Arora,41,24,2,4.0,10.25
1304070,HH Pandya,16,15,1,2.5,6.4
1304070,JDS Neesham,29,18,0,3.0,9.67
1304070,KR Sen,51,24,1,4.0,12.75
1304070,LH Ferguson,23,24,4,4.0,5.75
1304070,M Prasidh Krishna,33,24,1,4.0,8.25
1304070,Mohammed Shami,39,24,1,4.0,9.75
1304070,R Ashwin,32,24,0,4.0,8.0
1304070,R Parag,12,6,1,1.0,12.0
1304070,R Tewatia,9,6,0,1.0,9.0
1304070,Rashid Khan,24,24,0,4.0,6.0
1304070,V Shankar,1,3,0,0.5,2.0
1304070,YS Chahal,31,24,1,4.0,7.75
1304070,Yash Dayal,40,24,3,4.0,10.0
1304071,AD Russell,19,12,2,2.0,9.5
1304071,Aman Hakim Khan,13,6,0,1.0,13.0
1304071,B Kumar,36,24,1,4.0,9.0
1304071,CV Varun,45,18,0,3.0,15.0
1304071,J Suchith,32,18,1,3.0,10.67
1304071,M Jansen,25,24,1,4.0,6.25
1304071,PJ Cummins,34,23,1,3.8333333333333335,8.87
1304071,SP Narine,23,24,0,4.0,5.75
1304071,Shashank Singh,9,6,0,1.0,9.0
1304071,T Natarajan,37,24,3,4.0,9.25
1304071,UT Yadav,30,24,0,4.0,7.5
1304071,Umran Malik,27,24,2,4.0,6.75
1304072,Avesh Khan,29,24,3,4.0,7.25
1304072,FA Allen,46,24,1,4.0,11.5
1304072,JD Unadkat,31,24,2,4.0,7.75
1304072,JJ Bumrah,22,24,0,4.0,5.5
1304072,JO Holder,32,24,1,4.0,8.0
1304072,KH Pandya,16,12,0,2.0,8.0
1304072,M Ashwin,33,24,1,4.0,8.25
1304072,MP Stoinis,13,12,1,2.0,6.5
1304072,PVD Chameera,43,24,3,4.0,10.75
1304072,Ravi Bishnoi,33,24,1,4.0,8.25
1304072,TS Mills,52,18,0,3.0,17.33
1304072,Tilak Varma,7,6,0,1.0,7.0
1304073,AR Patel,27,24,1,4.0,6.75
1304073,GJ Maxwell,14,12,0,2.0,7.0
1304073,HV Patel,39,24,0,4.0,9.75
1304073,JR Hazlewood,27,24,3,4.0,6.75
1304073,KK Ahmed,36,24,1,4.0,9.0
1304073,Kuldeep Yadav,43,24,1,4.0,10.75
1304073,Mohammed Siraj,31,24,2,4.0,7.75
1304073,Mustafizur Rahman,47,24,0,4.0,11.75
1304073,PWH de Silva,40,24,2,4.0,10.0
1304073,SN Thakur,26,24,2,4.0,6.5
1304073,Shahbaz Ahmed,17,12,0,2.0,8.5
1304074,Arshdeep Singh,30,24,0,4.0,7.5
1304074,B Kumar,22,24,3,4.0,5.5
1304074,J Suchith,27,24,1,4.0,6.75
1304074,K Rabada,29,24,1,4.0,7.25
1304074,LS Livingstone,19,12,0,2.0,9.5
1304074,M Jansen,34,24,0,4.0,8.5
1304074,OF Smith,8,6,0,1.0,8.0
1304074,RD Chahar,23,24,2,4.0,5.75
1304074,T Natarajan,33,24,1,4.0,8.25
1304074,Umran Malik,28,24,5,4.0,7.0
1304074,VG Arora,35,23,0,3.8333333333333335,9.13
1304075,AS Joseph,33,24,2,4.0,8.25
1304075,CJ Jordan,57,23,0,3.8333333333333335,14.87
1304075,DJ Bravo,23,24,3,4.0,5.75
1304075,LH Ferguson,46,24,1,4.0,11.5
1304075,M Theekshana,24,24,2,4.0,6.0
1304075,MM Ali,17,12,0,2.0,8.5
1304075,Mohammed Shami,18,24,1,4.0,4.5
1304075,Mukesh Choudhary,17,18,1,3.0,5.67
1304075,RA Jadeja,25,18,1,3.0,8.33
1304075,Rashid Khan,29,24,0,4.0,7.25
1304075,Yash Dayal,37,24,1,4.0,9.25
1304076,AD Russell,28,12,1,2.0,14.0
1304076,CV Varun,29,12,0,2.0,14.5
1304076,M Prasidh Krishna,38,24,1,4.0,9.5
1304076,OC McCoy,37,22,2,3.6666666666666665,10.09
1304076,PJ Cummins,48,24,1,4.0,12.0
1304076,R Ashwin,38,24,1,4.0,9.5
1304076,SP Narine,19,24,2,4.0,4.75
1304076,Shivam Mavi,34,24,1,4.0,8.5
1304076,TA Boult,48,24,1,4.0,12.0
1304076,UT Yadav,42,24,0,4.0,10.5
1304076,YS Chahal,36,24,5,4.0,9.0
1304077,Avesh Khan,32,24,0,4.0,8.0
1304077,GJ Maxwell,10,12,1,2.0,5.0
1304077,HV Patel,40,24,2,4.0,10.0
1304077,JO Holder,23,24,3,4.0,5.75
1304077,JR Hazlewood,23,24,4,4.0,5.75
1304077,KH Pandya,29,24,1,4.0,7.25
1304077,MP Stoinis,13,6,0,1.0,13.0
1304077,Mohammed Siraj,30,24,1,4.0,7.5
1304077,PVD Chameera,30,18,2,3.0,10.0
1304077,PWH de Silva,20,12,0,2.0,10.0
1304077,Ravi Bishnoi,45,24,0,4.0,11.25
1304077,Shahbaz Ahmed,25,24,0,4.0,6.25
1304078,AR Patel,10,24,2,4.0,2.5
1304078,Arshdeep Singh,14,6,0,1.0,14.0
1304078,K Rabada,34,18,0,3.0,11.33
1304078,KK Ahmed,20,24,2,4.0,5.0
1304078,Kuldeep Yadav,24,24,2,4.0,6.0
1304078,Lalit Yadav,11,12,2,2.0,5.5
1304078,Mustafizur Rahman,28,24,2,4.0,7.0
1304078,NT Ellis,13,12,0,2.0,6.5
1304078,RD Chahar,21,15,1,2.5,8.4
1304078,SN Thakur,20,12,0,2.0,10.0
1304078,VG Arora,31,12,0,2.0,15.5
1304079,D Pretorius,17,12,0,2.0,8.5
1304079,DJ Bravo,34,24,2,4.0,8.5
1304079,DR Sams,29,24,4,4.0,7.25
1304079,HR Shokeen,22,24,0,4.0,5.5
1304079,JD Unadkat,47,24,2,4.0,11.75
1304079,JJ Bumrah,27,24,0,4.0,6.75
1304079,M Theekshana,35,24,1,4.0,8.75
1304079,MJ Santner,16,18,1,3.0,5.33
1304079,Mukesh Choudhary,18,18,3,3.0,6.0
1304079,RA Jadeja,30,24,0,4.0,7.5
1304079,RP Meredith,23,24,1,4.0,5.75
1304080,AR Patel,21,12,0,2.0,10.5
1304080,KK Ahmed,46,24,1,4.0,11.5
1304080,Kuldeep Yadav,39,18,0,3.0,13.0
1304080,Lalit Yadav,41,24,0,4.0,10.25
1304080,M Prasidh Krishna,22,24,3,4.0,5.5
1304080,Mustafizur Rahman,43,24,1,4.0,10.75
1304080,OC McCoy,49,18,1,3.0,16.33
1304080,R Ashwin,30,24,2,4.0,7.5
1304080,R Parag,20,6,0,1.0,20.0
1304080,SN Thakur,27,18,0,3.0,9.0
1304080,TA Boult,46,24,1,4.0,11.5
1304080,YS Chahal,27,24,1,4.0,6.75
1304081,AD Russell,5,6,4,1.0,5.0
1304081,AS Joseph,29,24,1,4.0,7.25
1304081,CV Varun,24,18,0,3.0,8.0
1304081,LH Ferguson,32,24,1,4.0,8.0
1304081,Mohammed Shami,19,24,2,4.0,4.75
1304081,Rashid Khan,22,24,2,4.0,5.5
1304081,SP Narine,31,24,0,4.0,7.75
1304081,Shivam Mavi,33,24,1,4.0,8.25
1304081,TG Southee,22,24,3,4.0,5.5
1304081,UT Yadav,31,24,1,4.0,7.75
1304081,Yash Dayal,39,24,2,4.0,9.75
1304082,B Kumar,8,13,1,2.1666666666666665,3.69
1304082,HV Patel,18,12,1,2.0,9.0
1304082,J Suchith,10,18,2,3.0,3.33
1304082,JR Hazlewood,31,18,0,3.0,10.33
1304082,M Jansen,22,24,3,4.0,5.5
1304082,Mohammed Siraj,14,12,0,2.0,7.0
1304082,PWH de Silva,7,6,0,1.0,7.0
1304082,T Natarajan,5,18,3,3.0,1.67
1304082,Umran Malik,11,24,1,4.0,2.75
1304083,A Badoni,6,6,1,1.0,6.0
1304083,DR Sams,35,24,1,4.0,8.75
1304083,HR Shokeen,11,12,0,2.0,5.5
1304083,JD Unadkat,36,24,0,4.0,9.0
1304083,JJ Bumrah,31,24,1,4.0,7.75
1304083,JO Holder,34,24,1,4.0,8.5
1304083,KA Pollard,8,12,2,2.0,4.0
1304083,KH Pandya,18,24,4,4.0,4.5
1304083,Mohsin Khan,21,24,1,4.0,5.25
1304083,PVD Chameera,12,24,0,4.0,3.0
1304083,RP Meredith,39,24,2,4.0,9.75
1304083,Ravi Bishnoi,27,18,1,3.0,9.0
1304084,Arshdeep Singh,22,24,1,4.0,5.5
1304084,D Pretorius,48,24,0,4.0,12.0
1304084,DJ Bravo,38,24,3,4.0,9.5
1304084,K Rabada,23,24,2,4.0,5.75
1304084,LS Livingstone,12,6,0,1.0,12.0
1304084,M Theekshana,30,24,1,4.0,7.5
1304084,MJ Santner,8,12,0,2.0,4.0
1304084,Mukesh Choudhary,33,24,0,4.0,8.25
1304084,R Dhawan,37,24,2,4.0,9.25
1304084,RA Jadeja,16,12,0,2.0,8.0
1304084,RD Chahar,29,18,0,3.0,9.67
1304084,Sandeep Sharma,37,24,1,4.0,9.25
1304085,DJ Mitchell,6,6,0,1.0,6.0
1304085,GJ Maxwell,4,6,0,1.0,4.0
1304085,HV Patel,33,24,1,4.0,8.25
1304085,JR Hazlewood,19,24,3,4.0,4.75
1304085,KR Sen,20,21,4,3.5,5.71
1304085,M Prasidh Krishna,20,24,2,4.0,5.0
1304085,Mohammed Siraj,30,24,2,4.0,7.5
1304085,PWH de Silva,22,24,2,4.0,5.5
1304085,R Ashwin,16,24,3,4.0,4.0
1304085,Shahbaz Ahmed,33,18,0,3.0,11.0
1304085,TA Boult,20,18,0,3.0,6.67
1304085,YS Chahal,22,24,1,4.0,5.5
1304086,AS Joseph,34,24,2,4.0,8.5
1304086,B Kumar,33,24,0,4.0,8.25
1304086,LH Ferguson,50,24,0,4.0,12.5
1304086,M Jansen,57,24,0,4.0,14.25
1304086,Mohammed Shami,29,24,3,4.0,7.25
1304086,Rashid Khan,45,24,0,4.0,11.25
1304086,T Natarajan,42,24,0,4.0,10.5
1304086,Umran Malik,24,24,5,4.0,6.0
1304086,Washington Sundar,32,24,0,4.0,8.0
1304086,Yash Dayal,23,24,1,4.0,5.75
1304087,AD Russell,14,6,1,1.0,14.0
1304087,AR Patel,28,24,1,4.0,7.0
1304087,C Sakariya,17,18,1,3.0,5.67
1304087,Harshit Rana,17,18,1,3.0,5.67
1304087,Kuldeep Yadav,14,18,4,3.0,4.67
1304087,Lalit Yadav,25,18,0,3.0,8.33
1304087,Mustafizur Rahman,17,24,3,4.0,4.25
1304087,N Rana,14,6,0,1.0,14.0
1304087,SN Thakur,30,18,0,3.0,10.0
1304087,SP Narine,18,24,1,4.0,4.5
1304087,SS Iyer,7,6,0,1.0,7.0
1304087,TG Southee,30,24,0,4.0,7.5
1304087,UT Yadav,24,24,3,4.0,6.0
1304087,VR Iyer,14,6,0,1.0,14.0
1304088,Arshdeep Singh,23,24,1,4.0,5.75
1304088,Avesh Khan,25,18,0,3.0,8.33
1304088,JO Holder,8,6,0,1.0,8.0
1304088,K Rabada,37,24,4,4.0,9.25
1304088,KH Pandya,10,24,2,4.0,2.5
1304088,LS Livingstone,22,12,0,2.0,11.0
1304088,Mohsin Khan,22,24,3,4.0,5.5
1304088,PVD Chameera,15,24,2,4.0,3.75
1304088,R Dhawan,13,12,0,2.0,6.5
1304088,RD Chahar,30,24,2,4.0,7.5
1304088,Ravi Bishnoi,37,24,1,4.0,9.25
1304088,Sandeep Sharma,16,24,1,4.0,4.0
1304089,AS Joseph,41,24,1,4.0,10.25
1304089,GJ Maxwell,10,6,0,1.0,10.0
1304089,HV Patel,34,24,0,4.0,8.5
1304089,JR Hazlewood,35,21,0,3.5,10.0
1304089,LH Ferguson,36,24,1,4.0,9.0
1304089,Mohammed Shami,38,24,1,4.0,9.5
1304089,Mohammed Siraj,33,24,0,4.0,8.25
1304089,PJ Sangwan,19,24,2,4.0,4.75
1304089,PWH de Silva,28,24,2,4.0,7.0
1304089,Rashid Khan,29,24,1,4.0,7.25
1304089,Shahbaz Ahmed,25,18,2,3.0,8.33
1304090,DJ Mitchell,20,6,0,1.0,20.0
1304090,DR Sams,26,24,1,4.0,6.5
1304090,HR Shokeen,47,18,2,3.0,15.67
1304090,JJ Bumrah,25,24,0,4.0,6.25
1304090,K Kartikeya,19,24,1,4.0,4.75
1304090,KA Pollard,8,6,0,1.0,8.0
1304090,KR Sen,28,20,1,3.3333333333333335,8.4
1304090,M Prasidh Krishna,28,24,1,4.0,7.0
1304090,R Ashwin,21,24,1,4.0,5.25
1304090,RP Meredith,20,24,2,4.0,5.0
1304090,TA Boult,20,18,1,3.0,6.67
1304090,YS Chahal,33,24,1,4.0,8.25
1304091,AR Patel,23,24,0,4.0,5.75
1304091,C Sakariya,41,24,0,4.0,10.25
1304091,JO Holder,44,24,0,4.0,11.0
1304091,K Gowtham,23,12,1,2.0,11.5
1304091,KH Pandya,19,6,0,1.0,19.0
1304091,Kuldeep Yadav,29,18,0,3.0,9.67
1304091,Lalit Yadav,16,6,0,1.0,16.0
1304091,MP Stoinis,13,6,0,1.0,13.0
1304091,Mohsin Khan,15,24,4,4.0,3.75
1304091,Mustafizur Rahman,35,24,0,4.0,8.75
1304091,PVD Chameera,44,24,1,4.0,11.0
1304091,Ravi Bishnoi,28,24,1,4.0,7.0
1304091,SN Thakur,34,24,3,4.0,8.5
1304092,AK Markram,36,18,0,3.0,12.0
1304092,B Kumar,22,24,0,4.0,5.5
1304092,D Pretorius,39,24,1,4.0,9.75
1304092,M Jansen,38,24,0,4.0,9.5
1304092,M Theekshana,26,24,0,4.0,6.5
1304092,MJ Santner,36,18,1,3.0,12.0
1304092,Mukesh Choudhary,45,24,4,4.0,11.25
1304092,RA Jadeja,15,18,0,3.0,5.0
1304092,Shashank Singh,10,6,0,1.0,10.0
1304092,Simarjeet Singh,22,12,0,2.0,11.0
1304092,T Natarajan,41,24,2,4.0,10.25
1304092,Umran Malik,46,24,0,4.0,11.5
1304093,AS Roy,28,24,1,4.0,7.0
1304093,KR Sen,24,19,1,3.1666666666666665,7.58
1304093,M Prasidh Krishna,32,24,1,4.0,8.0
1304093,R Ashwin,33,24,0,4.0,8.25
1304093,SP Narine,19,24,0,4.0,4.75
1304093,Shivam Mavi,30,24,1,4.0,7.5
1304093,TA Boult,23,24,1,4.0,5.75
1304093,TG Southee,43,24,2,4.0,10.75
1304093,UT Yadav,22,24,1,4.0,5.5
1304093,YS Chahal,31,24,0,4.0,7.75
1304094,AS Joseph,23,18,0,3.0,7.67
1304094,Arshdeep Singh,30,24,1,4.0,7.5
1304094,K Rabada,30,24,4,4.0,7.5
1304094,LH Ferguson,22,18,1,3.0,7.33
1304094,LS Livingstone,15,15,1,2.5,6.0
1304094,Mohammed Shami,43,24,1,4.0,10.75
1304094,PJ Sangwan,23,12,0,2.0,11.5
1304094,R Dhawan,23,24,1,4.0,5.75
1304094,RD Chahar,11,9,0,1.5,7.33
1304094,Rashid Khan,21,24,0,4.0,5.25
1304094,Sandeep Sharma,16,24,1,4.0,4.0
1304095,D Pretorius,40,18,2,3.0,13.33
1304095,GJ Maxwell,22,24,2,4.0,5.5
1304095,HV Patel,35,24,3,4.0,8.75
1304095,JR Hazlewood,19,24,1,4.0,4.75
1304095,M Theekshana,27,24,3,4.0,6.75
1304095,MM Ali,25,24,2,4.0,6.25
1304095,Mohammed Siraj,22,12,0,2.0,11.0
1304095,Mukesh Choudhary,29,18,0,3.0,9.67
1304095,PWH de Silva,31,18,1,3.0,10.33
1304095,RA Jadeja,20,24,1,4.0,5.0
1304095,Shahbaz Ahmed,27,18,1,3.0,9.0
1304095,Simarjeet Singh,20,12,0,2.0,10.0
1304096,A Nortje,32,24,1,4.0,8.0
1304096,AK Markram,11,6,0,1.0,11.0
1304096,B Kumar,25,24,1,4.0,6.25
1304096,KK Ahmed,30,24,3,4.0,7.5
1304096,Kartik Tyagi,34,24,0,4.0,8.5
1304096,Kuldeep Yadav,40,24,1,4.0,10.0
1304096,MR Marsh,35,24,1,4.0,8.75
1304096,S Gopal,34,18,1,3.0,11.33
1304096,SA Abbott,44,24,1,4.0,11.0
1304096,SN Thakur,38,24,2,4.0,9.5
1304096,Umran Malik,46,24,0,4.0,11.5
1304097,AS Joseph,41,24,1,4.0,10.25
1304097,DR Sams,18,18,1,3.0,6.0
1304097,JJ Bumrah,48,24,0,4.0,12.0
1304097,K Kartikeya,29,18,0,3.0,9.67
1304097,KA Pollard,13,12,1,2.0,6.5
1304097,LH Ferguson,33,24,1,4.0,8.25
1304097,M Ashwin,29,24,2,4.0,7.25
1304097,Mohammed Shami,40,24,0,4.0,10.0
1304097,PJ Sangwan,21,18,1,3.0,7.0
1304097,R Tewatia,11,6,0,1.0,11.0
1304097,RP Meredith,31,24,1,4.0,7.75
1304097,Rashid Khan,24,24,2,4.0,6.0
1304098,Arshdeep Singh,28,24,2,4.0,7.0
1304098,K Rabada,49,24,1,4.0,12.25
1304098,KR Sen,40,24,0,4.0,10.0
1304098,LS Livingstone,5,6,0,1.0,5.0
1304098,M Prasidh Krishna,44,24,1,4.0,11.0
1304098,R Ashwin,31,24,1,4.0,7.75
1304098,R Dhawan,25,18,1,3.0,8.33
1304098,RD Chahar,36,22,0,3.6666666666666665,9.82
1304098,Sandeep Sharma,40,24,0,4.0,10.0
1304098,TA Boult,35,24,0,4.0,8.75
1304098,YS Chahal,24,24,3,4.0,6.0
1304099,AD Russell,21,18,2,3.0,7.0
1304099,AS Roy,27,18,0,3.0,9.0
1304099,Avesh Khan,17,18,3,3.0,5.67
1304099,Harshit Rana,27,12,0,2.0,13.5
1304099,JO Holder,31,15,4,2.5,12.4
1304099,Mohsin Khan,6,18,1,3.0,2.0
1304099,PVD Chameera,14,18,1,3.0,4.67
1304099,Ravi Bishnoi,30,18,1,3.0,10.0
1304099,SP Narine,20,24,1,4.0,5.0
1304099,Shivam Mavi,49,24,1,4.0,12.25
1304099,TG Southee,28,24,3,4.0,7.0
1304100,Abhishek Sharma,13,12,0,2.0,6.5
1304100,B Kumar,34,24,0,4.0,8.5
1304100,Fazalhaq Farooqi,47,24,0,4.0,11.75
1304100,GJ Maxwell,13,12,2,2.0,6.5
1304100,HV Patel,19,20,1,3.3333333333333335,5.7
1304100,J Suchith,27,24,2,4.0,6.75
1304100,JR Hazlewood,17,24,2,4.0,4.25
1304100,Kartik Tyagi,38,24,1,4.0,9.5
1304100,MK Lomror,7,6,0,1.0,7.0
1304100,Mohammed Siraj,26,18,0,3.0,8.67
1304100,PWH de Silva,18,24,5,4.0,4.5
1304100,Shahbaz Ahmed,18,12,0,2.0,9.0
1304100,Umran Malik,25,12,0,2.0,12.5
1304101,A Nortje,40,24,3,4.0,10.0
1304101,AR Patel,23,18,0,3.0,7.67
1304101,DJ Bravo,23,16,2,2.6666666666666665,8.62
1304101,KK Ahmed,25,24,2,4.0,6.25
1304101,Kuldeep Yadav,41,18,0,3.0,13.67
1304101,M Theekshana,29,24,1,4.0,7.25
1304101,MM Ali,13,24,3,4.0,3.25
1304101,MR Marsh,31,18,1,3.0,10.33
1304101,Mukesh Choudhary,22,18,2,3.0,7.33
1304101,SN Thakur,35,18,0,3.0,11.67
1304101,Simarjeet Singh,26,24,2,4.0,6.5
1304102,AD Russell,22,15,4,2.5,8.8
1304102,CV Varun,22,18,1,3.0,7.33
1304102,DR Sams,23,24,1,4.0,5.75
1304102,JJ Bumrah,10,24,5,4.0,2.5
1304102,K Kartikeya,32,18,2,3.0,10.67
1304102,KA Pollard,25,12,0,2.0,12.5
1304102,M Ashwin,34,24,1,4.0,8.5
1304102,PJ Cummins,21,24,4,4.0,5.25
1304102,RP Meredith,30,18,0,3.0,10.0
1304102,SP Narine,20,24,0,4.0,5.0
1304102,TG Southee,10,18,1,3.0,3.33
1304102,VR Iyer,8,6,0,1.0,8.0
1304103,AS Joseph,14,12,0,2.0,7.0
1304103,Avesh Khan,25,24,2,4.0,6.25
1304103,HH Pandya,8,6,0,1.0,8.0
1304103,JO Holder,38,24,1,4.0,9.5
1304103,KH Pandya,24,24,0,4.0,6.0
1304103,Mohammed Shami,4,18,1,3.0,1.33
1304103,Mohsin Khan,18,24,1,4.0,4.5
1304103,PVD Chameera,32,24,0,4.0,8.0
1304103,R Sai Kishore,7,12,2,2.0,3.5
1304103,Rashid Khan,22,23,5,3.8333333333333335,5.74
1304103,Yash Dayal,24,12,2,2.0,12.0
1304104,A Nortje,38,24,2,4.0,9.5
1304104,AR Patel,25,12,0,2.0,12.5
1304104,C Sakariya,20,24,2,4.0,5.0
1304104,KR Sen,32,19,0,3.1666666666666665,10.11
1304104,Kuldeep Yadav,20,18,0,3.0,6.67
1304104,M Prasidh Krishna,20,18,0,3.0,6.67
1304104,MR Marsh,25,18,2,3.0,8.33
1304104,R Ashwin,30,24,0,4.0,7.5
1304104,SN Thakur,26,24,0,4.0,6.5
1304104,TA Boult,30,24,1,4.0,7.5
1304104,YS Chahal,42,24,1,4.0,10.5
1304105,DJ Bravo,15,12,0,2.0,7.5
1304105,DR Sams,10,24,3,4.0,2.5
1304105,HR Shokeen,11,12,0,2.0,5.5
1304105,JJ Bumrah,12,18,1,3.0,4.0
1304105,K Kartikeya,22,18,2,3.0,7.33
1304105,M Theekshana,24,18,0,3.0,8.0
1304105,MM Ali,17,11,1,1.8333333333333335,9.27
1304105,Mukesh Choudhary,20,24,3,4.0,5.0
1304105,RP Meredith,22,18,3,3.0,7.33
1304105,Ramandeep Singh,5,6,1,1.0,5.0
1304105,Simarjeet Singh,17,24,1,4.0,4.25
1304106,Arshdeep Singh,26,24,1,4.0,6.5
1304106,GJ Maxwell,17,12,1,2.0,8.5
1304106,HV Patel,33,24,5,4.0,8.25
1304106,Harpreet Brar,31,24,1,4.0,7.75
1304106,JR Hazlewood,62,24,0,4.0,15.5
1304106,K Rabada,18,24,3,4.0,4.5
1304106,Mohammed Siraj,35,12,0,2.0,17.5
1304106,PWH de Silva,15,24,2,4.0,3.75
1304106,R Dhawan,36,24,2,4.0,9.0
1304106,RD Chahar,34,24,2,4.0,8.5
1304106,Shahbaz Ahmed,40,24,1,4.0,10.0
1304107,AD Russell,20,24,3,4.0,5.0
1304107,B Kumar,22,24,1,4.0,5.5
1304107,CV Varun,24,24,1,4.0,6.0
1304107,M Jansen,30,24,1,4.0,7.5
1304107,SP Narine,34,24,1,4.0,8.5
1304107,T Natarajan,42,24,1,4.0,10.5
1304107,TG Southee,23,24,2,4.0,5.75
1304107,UT Yadav,19,24,1,4.0,4.75
1304107,Umran Malik,31,24,3,4.0,7.75
1304107,Washington Sundar,40,24,0,4.0,10.0
1304108,AS Joseph,15,18,1,3.0,5.0
1304108,HH Pandya,7,12,0,2.0,3.5
1304108,M Pathirana,21,19,2,3.1666666666666665,6.63
1304108,MJ Santner,24,24,0,4.0,6.0
1304108,MM Ali,11,12,1,2.0,5.5
1304108,Mohammed Shami,19,24,2,4.0,4.75
1304108,Mukesh Choudhary,28,18,0,3.0,9.33
1304108,PH Solanki,18,24,0,4.0,4.5
1304108,R Sai Kishore,30,24,1,4.0,7.5
1304108,Rashid Khan,31,24,1,4.0,7.75
1304108,Simarjeet Singh,25,18,0,3.0,8.33
1304108,Yash Dayal,24,18,0,3.0,8.0
1304109,A Badoni,5,6,1,1.0,5.0
1304109,Avesh Khan,20,18,1,3.0,6.67
1304109,JO Holder,12,12,1,2.0,6.0
1304109,KH Pandya,16,12,0,2.0,8.0
1304109,M Prasidh Krishna,26,24,2,4.0,6.5
1304109,MP Stoinis,15,6,0,1.0,15.0
1304109,Mohsin Khan,42,24,0,4.0,10.5
1304109,OC McCoy,31,24,2,4.0,7.75
1304109,PVD Chameera,30,18,0,3.0,10.0
1304109,R Ashwin,23,24,1,4.0,5.75
1304109,Ravi Bishnoi,30,24,3,4.0,7.5
1304109,TA Boult,18,24,2,4.0,4.5
1304109,YS Chahal,41,24,1,4.0,10.25
1304110,A Nortje,26,24,1,4.0,6.5
1304110,AR Patel,14,24,2,4.0,3.5
1304110,Arshdeep Singh,36,24,3,4.0,9.0
1304110,Harpreet Brar,29,18,0,3.0,9.67
1304110,K Rabada,24,18,1,3.0,8.0
1304110,KK Ahmed,43,24,0,4.0,10.75
1304110,Kuldeep Yadav,14,18,2,3.0,4.67
1304110,LS Livingstone,25,24,3,4.0,6.25
1304110,Lalit Yadav,5,6,0,1.0,5.0
1304110,R Dhawan,17,12,0,2.0,8.5
1304110,RD Chahar,19,24,0,4.0,4.75
1304110,SN Thakur,33,24,4,4.0,8.25
1304111,Abhishek Sharma,10,6,0,1.0,10.0
1304111,B Kumar,26,24,2,4.0,6.5
1304111,DR Sams,39,24,1,4.0,9.75
1304111,Fazalhaq Farooqi,28,24,0,4.0,7.0
1304111,JJ Bumrah,32,24,1,4.0,8.0
1304111,M Markande,31,18,0,3.0,10.33
1304111,R Sanjay Yadav,21,12,0,2.0,10.5
1304111,RP Meredith,42,24,1,4.0,10.5
1304111,Ramandeep Singh,19,18,3,3.0,6.33
1304111,T Natarajan,58,24,1,4.0,14.5
1304111,Umran Malik,14,18,3,3.0,4.67
1304111,Washington Sundar,36,24,1,4.0,9.0
1304112,AD Russell,45,18,0,3.0,15.0
1304112,Avesh Khan,50,24,0,4.0,12.5
1304112,CV Varun,36,24,0,4.0,9.0
1304112,JO Holder,43,24,0,4.0,10.75
1304112,K Gowtham,23,12,1,2.0,11.5
1304112,MP Stoinis,23,12,3,2.0,11.5
1304112,Mohsin Khan,19,24,3,4.0,4.75
1304112,N Rana,9,6,0,1.0,9.0
1304112,Ravi Bishnoi,34,24,1,4.0,8.5
1304112,SP Narine,27,24,0,4.0,6.75
1304112,TG Southee,56,24,0,4.0,14.0
1304112,UT Yadav,34,24,0,4.0,8.5
1304113,GJ Maxwell,27,24,1,4.0,6.75
1304113,HH Pandya,34,18,0,3.0,11.33
1304113,HV Patel,6,6,1,1.0,6.0
1304113,JR Hazlewood,39,24,2,4.0,9.75
1304113,LH Ferguson,21,10,0,1.6666666666666665,12.6
1304113,MK Lomror,11,6,0,1.0,11.0
1304113,Mohammed Shami,18,12,0,2.0,9.0
1304113,PWH de Silva,24,24,1,4.0,6.0
1304113,R Sai Kishore,20,24,0,4.0,5.0
1304113,Rashid Khan,32,24,2,4.0,8.0
1304113,S Kaul,43,24,0,4.0,10.75
1304113,Shahbaz Ahmed,15,12,0,2.0,7.5
1304113,Yash Dayal,34,24,0,4.0,8.5
1304114,M Pathirana,20,22,0,3.6666666666666665,5.45
1304114,M Prasidh Krishna,32,24,0,4.0,8.0
1304114,MJ Santner,15,18,1,3.0,5.0
1304114,MM Ali,21,24,1,4.0,5.25
1304114,Mukesh Choudhary,41,24,0,4.0,10.25
1304114,OC McCoy,18,24,2,4.0,4.5
1304114,PH Solanki,20,12,2,2.0,10.0
1304114,R Ashwin,26,24,1,4.0,6.5
1304114,Simarjeet Singh,18,18,1,3.0,6.0
1304114,TA Boult,44,24,1,4.0,11.0
1304114,YS Chahal,25,24,2,4.0,6.25
1304115,A Nortje,37,24,2,4.0,9.25
1304115,AR Patel,26,18,0,3.0,8.67
1304115,DR Sams,29,24,1,4.0,7.25
1304115,HR Shokeen,32,24,0,4.0,8.0
1304115,JJ Bumrah,25,24,3,4.0,6.25
1304115,KK Ahmed,22,19,0,3.1666666666666665,6.95
1304115,Kuldeep Yadav,33,24,1,4.0,8.25
1304115,M Markande,26,24,1,4.0,6.5
1304115,MR Marsh,7,12,0,2.0,3.5
1304115,RP Meredith,8,12,0,2.0,4.0
1304115,Ramandeep Singh,25,12,2,2.0,12.5
1304115,SN Thakur,30,18,2,3.0,10.0
1304116,Arshdeep Singh,25,24,0,4.0,6.25
1304116,B Kumar,22,12,0,2.0,11.0
1304116,Fazalhaq Farooqi,31,24,2,4.0,7.75
1304116,Harpreet Brar,26,24,3,4.0,6.5
1304116,J Suchith,36,24,1,4.0,9.0
1304116,K Rabada,31,24,1,4.0,7.75
1304116,LS Livingstone,25,24,0,4.0,6.25
1304116,NT Ellis,38,24,3,4.0,9.5
1304116,R Shepherd,22,6,0,1.0,22.0
1304116,Umran Malik,24,13,1,2.1666666666666665,11.08
1304116,Washington Sundar,19,12,1,2.0,9.5
1312197,AS Joseph,27,12,0,2.0,13.5
1312197,HH Pandya,13,12,1,2.0,6.5
1312197,M Prasidh Krishna,35,21,0,3.5,10.0
1312197,Mohammed Shami,37,24,1,4.0,9.25
1312197,OC McCoy,36,24,1,4.0,9.0
1312197,R Ashwin,37,24,1,4.0,9.25
1312197,R Sai Kishore,42,24,1,4.0,10.5
1312197,Rashid Khan,15,24,0,4.0,3.75
1312197,TA Boult,38,24,1,4.0,9.5
1312197,YS Chahal,32,24,0,4.0,8.0
1312197,Yash Dayal,42,24,1,4.0,10.5
1312198,Avesh Khan,38,24,1,4.0,9.5
1312198,HV Patel,18,24,1,4.0,4.5
1312198,JR Hazlewood,40,24,3,4.0,10.0
1312198,KH Pandya,38,24,1,4.0,9.5
1312198,Mohammed Siraj,38,24,1,4.0,9.5
1312198,Mohsin Khan,24,24,1,4.0,6.0
1312198,PVD Chameera,52,24,0,4.0,13.0
1312198,PWH de Silva,42,24,1,4.0,10.5
1312198,Ravi Bishnoi,44,24,1,4.0,11.0
1312198,Shahbaz Ahmed,33,24,0,4.0,8.25
1312199,GJ Maxwell,17,18,0,3.0,5.67
1312199,HV Patel,29,19,0,3.1666666666666665,9.16
1312199,JR Hazlewood,23,24,2,4.0,5.75
1312199,M Prasidh Krishna,21,24,3,4.0,5.25
1312199,Mohammed Siraj,31,12,0,2.0,15.5
1312199,OC McCoy,22,24,3,4.0,5.5
1312199,PWH de Silva,26,24,1,4.0,6.5
1312199,R Ashwin,30,24,1,4.0,7.5
1312199,Shahbaz Ahmed,35,12,0,2.0,17.5
1312199,TA Boult,28,24,1,4.0,7.0
1312199,YS Chahal,41,24,0,4.0,10.25
1312200,HH Pandya,17,24,3,4.0,4.25
1312200,LH Ferguson,22,18,0,3.0,7.33
1312200,M Prasidh Krishna,34,24,1,4.0,8.5
1312200,Mohammed Shami,33,24,2,4.0,8.25
1312200,OC McCoy,26,19,0,3.1666666666666665,8.21
1312200,R Ashwin,32,18,0,3.0,10.67
1312200,R Sai Kishore,20,12,2,2.0,10.0
1312200,Rashid Khan,18,24,1,4.0,4.5
1312200,TA Boult,12,24,1,4.0,3.0
1312200,YS Chahal,20,24,1,4.0,5.0
1312200,Yash Dayal,18,18,1,3.0,6.0
1359475,AS Joseph,33,24,2,4.0,8.25
1359475,DL Chahar,29,24,0,4.0,7.25
1359475,HH Pandya,28,18,0,3.0,9.33
1359475,J Little,41,24,1,4.0,10.25
1359475,MJ Santner,32,24,0,4.0,8.0
1359475,Mohammed Shami,28,24,2,4.0,7.0
1359475,RA Jadeja,28,24,1,4.0,7.0
1359475,RS Hangargekar,32,24,3,4.0,8.0
1359475,Rashid Khan,26,24,2,4.0,6.5
1359475,TU Deshpande,48,20,1,3.3333333333333335,14.4
1359475,Yash Dayal,14,6,0,1.0,14.0
1359476,Arshdeep Singh,19,18,3,3.0,6.33
1359476,CV Varun,25,24,1,4.0,6.25
1359476,Harpreet Brar,7,6,0,1.0,7.0
1359476,NT Ellis,18,18,1,3.0,6.0
1359476,R Dhawan,15,6,0,1.0,15.0
1359476,RD Chahar,12,12,1,2.0,6.0
1359476,SM Curran,38,18,1,3.0,12.67
1359476,SN Thakur,38,24,0,4.0,9.5
1359476,SP Narine,39,24,1,4.0,9.75
1359476,Sikandar Raza,24,18,1,3.0,8.0
1359476,TG Southee,54,24,2,4.0,13.5
1359476,UT Yadav,27,24,1,4.0,6.75
1359477,AR Patel,38,24,1,4.0,9.5
1359477,Avesh Khan,29,24,2,4.0,7.25
1359477,C Sakariya,50,24,2,4.0,12.5
1359477,JD Unadkat,33,18,0,3.0,11.0
1359477,K Gowtham,22,24,0,4.0,5.5
1359477,KK Ahmed,29,24,2,4.0,7.25
1359477,KR Mayers,6,6,0,1.0,6.0
1359477,Kuldeep Yadav,35,24,1,4.0,8.75
1359477,MA Wood,12,24,5,4.0,3.0
1359477,Mukesh Kumar,33,24,0,4.0,8.25
1359477,Ravi Bishnoi,31,24,2,4.0,7.75
1359478,AU Rashid,33,24,0,4.0,8.25
1359478,B Kumar,35,18,0,3.0,11.67
1359478,Fazalhaq Farooqi,41,24,2,4.0,10.25
1359478,JO Holder,16,18,1,3.0,5.33
1359478,KM Asif,14,18,0,3.0,4.67
1359478,NA Saini,23,12,0,2.0,11.5
1359478,R Ashwin,25,24,1,4.0,6.25
1359478,T Natarajan,23,18,2,3.0,7.67
1359478,TA Boult,21,24,2,4.0,5.25
1359478,Umran Malik,31,18,1,3.0,10.33
1359478,Washington Sundar,32,18,0,3.0,10.67
1359478,YS Chahal,17,24,4,4.0,4.25
1359479,Akash Deep,29,18,1,3.0,9.67
1359479,Arshad Khan,24,14,1,2.3333333333333335,10.29
1359479,C Green,30,12,1,2.0,15.0
1359479,GJ Maxwell,15,6,0,1.0,15.0
1359479,HR Shokeen,17,6,0,1.0,17.0
1359479,HV Patel,39,24,1,4.0,9.75
1359479,JC Archer,33,24,0,4.0,8.25
1359479,JP Behrendorff,37,18,0,3.0,12.33
1359479,KV Sharma,31,24,2,4.0,7.75
1359479,MG Bracewell,16,12,1,2.0,8.0
1359479,Mohammed Siraj,15,24,1,4.0,3.75
1359479,PP Chawla,26,24,0,4.0,6.5
1359479,RJW Topley,14,12,1,2.0,7.0
1359480,Avesh Khan,34,18,1,3.0,11.33
1359480,BA Stokes,18,6,0,1.0,18.0
1359480,DL Chahar,50,24,0,4.0,12.5
1359480,K Gowtham,20,6,0,1.0,20.0
1359480,KH Pandya,21,12,0,2.0,10.5
1359480,KR Mayers,15,12,0,2.0,7.5
1359480,MA Wood,49,24,3,4.0,12.25
1359480,MJ Santner,21,24,1,4.0,5.25
1359480,MM Ali,25,24,4,4.0,6.25
1359480,RA Jadeja,14,6,0,1.0,14.0
1359480,RS Hangargekar,21,12,0,2.0,10.5
1359480,Ravi Bishnoi,27,24,3,4.0,6.75
1359480,TU Deshpande,38,24,2,4.0,9.5
1359480,Yash Thakur,34,24,0,4.0,8.5
1359481,A Nortje,32,24,2,4.0,8.0
1359481,AS Joseph,28,24,2,4.0,7.0
1359481,HH Pandya,18,18,0,3.0,6.0
1359481,J Little,27,24,0,4.0,6.75
1359481,KK Ahmed,37,24,1,4.0,9.25
1359481,Kuldeep Yadav,17,18,0,3.0,5.67
1359481,MR Marsh,23,19,1,3.1666666666666665,7.26
1359481,Mohammed Shami,31,24,3,4.0,7.75
1359481,Mukesh Kumar,41,24,0,4.0,10.25
1359481,Rashid Khan,31,24,3,4.0,7.75
1359481,Yash Dayal,12,6,0,1.0,12.0
1359482,Arshdeep Singh,44,24,2,4.0,11.0
1359482,Harpreet Brar,15,12,0,2.0,7.5
1359482,JO Holder,29,24,2,4.0,7.25
1359482,KM Asif,49,24,0,4.0,12.25
1359482,NT Ellis,30,24,4,4.0,7.5
1359482,R Ashwin,24,24,2,4.0,6.0
1359482,RD Chahar,31,24,0,4.0,7.75
1359482,SM Curran,44,24,1,4.0,11.0
1359482,Sikandar Raza,18,12,0,2.0,9.0
1359482,TA Boult,36,24,0,4.0,9.0
1359482,YS Chahal,49,24,1,4.0,12.25
1359483,Akash Deep,20,12,0,2.0,10.0
1359483,CV Varun,15,22,4,3.6666666666666665,4.09
1359483,DJ Willey,15,24,2,4.0,3.75
1359483,HV Patel,37,18,1,3.0,12.33
1359483,KV Sharma,26,18,2,3.0,8.67
1359483,MG Bracewell,34,18,1,3.0,11.33
1359483,Mohammed Siraj,30,24,1,4.0,7.5
1359483,SN Thakur,15,12,1,2.0,7.5
1359483,SP Narine,16,24,2,4.0,4.0
1359483,Shahbaz Ahmed,6,6,0,1.0,6.0
1359483,Suyash Sharma,29,24,3,4.0,7.25
1359483,TG Southee,25,12,0,2.0,12.5
1359483,UT Yadav,17,12,0,2.0,8.5
1359484,A Mishra,23,24,2,4.0,5.75
1359484,AK Markram,14,12,0,2.0,7.0
1359484,AU Rashid,23,18,2,3.0,7.67
1359484,B Kumar,14,12,1,2.0,7.0
1359484,DJ Hooda,8,6,0,1.0,8.0
1359484,Fazalhaq Farooqi,12,18,1,3.0,4.0
1359484,JD Unadkat,25,18,1,3.0,8.33
1359484,KH Pandya,18,24,3,4.0,4.5
1359484,KR Mayers,5,6,0,1.0,5.0
1359484,Ravi Bishnoi,15,24,1,4.0,3.75
1359484,T Natarajan,22,18,0,3.0,7.33
1359484,Umran Malik,14,12,1,2.0,7.0
1359484,Washington Sundar,11,6,0,1.0,11.0
1359484,Yash Thakur,23,18,1,3.0,7.67
1359485,A Nortje,44,24,0,4.0,11.0
1359485,AR Patel,38,24,0,4.0,9.5
1359485,JO Holder,27,18,0,3.0,9.0
1359485,KK Ahmed,28,12,0,2.0,14.0
1359485,Kuldeep Yadav,31,24,1,4.0,7.75
1359485,M Ashwin,10,6,0,1.0,10.0
1359485,Mukesh Kumar,36,24,2,4.0,9.0
1359485,R Ashwin,22,24,2,4.0,5.5
1359485,R Powell,16,12,1,2.0,8.0
1359485,Sandeep Sharma,19,24,1,4.0,4.75
1359485,TA Boult,29,24,3,4.0,7.25
1359485,YS Chahal,25,24,3,4.0,6.25
1359486,Arshad Khan,31,13,0,2.1666666666666665,14.31
1359486,C Green,19,18,0,3.0,6.33
1359486,D Pretorius,24,24,0,4.0,6.0
1359486,DL Chahar,10,6,0,1.0,10.0
1359486,HR Shokeen,19,12,0,2.0,9.5
1359486,JP Behrendorff,23,18,1,3.0,7.67
1359486,K Kartikeya,24,24,1,4.0,6.0
1359486,MJ Santner,28,24,2,4.0,7.0
1359486,PP Chawla,33,24,1,4.0,8.25
1359486,RA Jadeja,20,24,3,4.0,5.0
1359486,SSB Magala,37,24,1,4.0,9.25
1359486,TU Deshpande,30,18,2,3.0,10.0
1359487,AS Joseph,27,24,2,4.0,6.75
1359487,CV Varun,22,12,0,2.0,11.0
1359487,J Little,42,24,1,4.0,10.5
1359487,LH Ferguson,34,24,0,4.0,8.5
1359487,Mohammed Shami,28,24,1,4.0,7.0
1359487,Rashid Khan,37,24,3,4.0,9.25
1359487,SN Thakur,39,18,0,3.0,13.0
1359487,SP Narine,32,24,3,4.0,8.0
1359487,Suyash Sharma,34,24,1,4.0,8.5
1359487,UT Yadav,23,18,0,3.0,7.67
1359487,Yash Dayal,69,24,0,4.0,17.25
1359488,Arshdeep Singh,20,18,1,3.0,6.67
1359488,B Kumar,30,24,1,4.0,7.5
1359488,Harpreet Brar,26,19,0,3.1666666666666665,8.21
1359488,M Jansen,15,18,2,3.0,5.0
1359488,M Markande,15,24,4,4.0,3.75
1359488,Mohit Rathee,29,12,0,2.0,14.5
1359488,NT Ellis,28,18,0,3.0,9.33
1359488,RD Chahar,28,18,1,3.0,9.33
1359488,SM Curran,14,18,0,3.0,4.67
1359488,T Natarajan,40,24,0,4.0,10.0
1359488,Umran Malik,31,24,2,4.0,7.75
1359488,Washington Sundar,6,6,0,1.0,6.0
1359489,A Mishra,18,12,1,2.0,9.0
1359489,Avesh Khan,53,24,0,4.0,13.25
1359489,DJ Willey,31,24,0,4.0,7.75
1359489,HV Patel,48,24,2,4.0,12.0
1359489,JD Unadkat,26,12,0,2.0,13.0
1359489,KH Pandya,35,24,0,4.0,8.75
1359489,KV Sharma,47,18,1,3.0,15.67
1359489,MA Wood,30,24,1,4.0,7.5
1359489,Mohammed Siraj,18,24,3,4.0,4.5
1359489,Ravi Bishnoi,38,24,0,4.0,9.5
1359489,Shahbaz Ahmed,15,6,0,1.0,15.0
1359489,WD Parnell,38,24,3,4.0,9.5
1359490,A Nortje,35,24,0,4.0,8.75
1359490,AR Patel,19,24,0,4.0,4.75
1359490,Arshad Khan,11,6,0,1.0,11.0
1359490,C Green,29,18,0,3.0,9.67
1359490,HR Shokeen,36,24,1,4.0,9.0
1359490,JP Behrendorff,23,18,4,3.0,7.67
1359490,Kuldeep Yadav,23,12,0,2.0,11.5
1359490,Lalit Yadav,22,24,1,4.0,5.5
1359490,Mukesh Kumar,30,12,2,2.0,15.0
1359490,Mustafizur Rahman,38,24,1,4.0,9.5
1359490,PP Chawla,22,24,3,4.0,5.5
1359490,RP Meredith,27,22,2,3.6666666666666665,7.36
1359490,Tilak Varma,6,6,0,1.0,6.0
1359491,A Zampa,41,24,1,4.0,10.25
1359491,Akash Singh,39,24,2,4.0,9.75
1359491,JO Holder,36,18,0,3.0,12.0
1359491,KR Sen,8,12,0,2.0,4.0
1359491,M Theekshana,42,24,0,4.0,10.5
1359491,MM Ali,21,12,1,2.0,10.5
1359491,R Ashwin,23,24,2,4.0,5.75
1359491,RA Jadeja,14,24,2,4.0,3.5
1359491,SSB Magala,13,12,0,2.0,6.5
1359491,Sandeep Sharma,28,18,1,3.0,9.33
1359491,TU Deshpande,36,24,3,4.0,9.0
1359491,YS Chahal,26,24,2,4.0,6.5
1359492,AS Joseph,27,24,1,4.0,6.75
1359492,Arshdeep Singh,33,24,1,4.0,8.25
1359492,Harpreet Brar,20,24,1,4.0,5.0
1359492,J Little,28,24,3,4.0,7.0
1359492,K Rabada,36,24,1,4.0,9.0
1359492,MM Sharma,18,24,2,4.0,4.5
1359492,MW Short,8,6,0,1.0,8.0
1359492,Mohammed Shami,43,24,1,4.0,10.75
1359492,RD Chahar,24,18,0,3.0,8.0
1359492,Rashid Khan,26,24,1,4.0,6.5
1359492,SM Curran,25,23,1,3.8333333333333335,6.52
1359493,AD Russell,20,13,3,2.1666666666666665,9.23
1359493,B Kumar,28,24,1,4.0,7.0
1359493,CV Varun,40,24,1,4.0,10.0
1359493,LH Ferguson,27,12,0,2.0,13.5
1359493,M Jansen,25,24,2,4.0,6.25
1359493,M Markande,27,24,2,4.0,6.75
1359493,SN Thakur,14,5,0,0.8333333333333334,16.8
1359493,SP Narine,26,24,0,4.0,6.5
1359493,Suyash Sharma,44,24,0,4.0,11.0
1359493,T Natarajan,53,24,1,4.0,13.25
1359493,UT Yadav,41,18,0,3.0,13.67
1359493,Umran Malik,36,12,1,2.0,18.0
1359493,Washington Sundar,20,12,0,2.0,10.0
1359494,A Nortje,27,24,0,4.0,6.75
1359494,AR Patel,25,18,1,3.0,8.33
1359494,HV Patel,29,24,1,4.0,7.25
1359494,Kuldeep Yadav,23,24,2,4.0,5.75
1359494,Lalit Yadav,28,24,1,4.0,7.0
1359494,MR Marsh,18,12,2,2.0,9.0
1359494,Mohammed Siraj,23,24,3,4.0,5.75
1359494,Mustafizur Rahman,41,18,0,3.0,13.67
1359494,PWH de Silva,37,18,1,3.0,12.33
1359494,Shahbaz Ahmed,11,6,0,1.0,11.0
1359494,Vijaykumar Vyshak,20,24,3,4.0,5.0
1359494,WD Parnell,28,24,1,4.0,7.0
1359495,Arshdeep Singh,21,18,1,3.0,7.0
1359495,Avesh Khan,23,18,0,3.0,7.67
1359495,Harpreet Brar,10,12,1,2.0,5.0
1359495,K Gowtham,30,24,1,4.0,7.5
1359495,K Rabada,32,24,2,4.0,8.0
1359495,KH Pandya,32,18,1,3.0,10.67
1359495,MA Wood,33,24,2,4.0,8.25
1359495,MW Short,10,12,0,2.0,5.0
1359495,RD Chahar,27,18,0,3.0,9.0
1359495,Ravi Bishnoi,17,15,2,2.5,6.8
1359495,SM Curran,29,24,3,4.0,7.25
1359495,Sikandar Raza,18,12,1,2.0,9.0
1359495,Yudhvir Singh,19,18,2,3.0,6.33
1359496,AD Russell,17,6,0,1.0,17.0
1359496,Arjun Tendulkar,16,12,0,2.0,8.0
1359496,C Green,14,12,1,2.0,7.0
1359496,CV Varun,37,24,1,4.0,9.25
1359496,D Jansen,49,24,1,4.0,12.25
1359496,HR Shokeen,33,24,2,4.0,8.25
1359496,LH Ferguson,19,10,1,1.6666666666666665,11.4
1359496,PP Chawla,19,24,1,4.0,4.75
1359496,RP Meredith,40,24,1,4.0,10.0
1359496,SN Thakur,24,12,1,2.0,12.0
1359496,SP Narine,39,18,0,3.0,13.0
1359496,Suyash Sharma,27,24,2,4.0,6.75
1359496,UT Yadav,19,12,0,2.0,9.5
1359497,A Zampa,32,24,2,4.0,8.0
1359497,AS Joseph,47,18,0,3.0,15.67
1359497,HH Pandya,24,24,1,4.0,6.0
1359497,MM Sharma,7,12,0,2.0,3.5
1359497,Mohammed Shami,24,24,3,4.0,6.0
1359497,Noor Ahmad,28,14,1,2.3333333333333335,12.0
1359497,R Ashwin,37,24,0,4.0,9.25
1359497,Rashid Khan,46,24,2,4.0,11.5
1359497,Sandeep Sharma,24,24,3,4.0,6.0
1359497,TA Boult,44,24,1,4.0,11.0
1359497,YS Chahal,35,24,1,4.0,8.75
1359498,Akash Singh,35,18,1,3.0,11.67
1359498,GJ Maxwell,27,16,1,2.6666666666666665,10.12
1359498,HV Patel,30,20,1,3.3333333333333335,9.0
1359498,M Pathirana,40,24,2,4.0,10.0
1359498,M Theekshana,40,24,1,4.0,10.0
1359498,MM Ali,13,6,1,1.0,13.0
1359498,Mohammed Siraj,29,24,1,4.0,7.25
1359498,PWH de Silva,21,12,1,2.0,10.5
1359498,RA Jadeja,37,24,0,4.0,9.25
1359498,TU Deshpande,42,24,3,4.0,10.5
1359498,Vijaykumar Vyshak,62,24,1,4.0,15.5
1359498,WD Parnell,48,24,1,4.0,12.0
1359499,Arjun Tendulkar,15,17,2,2.8333333333333335,5.29
1359499,B Kumar,31,24,1,4.0,7.75
1359499,C Green,28,24,1,4.0,7.0
1359499,HR Shokeen,12,6,0,1.0,12.0
1359499,JP Behrendorff,32,24,3,4.0,8.0
1359499,M Jansen,42,24,2,4.0,10.5
1359499,M Markande,34,24,0,4.0,8.5
1359499,PP Chawla,43,24,2,4.0,10.75
1359499,RP Meredith,29,24,2,4.0,7.25
1359499,T Natarajan,50,24,2,4.0,12.5
1359499,Washington Sundar,33,24,0,4.0,8.25
1359500,A Mishra,15,12,0,2.0,7.5
1359500,Avesh Khan,25,24,3,4.0,6.25
1359500,JO Holder,38,24,1,4.0,9.5
1359500,MP Stoinis,28,24,2,4.0,7.0
1359500,Naveen-ul-Haq,18,24,0,4.0,4.5
1359500,R Ashwin,22,24,2,4.0,5.5
1359500,Ravi Bishnoi,20,24,1,4.0,5.0
1359500,Sandeep Sharma,31,24,3,4.0,7.75
1359500,TA Boult,16,24,1,4.0,4.0
1359500,YS Chahal,41,24,0,4.0,10.25
1359500,Yudhvir Singh,22,12,0,2.0,11.0
1359501,Arshdeep Singh,33,24,1,4.0,8.25
1359501,GJ Maxwell,5,6,0,1.0,5.0
1359501,HV Patel,14,20,1,3.3333333333333335,4.2
1359501,Harpreet Brar,31,18,2,3.0,10.33
1359501,LS Livingstone,9,6,0,1.0,9.0
1359501,Mohammed Siraj,21,24,4,4.0,5.25
1359501,NT Ellis,39,24,1,4.0,9.75
1359501,PWH de Silva,39,24,2,4.0,9.75
1359501,RD Chahar,24,24,0,4.0,6.0
1359501,SM Curran,26,24,0,4.0,6.5
1359501,Vijaykumar Vyshak,28,18,2,3.0,9.33
1359501,WD Parnell,32,18,1,3.0,10.67
1359502,A Nortje,18,24,2,4.0,4.5
1359502,AD Russell,10,6,0,1.0,10.0
1359502,AR Patel,13,18,2,3.0,4.33
1359502,AS Roy,17,24,2,4.0,4.25
1359502,CV Varun,16,24,2,4.0,4.0
1359502,I Sharma,17,24,2,4.0,4.25
1359502,K Khejroliya,17,8,0,1.3333333333333333,12.75
1359502,Kuldeep Yadav,14,18,2,3.0,4.67
1359502,MR Marsh,23,12,0,2.0,11.5
1359502,Mukesh Kumar,30,24,2,4.0,7.5
1359502,N Rana,17,24,2,4.0,4.25
1359502,SP Narine,35,24,0,4.0,8.75
1359502,UT Yadav,6,6,0,1.0,6.0
1359503,AK Markram,11,6,0,1.0,11.0
1359503,Akash Singh,17,18,1,3.0,5.67
1359503,B Kumar,10,12,0,2.0,5.0
1359503,M Jansen,37,18,0,3.0,12.33
1359503,M Markande,23,24,2,4.0,5.75
1359503,M Pathirana,21,24,2,4.0,5.25
1359503,M Theekshana,27,24,1,4.0,6.75
1359503,MM Ali,18,12,0,2.0,9.0
1359503,Mayank Dagar,21,18,0,3.0,7.0
1359503,RA Jadeja,22,24,3,4.0,5.5
1359503,TU Deshpande,25,18,0,3.0,8.33
1359503,Umran Malik,18,18,1,3.0,6.0
1359503,Washington Sundar,16,16,0,2.6666666666666665,6.0
1359504,A Mishra,9,12,1,2.0,4.5
1359504,Avesh Khan,21,18,0,3.0,7.0
1359504,HH Pandya,7,6,0,1.0,7.0
1359504,J Yadav,26,24,0,4.0,6.5
1359504,KH Pandya,16,24,2,4.0,4.0
1359504,MM Sharma,17,18,4,3.0,5.67
1359504,MP Stoinis,20,18,2,3.0,6.67
1359504,Mohammed Shami,18,18,0,3.0,6.0
1359504,Naveen-ul-Haq,19,24,1,4.0,4.75
1359504,Noor Ahmad,18,24,2,4.0,4.5
1359504,R Tewatia,7,6,0,1.0,7.0
1359504,Rashid Khan,33,24,1,4.0,8.25
1359504,Ravi Bishnoi,49,24,0,4.0,12.25
1359505,Arjun Tendulkar,39,18,1,3.0,13.0
1359505,Arshdeep Singh,28,24,4,4.0,7.0
1359505,C Green,41,24,2,4.0,10.25
1359505,HR Shokeen,22,18,0,3.0,7.33
1359505,Harpreet Brar,15,12,0,2.0,7.5
1359505,JC Archer,41,24,1,4.0,10.25
1359505,JP Behrendorff,40,18,2,3.0,13.33
1359505,LS Livingstone,23,12,1,2.0,11.5
1359505,MW Short,6,6,0,1.0,6.0
1359505,NT Ellis,44,24,1,4.0,11.0
1359505,PP Chawla,14,18,1,3.0,4.67
1359505,RD Chahar,42,24,0,4.0,10.5
1359505,SM Curran,40,18,0,3.0,13.33
1359506,DJ Willey,25,24,2,4.0,6.25
1359506,GJ Maxwell,25,12,0,2.0,12.5
1359506,HV Patel,31,24,3,4.0,7.75
1359506,JO Holder,32,24,0,4.0,8.0
1359506,Mohammed Siraj,35,24,1,4.0,8.75
1359506,PWH de Silva,32,24,0,4.0,8.0
1359506,R Ashwin,34,24,1,4.0,8.5
1359506,Sandeep Sharma,48,24,3,4.0,12.0
1359506,TA Boult,36,24,2,4.0,9.0
1359506,Vijaykumar Vyshak,23,12,0,2.0,11.5
1359506,YS Chahal,26,24,2,4.0,6.5
1359507,AD Russell,15,6,0,1.0,15.0
1359507,Akash Singh,28,24,1,4.0,7.0
1359507,CV Varun,49,24,1,4.0,12.25
1359507,D Wiese,38,18,0,3.0,12.67
1359507,K Khejroliya,43,18,2,3.0,14.33
1359507,M Pathirana,24,24,1,4.0,6.0
1359507,M Theekshana,31,24,2,4.0,7.75
1359507,MM Ali,20,6,1,1.0,20.0
1359507,RA Jadeja,34,18,1,3.0,11.33
1359507,SP Narine,23,12,0,2.0,11.5
1359507,Suyash Sharma,29,24,1,4.0,7.25
1359507,TU Deshpande,39,24,2,4.0,9.75
1359507,UT Yadav,35,18,0,3.0,11.67
1359508,A Nortje,33,24,2,4.0,8.25
1359508,AK Markram,7,6,0,1.0,7.0
1359508,AR Patel,21,24,2,4.0,5.25
1359508,B Kumar,11,24,4,4.0,2.75
1359508,I Sharma,18,18,1,3.0,6.0
1359508,Kuldeep Yadav,22,24,1,4.0,5.5
1359508,M Jansen,27,12,0,2.0,13.5
1359508,M Markande,32,24,0,4.0,8.0
1359508,MR Marsh,15,12,0,2.0,7.5
1359508,Mukesh Kumar,27,18,0,3.0,9.0
1359508,T Natarajan,21,18,2,3.0,7.0
1359508,Umran Malik,14,12,0,2.0,7.0
1359508,Washington Sundar,28,24,3,4.0,7.0
1359509,Arjun Tendulkar,9,12,1,2.0,4.5
1359509,C Green,39,12,0,2.0,19.5
1359509,HH Pandya,10,12,1,2.0,5.0
1359509,J Little,18,12,0,2.0,9.0
1359509,JP Behrendorff,35,24,1,4.0,8.75
1359509,K Kartikeya,39,24,1,4.0,9.75
1359509,MM Sharma,38,24,3,4.0,9.5
1359509,Mohammed Shami,17,24,0,4.0,4.25
1359509,Noor Ahmad,37,24,3,4.0,9.25
1359509,PP Chawla,33,24,2,4.0,8.25
1359509,RP Meredith,47,24,1,4.0,11.75
1359509,Rashid Khan,27,24,2,4.0,6.75
1359510,AD Russell,29,24,2,4.0,7.25
1359510,CV Varun,27,24,3,4.0,6.75
1359510,DJ Willey,30,18,0,3.0,10.0
1359510,HV Patel,43,24,0,4.0,10.75
1359510,Mohammed Siraj,33,24,1,4.0,8.25
1359510,N Rana,8,6,0,1.0,8.0
1359510,PWH de Silva,24,24,2,4.0,6.0
1359510,SP Narine,41,24,0,4.0,10.25
1359510,Shahbaz Ahmed,25,6,0,1.0,25.0
1359510,Suyash Sharma,29,24,3,4.0,7.25
1359510,UT Yadav,19,6,0,1.0,19.0
1359510,VG Arora,20,12,0,2.0,10.0
1359510,Vijaykumar Vyshak,38,24,2,4.0,9.5
1359511,A Zampa,22,18,3,3.0,7.33
1359511,Akash Singh,32,12,0,2.0,16.0
1359511,JO Holder,48,24,0,4.0,12.0
1359511,K Yadav,18,18,1,3.0,6.0
1359511,M Pathirana,46,24,0,4.0,11.5
1359511,M Theekshana,23,24,1,4.0,5.75
1359511,MM Ali,17,12,0,2.0,8.5
1359511,R Ashwin,35,24,2,4.0,8.75
1359511,RA Jadeja,31,24,1,4.0,7.75
1359511,Sandeep Sharma,24,24,0,4.0,6.0
1359511,TU Deshpande,42,24,2,4.0,10.5
1359511,YS Chahal,21,12,0,2.0,10.5
1359512,A Badoni,0,1,0,0.16666666666666666,0.0
1359512,A Mishra,23,12,0,2.0,11.5
1359512,Arshdeep Singh,52,24,1,4.0,13.0
1359512,Avesh Khan,28,12,0,2.0,14.0
1359512,Gurnoor Brar,38,18,0,3.0,12.67
1359512,K Rabada,42,24,2,4.0,10.5
1359512,KH Pandya,12,6,0,1.0,12.0
1359512,KR Mayers,4,6,0,1.0,4.0
1359512,LS Livingstone,19,6,1,1.0,19.0
1359512,MP Stoinis,17,11,1,1.8333333333333335,9.27
1359512,Naveen-ul-Haq,24,24,3,4.0,6.0
1359512,RD Chahar,29,24,0,4.0,7.25
1359512,Ravi Bishnoi,39,24,2,4.0,9.75
1359512,SM Curran,38,18,1,3.0,12.67
1359512,Sikandar Raza,17,6,0,1.0,17.0
1359512,Yash Thakur,36,23,4,3.8333333333333335,9.39
1359513,AD Russell,28,18,1,3.0,9.33
1359513,CV Varun,42,24,0,4.0,10.5
1359513,HH Pandya,33,18,0,3.0,11.0
1359513,Harshit Rana,24,18,1,3.0,8.0
1359513,J Little,25,24,2,4.0,6.25
1359513,MM Sharma,12,6,0,1.0,12.0
1359513,Mohammed Shami,33,24,3,4.0,8.25
1359513,N Rana,13,5,0,0.8333333333333334,15.6
1359513,Noor Ahmad,20,24,2,4.0,5.0
1359513,Rashid Khan,53,24,0,4.0,13.25
1359513,SP Narine,24,18,1,3.0,8.0
1359513,Suyash Sharma,37,24,0,4.0,9.25
1359514,A Nortje,42,24,0,4.0,10.5
1359514,AJ Hosein,40,24,1,4.0,10.0
1359514,AR Patel,27,24,1,4.0,6.75
1359514,Abhishek Sharma,26,18,1,3.0,8.67
1359514,B Kumar,42,24,1,4.0,10.5
1359514,I Sharma,31,18,1,3.0,10.33
1359514,Kuldeep Yadav,27,18,0,3.0,9.0
1359514,M Markande,20,24,2,4.0,5.0
1359514,MR Marsh,25,24,4,4.0,6.25
1359514,Mukesh Kumar,33,12,0,2.0,16.5
1359514,T Natarajan,34,24,1,4.0,8.5
1359514,Umran Malik,22,6,0,1.0,22.0
1359515,Akash Singh,34,18,0,3.0,11.33
1359515,Arshdeep Singh,34,24,1,4.0,8.5
1359515,K Rabada,33,24,0,4.0,8.25
1359515,LS Livingstone,16,6,0,1.0,16.0
1359515,M Pathirana,31,24,1,4.0,7.75
1359515,M Theekshana,34,24,0,4.0,8.5
1359515,MM Ali,10,6,0,1.0,10.0
1359515,RA Jadeja,32,24,2,4.0,8.0
1359515,RD Chahar,35,24,1,4.0,8.75
1359515,SM Curran,43,24,1,4.0,10.75
1359515,Sikandar Raza,31,18,1,3.0,10.33
1359515,TU Deshpande,47,24,3,4.0,11.75
1359516,Arshad Khan,35,18,3,3.0,11.67
1359516,C Green,24,18,0,3.0,8.0
1359516,JC Archer,25,24,1,4.0,6.25
1359516,JO Holder,53,21,0,3.5,15.14
1359516,K Kartikeya,14,12,0,2.0,7.0
1359516,KR Sen,15,6,0,1.0,15.0
1359516,PP Chawla,34,24,2,4.0,8.5
1359516,R Ashwin,26,24,2,4.0,6.5
1359516,RP Meredith,49,24,1,4.0,12.25
1359516,Sandeep Sharma,33,24,1,4.0,8.25
1359516,TA Boult,41,24,1,4.0,10.25
1359516,YS Chahal,32,18,0,3.0,10.67
1359517,A Mishra,21,18,2,3.0,7.0
1359517,GJ Maxwell,3,6,1,1.0,3.0
1359517,HV Patel,20,23,2,3.8333333333333335,5.22
1359517,JR Hazlewood,14,18,2,3.0,4.67
1359517,K Gowtham,10,12,1,2.0,5.0
1359517,KH Pandya,21,24,0,4.0,5.25
1359517,KV Sharma,20,24,2,4.0,5.0
1359517,MK Lomror,4,6,1,1.0,4.0
1359517,MP Stoinis,11,6,0,1.0,11.0
1359517,Mohammed Siraj,20,18,1,3.0,6.67
1359517,Naveen-ul-Haq,30,24,3,4.0,7.5
1359517,PWH de Silva,20,24,1,4.0,5.0
1359517,Ravi Bishnoi,21,24,2,4.0,5.25
1359517,Yash Thakur,10,12,1,2.0,5.0
1359518,A Nortje,37,24,1,4.0,9.25
1359518,AR Patel,23,24,0,4.0,5.75
1359518,HH Pandya,9,6,0,1.0,9.0
1359518,I Sharma,21,24,2,4.0,5.25
1359518,J Little,27,18,0,3.0,9.0
1359518,KK Ahmed,24,24,2,4.0,6.0
1359518,Kuldeep Yadav,15,24,1,4.0,3.75
1359518,MM Sharma,33,24,2,4.0,8.25
1359518,Mohammed Shami,11,24,4,4.0,2.75
1359518,Noor Ahmad,18,24,0,4.0,4.5
1359518,Rashid Khan,27,24,1,4.0,6.75
1359520,Akash Madhwal,36,18,0,3.0,12.0
1359520,Arshad Khan,47,24,1,4.0,11.75
1359520,Arshdeep Singh,64,23,1,3.8333333333333335,16.7
1359520,C Green,15,12,0,2.0,7.5
1359520,Harpreet Brar,21,12,0,2.0,10.5
1359520,JC Archer,48,24,0,4.0,12.0
1359520,K Kartikeya,21,18,0,3.0,7.0
1359520,NT Ellis,34,24,2,4.0,8.5
1359520,PP Chawla,29,24,2,4.0,7.25
1359520,R Dhawan,20,18,1,3.0,6.67
1359520,RD Chahar,30,18,0,3.0,10.0
1359520,SM Curran,40,18,0,3.0,13.33
1359521,AD Russell,10,6,1,1.0,10.0
1359521,AK Markram,24,18,1,3.0,8.0
1359521,AS Roy,25,18,1,3.0,8.33
1359521,B Kumar,32,24,1,4.0,8.0
1359521,CV Varun,20,24,1,4.0,5.0
1359521,Harshit Rana,25,24,1,4.0,6.25
1359521,Kartik Tyagi,27,12,1,2.0,13.5
1359521,M Jansen,19,18,2,3.0,6.33
1359521,M Markande,29,24,1,4.0,7.25
1359521,SN Thakur,23,18,2,3.0,7.67
1359521,SP Narine,16,12,0,2.0,8.0
1359521,T Natarajan,28,24,3,4.0,7.0
1359521,VG Arora,21,18,2,3.0,7.0
1359522,A Zampa,40,18,0,3.0,13.33
1359522,HH Pandya,22,12,1,2.0,11.0
1359522,J Little,24,24,1,4.0,6.0
1359522,MM Sharma,5,5,1,0.8333333333333334,6.0
1359522,Mohammed Shami,25,24,1,4.0,6.25
1359522,Noor Ahmad,22,18,2,3.0,7.33
1359522,R Ashwin,8,6,0,1.0,8.0
1359522,Rashid Khan,12,24,4,4.0,3.0
1359522,Sandeep Sharma,18,18,0,3.0,6.0
1359522,TA Boult,28,18,0,3.0,9.33
1359522,YS Chahal,22,23,1,3.8333333333333335,5.74
1359523,Akash Madhwal,4,6,1,1.0,4.0
1359523,Arshad Khan,28,10,0,1.6666666666666665,16.8
1359523,C Green,8,6,0,1.0,8.0
1359523,DL Chahar,18,18,2,3.0,6.0
1359523,JC Archer,23,24,0,4.0,5.75
1359523,M Pathirana,15,24,3,4.0,3.75
1359523,M Theekshana,28,24,0,4.0,7.0
1359523,MM Ali,10,6,0,1.0,10.0
1359523,PP Chawla,25,24,2,4.0,6.25
1359523,R Goyal,33,24,0,4.0,8.25
1359523,RA Jadeja,35,24,1,4.0,8.75
1359523,T Stubbs,14,12,1,2.0,7.0
1359523,TU Deshpande,25,24,2,4.0,6.25
1359524,AR Patel,17,18,0,3.0,5.67
1359524,GJ Maxwell,14,10,0,1.6666666666666665,8.4
1359524,HV Patel,31,12,1,2.0,15.5
1359524,I Sharma,27,18,0,3.0,9.0
1359524,JR Hazlewood,26,18,1,3.0,8.67
1359524,KK Ahmed,43,24,1,4.0,10.75
1359524,KV Sharma,33,18,1,3.0,11.0
1359524,Kuldeep Yadav,37,24,0,4.0,9.25
1359524,MK Lomror,13,6,0,1.0,13.0
1359524,MR Marsh,20,18,2,3.0,6.67
1359524,Mohammed Siraj,27,12,0,2.0,13.5
1359524,Mukesh Kumar,29,18,1,3.0,9.67
1359524,PWH de Silva,32,24,0,4.0,8.0
1359525,AS Joseph,5,6,0,1.0,5.0
1359525,Avesh Khan,34,24,1,4.0,8.5
1359525,HH Pandya,35,18,0,3.0,11.67
1359525,KH Pandya,38,24,0,4.0,9.5
1359525,KR Mayers,14,6,0,1.0,14.0
1359525,MM Sharma,28,24,4,4.0,7.0
1359525,MP Stoinis,20,6,0,1.0,20.0
1359525,Mohammed Shami,36,24,1,4.0,9.0
1359525,Mohsin Khan,40,18,1,3.0,13.33
1359525,Noor Ahmad,25,24,1,4.0,6.25
1359525,Rashid Khan,34,24,1,4.0,8.5
1359525,Ravi Bishnoi,20,12,0,2.0,10.0
1359525,Swapnil Singh,7,6,0,1.0,7.0
1359525,Yash Thakur,47,24,0,4.0,11.75
1359526,Abhishek Sharma,15,12,0,2.0,7.5
1359526,B Kumar,42,24,1,4.0,10.5
1359526,K Yadav,50,24,1,4.0,12.5
1359526,M Ashwin,42,18,0,3.0,14.0
1359526,M Jansen,43,24,1,4.0,10.75
1359526,M Markande,51,24,0,4.0,12.75
1359526,OC McCoy,12,6,0,1.0,12.0
1359526,R Ashwin,32,24,1,4.0,8.0
1359526,Sandeep Sharma,47,24,0,4.0,11.75
1359526,T Natarajan,35,24,0,4.0,8.75
1359526,Vivrant Sharma,17,12,0,2.0,8.5
1359526,YS Chahal,29,24,4,4.0,7.25
1359527,AD Russell,14,6,0,1.0,14.0
1359527,Arshdeep Singh,38,24,1,4.0,9.5
1359527,CV Varun,25,24,3,4.0,6.25
1359527,Harpreet Brar,4,6,1,1.0,4.0
1359527,Harshit Rana,31,18,2,3.0,10.33
1359527,LS Livingstone,27,12,0,2.0,13.5
1359527,N Rana,7,6,1,1.0,7.0
1359527,NT Ellis,29,24,1,4.0,7.25
1359527,R Dhawan,15,12,0,2.0,7.5
1359527,RD Chahar,22,24,2,4.0,5.5
1359527,SM Curran,43,18,0,3.0,14.33
1359527,SP Narine,28,24,0,4.0,7.0
1359527,Suyash Sharma,25,24,1,4.0,6.25
1359527,VG Arora,31,18,0,3.0,10.33
1359528,Akash Madhwal,20,12,0,2.0,10.0
1359528,C Green,15,12,1,2.0,7.5
1359528,CJ Jordan,47,24,1,4.0,11.75
1359528,HV Patel,39,21,0,3.5,11.14
1359528,JP Behrendorff,36,24,3,4.0,9.0
1359528,JR Hazlewood,31,18,0,3.0,10.33
1359528,K Kartikeya,34,24,1,4.0,8.5
1359528,Mohammed Siraj,30,18,0,3.0,10.0
1359528,PP Chawla,41,24,0,4.0,10.25
1359528,PWH de Silva,51,24,2,4.0,12.75
1359528,Vijaykumar Vyshak,29,18,2,3.0,9.67
1359529,AR Patel,27,24,2,4.0,6.75
1359529,DL Chahar,27,18,2,3.0,9.0
1359529,I Sharma,21,12,0,2.0,10.5
1359529,KK Ahmed,30,24,1,4.0,7.5
1359529,Kuldeep Yadav,25,24,1,4.0,6.25
1359529,Lalit Yadav,34,18,1,3.0,11.33
1359529,M Pathirana,33,24,3,4.0,8.25
1359529,M Theekshana,16,12,0,2.0,8.0
1359529,MM Ali,16,24,0,4.0,4.0
1359529,MR Marsh,15,18,3,3.0,5.0
1359529,RA Jadeja,19,24,1,4.0,4.75
1359529,TU Deshpande,18,18,2,3.0,6.0
1359530,AS Roy,20,6,0,1.0,20.0
1359530,CV Varun,27,18,0,3.0,9.0
1359530,Harshit Rana,20,12,1,2.0,10.0
1359530,JE Root,14,12,0,2.0,7.0
1359530,KM Asif,26,18,1,3.0,8.67
1359530,N Rana,26,6,0,1.0,26.0
1359530,R Ashwin,32,24,0,4.0,8.0
1359530,SN Thakur,18,7,0,1.1666666666666667,15.43
1359530,SP Narine,13,12,0,2.0,6.5
1359530,Sandeep Sharma,34,24,1,4.0,8.5
1359530,Suyash Sharma,22,18,0,3.0,7.33
1359530,TA Boult,15,18,2,3.0,5.0
1359530,YS Chahal,25,24,4,4.0,6.25
1359531,AS Joseph,52,24,0,4.0,13.0
1359531,Akash Madhwal,31,24,3,4.0,7.75
1359531,C Green,13,6,0,1.0,13.0
1359531,CJ Jordan,34,24,0,4.0,8.5
1359531,JP Behrendorff,36,24,1,4.0,9.0
1359531,K Kartikeya,35,18,2,3.0,11.67
1359531,MM Sharma,43,24,1,4.0,10.75
1359531,Mohammed Shami,53,24,0,4.0,13.25
1359531,Noor Ahmad,38,24,0,4.0,9.5
1359531,PP Chawla,36,24,2,4.0,9.0
1359531,Rashid Khan,30,24,4,4.0,7.5
1359532,A Mishra,39,24,1,4.0,9.75
1359532,Abhishek Sharma,41,18,1,3.0,13.67
1359532,Avesh Khan,30,12,1,2.0,15.0
1359532,B Kumar,30,24,0,4.0,7.5
1359532,Fazalhaq Farooqi,28,20,0,3.3333333333333335,8.4
1359532,GD Phillips,10,12,1,2.0,5.0
1359532,KH Pandya,24,24,2,4.0,6.0
1359532,KR Mayers,9,6,0,1.0,9.0
1359532,M Markande,39,18,1,3.0,13.0
1359532,Ravi Bishnoi,23,12,0,2.0,11.5
1359532,T Natarajan,31,24,0,4.0,7.75
1359532,Yash Thakur,28,24,1,4.0,7.0
1359532,Yudhvir Singh,23,18,1,3.0,7.67
1359533,AR Patel,21,24,1,4.0,5.25
1359533,Arshdeep Singh,32,24,0,4.0,8.0
1359533,Harpreet Brar,29,24,4,4.0,7.25
1359533,I Sharma,27,18,2,3.0,9.0
1359533,KK Ahmed,33,24,1,4.0,8.25
1359533,Kuldeep Yadav,32,24,1,4.0,8.0
1359533,MR Marsh,20,6,0,1.0,20.0
1359533,Mukesh Kumar,3,6,1,1.0,3.0
1359533,NT Ellis,25,24,2,4.0,6.25
1359533,P Dubey,18,18,1,3.0,6.0
1359533,R Dhawan,10,6,0,1.0,10.0
1359533,RD Chahar,15,24,2,4.0,3.75
1359533,SM Curran,18,12,0,2.0,9.0
1359533,Sikandar Raza,3,6,0,1.0,3.0
1359534,A Zampa,25,24,2,4.0,6.25
1359534,GJ Maxwell,3,6,1,1.0,3.0
1359534,KM Asif,40,24,2,4.0,10.0
1359534,KV Sharma,19,9,3,1.5,12.67
1359534,MG Bracewell,16,18,2,3.0,5.33
1359534,Mohammed Siraj,9,12,1,2.0,4.5
1359534,R Ashwin,32,24,0,4.0,8.0
1359534,Sandeep Sharma,33,24,1,4.0,8.25
1359534,WD Parnell,9,18,3,3.0,3.0
1359534,YS Chahal,36,24,0,4.0,9.0
1359535,CV Varun,34,24,2,4.0,8.5
1359535,DL Chahar,25,18,3,3.0,8.33
1359535,Harshit Rana,19,12,0,2.0,9.5
1359535,M Pathirana,16,18,1,3.0,5.33
1359535,M Theekshana,22,18,0,3.0,7.33
1359535,MM Ali,31,24,0,4.0,7.75
1359535,RA Jadeja,18,12,0,2.0,9.0
1359535,SN Thakur,14,18,1,3.0,4.67
1359535,SP Narine,15,24,2,4.0,3.75
1359535,Suyash Sharma,27,18,0,3.0,9.0
1359535,TU Deshpande,23,21,0,3.5,6.57
1359535,VG Arora,28,24,1,4.0,7.0
1359536,AK Markram,13,6,0,1.0,13.0
1359536,Abhishek Sharma,12,6,0,1.0,12.0
1359536,B Kumar,30,24,6,4.0,7.5
1359536,Fazalhaq Farooqi,30,18,1,3.0,10.0
1359536,M Jansen,23,24,1,4.0,5.75
1359536,M Markande,27,18,0,3.0,9.0
1359536,MM Sharma,28,24,4,4.0,7.0
1359536,Mohammed Shami,21,24,4,4.0,5.25
1359536,Noor Ahmad,34,17,0,2.8333333333333335,12.0
1359536,R Tewatia,7,7,0,1.1666666666666667,6.0
1359536,Rashid Khan,28,24,0,4.0,7.0
1359536,T Natarajan,34,24,1,4.0,8.5
1359536,Yash Dayal,27,24,1,4.0,6.75
1359537,Akash Madhwal,28,24,0,4.0,7.0
1359537,C Green,16,12,1,2.0,8.0
1359537,CJ Jordan,48,24,0,4.0,12.0
1359537,HR Shokeen,20,18,0,3.0,6.67
1359537,JP Behrendorff,29,24,2,4.0,7.25
1359537,KH Pandya,27,24,0,4.0,6.75
1359537,Mohsin Khan,24,18,1,3.0,8.0
1359537,Naveen-ul-Haq,36,24,0,4.0,9.0
1359537,PP Chawla,26,18,1,3.0,8.67
1359537,Ravi Bishnoi,25,24,2,4.0,6.25
1359537,Swapnil Singh,11,6,0,1.0,11.0
1359537,Yash Thakur,33,24,2,4.0,8.25
1359538,A Nortje,36,24,3,4.0,9.0
1359538,AR Patel,27,18,1,3.0,9.0
1359538,Arshdeep Singh,19,12,0,2.0,9.5
1359538,Harpreet Brar,37,18,0,3.0,12.33
1359538,I Sharma,29,18,2,3.0,9.67
1359538,K Rabada,36,18,0,3.0,12.0
1359538,KK Ahmed,15,18,1,3.0,5.0
1359538,Kuldeep Yadav,20,18,0,3.0,6.67
1359538,Mukesh Kumar,51,24,1,4.0,12.75
1359538,NT Ellis,46,24,0,4.0,11.5
1359538,RD Chahar,35,24,0,4.0,8.75
1359538,SM Curran,35,24,2,4.0,8.75
1359539,Abhishek Sharma,27,18,0,3.0,9.0
1359539,B Kumar,47,24,1,4.0,11.75
1359539,GD Phillips,10,6,0,1.0,10.0
1359539,HV Patel,35,24,1,4.0,8.75
1359539,KV Sharma,44,18,0,3.0,14.67
1359539,Kartik Tyagi,20,8,0,1.3333333333333333,15.0
1359539,MG Bracewell,13,12,2,2.0,6.5
1359539,Mayank Dagar,25,24,0,4.0,6.25
1359539,Mohammed Siraj,15,24,1,4.0,3.75
1359539,Nithish Kumar Reddy,18,12,0,2.0,9.0
1359539,Shahbaz Ahmed,38,18,1,3.0,12.67
1359539,T Natarajan,33,24,1,4.0,8.25
1359539,WD Parnell,35,24,0,4.0,8.75
1359540,A Zampa,26,24,1,4.0,6.5
1359540,Arshdeep Singh,37,24,1,4.0,9.25
1359540,K Rabada,38,24,2,4.0,9.5
1359540,NT Ellis,33,24,1,4.0,8.25
1359540,Navdeep Saini,39,24,3,4.0,9.75
1359540,RD Chahar,28,22,1,3.6666666666666665,7.64
1359540,SM Curran,44,24,1,4.0,11.0
1359540,Sandeep Sharma,43,24,0,4.0,10.75
1359540,TA Boult,34,24,1,4.0,8.5
1359540,YS Chahal,39,24,0,4.0,9.75
1359541,A Nortje,43,24,1,4.0,10.75
1359541,AR Patel,32,18,0,3.0,10.67
1359541,C Sakariya,30,24,1,4.0,7.5
1359541,DL Chahar,22,24,3,4.0,5.5
1359541,KK Ahmed,42,24,1,4.0,10.5
1359541,Kuldeep Yadav,34,18,0,3.0,11.33
1359541,Lalit Yadav,30,12,0,2.0,15.0
1359541,M Pathirana,16,24,2,4.0,4.0
1359541,M Theekshana,23,24,2,4.0,5.75
1359541,RA Jadeja,49,24,1,4.0,12.25
1359541,TU Deshpande,25,24,1,4.0,6.25
1359542,AD Russell,12,6,0,1.0,12.0
1359542,CV Varun,38,24,1,4.0,9.5
1359542,Harshit Rana,21,18,1,3.0,7.0
1359542,K Gowtham,24,24,1,4.0,6.0
1359542,KH Pandya,30,24,1,4.0,7.5
1359542,Mohsin Khan,15,6,0,1.0,15.0
1359542,N Rana,3,6,0,1.0,3.0
1359542,Naveen-ul-Haq,46,24,0,4.0,11.5
1359542,Ravi Bishnoi,23,24,2,4.0,5.75
1359542,SN Thakur,25,12,2,2.0,12.5
1359542,SP Narine,27,24,2,4.0,6.75
1359542,Suyash Sharma,12,6,0,1.0,12.0
1359542,VG Arora,26,24,2,4.0,6.5
1359542,Yash Thakur,28,18,3,3.0,9.33
1359543,AK Markram,1,1,0,0.16666666666666666,6.0
1359543,Akash Madhwal,35,24,4,4.0,8.75
1359543,B Kumar,26,24,1,4.0,6.5
1359543,C Green,2,6,0,1.0,2.0
1359543,CJ Jordan,41,24,1,4.0,10.25
1359543,JP Behrendorff,33,18,0,3.0,11.0
1359543,K Kartikeya,37,24,0,4.0,9.25
1359543,Kartik Tyagi,31,17,0,2.8333333333333335,10.94
1359543,Mayank Dagar,37,24,1,4.0,9.25
1359543,Nithish Kumar Reddy,35,18,0,3.0,11.67
1359543,PP Chawla,39,24,0,4.0,9.75
1359543,Umran Malik,41,18,0,3.0,13.67
1359543,Vivrant Sharma,11,6,0,1.0,11.0
1359544,H Sharma,28,18,0,3.0,9.33
1359544,HV Patel,27,24,1,4.0,6.75
1359544,MG Bracewell,16,6,0,1.0,16.0
1359544,MM Sharma,52,24,0,4.0,13.0
1359544,Mohammed Shami,38,24,1,4.0,9.5
1359544,Mohammed Siraj,30,24,2,4.0,7.5
1359544,Noor Ahmad,37,24,1,4.0,9.25
1359544,Rashid Khan,24,24,1,4.0,6.0
1359544,Vijaykumar Vyshak,38,24,1,4.0,9.5
1359544,WD Parnell,40,19,0,3.1666666666666665,12.63
1359544,Yash Dayal,39,24,1,4.0,9.75
1370350,DG Nalkande,43,24,1,4.0,10.75
1370350,DL Chahar,26,24,2,4.0,6.5
1370350,M Pathirana,29,24,3,4.0,7.25
1370350,M Theekshana,28,24,2,4.0,7.0
1370350,MM Sharma,31,24,2,4.0,7.75
1370350,Mohammed Shami,27,24,2,4.0,6.75
1370350,Noor Ahmad,29,24,1,4.0,7.25
1370350,RA Jadeja,18,24,2,4.0,4.5
1370350,Rashid Khan,37,24,1,4.0,9.25
1370350,TU Deshpande,41,24,1,4.0,10.25
1370351,Akash Madhwal,5,21,6,3.5,1.43
1370351,C Green,15,18,1,3.0,5.0
1370351,CJ Jordan,7,12,1,2.0,3.5
1370351,HR Shokeen,17,6,0,1.0,17.0
1370351,JP Behrendorff,21,18,0,3.0,7.0
1370351,K Gowtham,8,6,0,1.0,8.0
1370351,KH Pandya,38,24,0,4.0,9.5
1370351,Mohsin Khan,24,18,1,3.0,8.0
1370351,Naveen-ul-Haq,35,24,4,4.0,8.75
1370351,PP Chawla,26,24,2,4.0,6.5
1370351,Ravi Bishnoi,29,24,0,4.0,7.25
1370351,Yash Thakur,32,24,3,4.0,8.0
1370352,Akash Madhwal,45,24,2,4.0,11.25
1370352,C Green,35,18,0,3.0,11.67
1370352,CJ Jordan,51,24,0,4.0,12.75
1370352,HH Pandya,23,12,0,2.0,11.5
1370352,J Little,25,18,1,3.0,8.33
1370352,JP Behrendorff,28,24,0,4.0,7.0
1370352,K Kartikeya,15,12,0,2.0,7.5
1370352,MM Sharma,10,14,5,2.3333333333333335,4.29
1370352,Mohammed Shami,41,18,2,3.0,13.67
1370352,Noor Ahmad,32,24,0,4.0,8.0
1370352,PP Chawla,44,18,0,3.0,14.67
1370352,Rashid Khan,32,24,2,4.0,8.0
1370353,DL Chahar,38,24,1,4.0,9.5
1370353,HH Pandya,13,6,0,1.0,13.0
1370353,J Little,30,12,0,2.0,15.0
1370353,M Pathirana,42,24,2,4.0,10.5
1370353,M Theekshana,36,24,0,4.0,9.0
1370353,MM Sharma,36,18,3,3.0,12.0
1370353,Mohammed Shami,29,18,0,3.0,9.67
1370353,Noor Ahmad,14,18,2,3.0,4.67
1370353,RA Jadeja,38,24,1,4.0,9.5
1370353,Rashid Khan,44,18,0,3.0,14.67
1370353,TU Deshpande,56,24,0,4.0,14.0
